#2026 05 24 18:42:50.983#Z#DEBUG#3ea96a42-57a0-11f1-b455-eeee0a8493c0.field-task-cap-srv#flowable-async-job-executor-thread-13161#
[PollStageAppStatusExecution] 13d670fa-b3d9-45a2-a5fe-b1c4b2817661 [2026-05-24T18:42:11.423106] Added process: "web" (STDOUT, API)#
#2026 05 24 18:42:50.983#Z#DEBUG#3ea96a42-57a0-11f1-b455-eeee0a8493c0.field-task-cap-srv#flowable-async-job-executor-thread-13161#
[PollStageAppStatusExecution] 13d670fa-b3d9-45a2-a5fe-b1c4b2817661 [2026-05-24T18:42:11.429813] Created app with guid 13d670fa-b3d9-45a2-a5fe-b1c4b2817661 (STDOUT, API)#
#2026 05 24 18:42:50.983#Z#DEBUG#3ea96a42-57a0-11f1-b455-eeee0a8493c0.field-task-cap-srv#flowable-async-job-executor-thread-13161#
[PollStageAppStatusExecution] 13d670fa-b3d9-45a2-a5fe-b1c4b2817661 [2026-05-24T18:42:11.524764] Updating process: "web" (STDOUT, API)#
#2026 05 24 18:42:50.983#Z#DEBUG#3ea96a42-57a0-11f1-b455-eeee0a8493c0.field-task-cap-srv#flowable-async-job-executor-thread-13161#
[PollStageAppStatusExecution] 13d670fa-b3d9-45a2-a5fe-b1c4b2817661 [2026-05-24T18:42:11.577753] Scaling process: "web" (STDOUT, API)#
#2026 05 24 18:42:50.983#Z#DEBUG#3ea96a42-57a0-11f1-b455-eeee0a8493c0.field-task-cap-srv#flowable-async-job-executor-thread-13161#
[PollStageAppStatusExecution] 13d670fa-b3d9-45a2-a5fe-b1c4b2817661 [2026-05-24T18:42:31.068875] Uploading app package for app with guid 13d670fa-b3d9-45a2-a5fe-b1c4b2817661 (STDOUT, API)#
#2026 05 24 18:42:50.983#Z#DEBUG#3ea96a42-57a0-11f1-b455-eeee0a8493c0.field-task-cap-srv#flowable-async-job-executor-thread-13161#
[PollStageAppStatusExecution] 13d670fa-b3d9-45a2-a5fe-b1c4b2817661 [2026-05-24T18:42:31.312277] Updated app with guid 13d670fa-b3d9-45a2-a5fe-b1c4b2817661 ({"environment_variables"=>"[PRIVATE DATA HIDDEN]"}) (STDOUT, API)#
#2026 05 24 18:42:50.983#Z#DEBUG#3ea96a42-57a0-11f1-b455-eeee0a8493c0.field-task-cap-srv#flowable-async-job-executor-thread-13161#
[PollStageAppStatusExecution] 13d670fa-b3d9-45a2-a5fe-b1c4b2817661 [2026-05-24T18:42:41.111877] Creating build for app with guid 13d670fa-b3d9-45a2-a5fe-b1c4b2817661 (STDOUT, API)#
#2026 05 24 18:42:50.983#Z#DEBUG#3ea96a42-57a0-11f1-b455-eeee0a8493c0.field-task-cap-srv#flowable-async-job-executor-thread-13161#
[PollStageAppStatusExecution] 13d670fa-b3d9-45a2-a5fe-b1c4b2817661 [2026-05-24T18:42:41.592517] Downloading nodejs_buildpack... (STDOUT, STG)#
#2026 05 24 18:42:50.983#Z#DEBUG#3ea96a42-57a0-11f1-b455-eeee0a8493c0.field-task-cap-srv#flowable-async-job-executor-thread-13161#
[PollStageAppStatusExecution] 13d670fa-b3d9-45a2-a5fe-b1c4b2817661 [2026-05-24T18:42:41.644450] Downloaded nodejs_buildpack (STDOUT, STG)#
#2026 05 24 18:42:50.983#Z#DEBUG#3ea96a42-57a0-11f1-b455-eeee0a8493c0.field-task-cap-srv#flowable-async-job-executor-thread-13161#
[PollStageAppStatusExecution] 13d670fa-b3d9-45a2-a5fe-b1c4b2817661 [2026-05-24T18:42:41.644548] Cell 77283d80-dfa7-40ba-ba4e-265aef112085 creating container for instance 76f2cb57-aa60-42f0-b398-286d9b956af9 (STDOUT, STG)#
#2026 05 24 18:42:50.983#Z#DEBUG#3ea96a42-57a0-11f1-b455-eeee0a8493c0.field-task-cap-srv#flowable-async-job-executor-thread-13161#
[PollStageAppStatusExecution] 13d670fa-b3d9-45a2-a5fe-b1c4b2817661 [2026-05-24T18:42:42.431928] Security group rules were updated (STDOUT, STG)#
#2026 05 24 18:42:50.983#Z#DEBUG#3ea96a42-57a0-11f1-b455-eeee0a8493c0.field-task-cap-srv#flowable-async-job-executor-thread-13161#
[PollStageAppStatusExecution] 13d670fa-b3d9-45a2-a5fe-b1c4b2817661 [2026-05-24T18:42:42.536829] Cell 77283d80-dfa7-40ba-ba4e-265aef112085 successfully created container for instance 76f2cb57-aa60-42f0-b398-286d9b956af9 (STDOUT, STG)#
#2026 05 24 18:42:50.983#Z#DEBUG#3ea96a42-57a0-11f1-b455-eeee0a8493c0.field-task-cap-srv#flowable-async-job-executor-thread-13161#
[PollStageAppStatusExecution] 13d670fa-b3d9-45a2-a5fe-b1c4b2817661 [2026-05-24T18:42:43.138974] Downloading app package... (STDOUT, STG)#
#2026 05 24 18:42:50.983#Z#DEBUG#3ea96a42-57a0-11f1-b455-eeee0a8493c0.field-task-cap-srv#flowable-async-job-executor-thread-13161#
[PollStageAppStatusExecution] 13d670fa-b3d9-45a2-a5fe-b1c4b2817661 [2026-05-24T18:42:43.632321] Downloaded app package (3.4M) (STDOUT, STG)#
#2026 05 24 18:42:50.983#Z#DEBUG#3ea96a42-57a0-11f1-b455-eeee0a8493c0.field-task-cap-srv#flowable-async-job-executor-thread-13161#
[PollStageAppStatusExecution] 13d670fa-b3d9-45a2-a5fe-b1c4b2817661 [2026-05-24T18:42:43.752808] -----> Nodejs Buildpack version 1.8.44 (STDOUT, STG)#
#2026 05 24 18:42:50.983#Z#DEBUG#3ea96a42-57a0-11f1-b455-eeee0a8493c0.field-task-cap-srv#flowable-async-job-executor-thread-13161#
[PollStageAppStatusExecution] 13d670fa-b3d9-45a2-a5fe-b1c4b2817661 [2026-05-24T18:42:44.033924] -----> Bootstrapping python (STDOUT, STG)#
#2026 05 24 18:42:50.983#Z#DEBUG#3ea96a42-57a0-11f1-b455-eeee0a8493c0.field-task-cap-srv#flowable-async-job-executor-thread-13161#
[PollStageAppStatusExecution] 13d670fa-b3d9-45a2-a5fe-b1c4b2817661 [2026-05-24T18:42:44.033978] -----> Installing python 3.11.14 (STDOUT, STG)#
#2026 05 24 18:42:50.983#Z#DEBUG#3ea96a42-57a0-11f1-b455-eeee0a8493c0.field-task-cap-srv#flowable-async-job-executor-thread-13161#
[PollStageAppStatusExecution] 13d670fa-b3d9-45a2-a5fe-b1c4b2817661 [2026-05-24T18:42:44.033999] Copy [/tmp/buildpacks/978cee5ec9c58000/dependencies/b5e0345ae0ae1932e7d56fffaa49a487/python_3.11.14_linux_x64_cflinuxfs4_66f53248.tgz] (STDOUT, STG)#
#2026 05 24 18:42:50.983#Z#DEBUG#3ea96a42-57a0-11f1-b455-eeee0a8493c0.field-task-cap-srv#flowable-async-job-executor-thread-13161#
[PollStageAppStatusExecution] 13d670fa-b3d9-45a2-a5fe-b1c4b2817661 [2026-05-24T18:42:48.331179] -----> Installing binaries (STDOUT, STG)#
#2026 05 24 18:42:50.983#Z#DEBUG#3ea96a42-57a0-11f1-b455-eeee0a8493c0.field-task-cap-srv#flowable-async-job-executor-thread-13161#
[PollStageAppStatusExecution] 13d670fa-b3d9-45a2-a5fe-b1c4b2817661 [2026-05-24T18:42:48.331517] engines.node (package.json): >=20 (STDOUT, STG)#
#2026 05 24 18:42:50.983#Z#DEBUG#3ea96a42-57a0-11f1-b455-eeee0a8493c0.field-task-cap-srv#flowable-async-job-executor-thread-13161#
[PollStageAppStatusExecution] 13d670fa-b3d9-45a2-a5fe-b1c4b2817661 [2026-05-24T18:42:48.331534] engines.npm (package.json): unspecified (use default) (STDOUT, STG)#
#2026 05 24 18:42:50.983#Z#DEBUG#3ea96a42-57a0-11f1-b455-eeee0a8493c0.field-task-cap-srv#flowable-async-job-executor-thread-13161#
[PollStageAppStatusExecution] 13d670fa-b3d9-45a2-a5fe-b1c4b2817661 [2026-05-24T18:42:48.331648] [31;1m**WARNING**[0m Dangerous semver range (>) in engines.node. See: http://docs.cloudfoundry.org/buildpacks/node/node-tips.html (STDOUT, STG)#
#2026 05 24 18:42:50.983#Z#DEBUG#3ea96a42-57a0-11f1-b455-eeee0a8493c0.field-task-cap-srv#flowable-async-job-executor-thread-13161#
[PollStageAppStatusExecution] 13d670fa-b3d9-45a2-a5fe-b1c4b2817661 [2026-05-24T18:42:48.332168] -----> Installing node 24.13.0 (STDOUT, STG)#
#2026 05 24 18:42:50.983#Z#DEBUG#3ea96a42-57a0-11f1-b455-eeee0a8493c0.field-task-cap-srv#flowable-async-job-executor-thread-13161#
[PollStageAppStatusExecution] 13d670fa-b3d9-45a2-a5fe-b1c4b2817661 [2026-05-24T18:42:48.332605] Copy [/tmp/buildpacks/978cee5ec9c58000/dependencies/2f5692219fecc3eee6e6d507a6bfe7b9/node_24.13.0_linux_x64_cflinuxfs4_a816dee1.tgz] (STDOUT, STG)#
#2026 05 24 18:43:00.999#Z#DEBUG#3ea96a42-57a0-11f1-b455-eeee0a8493c0.field-task-cap-srv#flowable-async-job-executor-thread-13166#
[PollStageAppStatusExecution] 13d670fa-b3d9-45a2-a5fe-b1c4b2817661 [2026-05-24T18:42:51.177186] Using default npm version: 11.6.2 (STDOUT, STG)#
#2026 05 24 18:43:00.999#Z#DEBUG#3ea96a42-57a0-11f1-b455-eeee0a8493c0.field-task-cap-srv#flowable-async-job-executor-thread-13166#
[PollStageAppStatusExecution] 13d670fa-b3d9-45a2-a5fe-b1c4b2817661 [2026-05-24T18:42:51.177220] -----> Installing yarn 1.22.22 (STDOUT, STG)#
#2026 05 24 18:43:00.999#Z#DEBUG#3ea96a42-57a0-11f1-b455-eeee0a8493c0.field-task-cap-srv#flowable-async-job-executor-thread-13166#
[PollStageAppStatusExecution] 13d670fa-b3d9-45a2-a5fe-b1c4b2817661 [2026-05-24T18:42:51.177386] Copy [/tmp/buildpacks/978cee5ec9c58000/dependencies/e3a39aedd1236924d69cc2d0637a8ed2/yarn_1.22.22_linux_noarch_any-stack_4911d0a6.tgz] (STDOUT, STG)#
#2026 05 24 18:43:00.999#Z#DEBUG#3ea96a42-57a0-11f1-b455-eeee0a8493c0.field-task-cap-srv#flowable-async-job-executor-thread-13166#
[PollStageAppStatusExecution] 13d670fa-b3d9-45a2-a5fe-b1c4b2817661 [2026-05-24T18:42:51.576425] Installed yarn 1.22.22 (STDOUT, STG)#
#2026 05 24 18:43:00.999#Z#DEBUG#3ea96a42-57a0-11f1-b455-eeee0a8493c0.field-task-cap-srv#flowable-async-job-executor-thread-13166#
[PollStageAppStatusExecution] 13d670fa-b3d9-45a2-a5fe-b1c4b2817661 [2026-05-24T18:42:51.576454] -----> Creating runtime environment (STDOUT, STG)#
#2026 05 24 18:43:00.999#Z#DEBUG#3ea96a42-57a0-11f1-b455-eeee0a8493c0.field-task-cap-srv#flowable-async-job-executor-thread-13166#
[PollStageAppStatusExecution] 13d670fa-b3d9-45a2-a5fe-b1c4b2817661 [2026-05-24T18:42:51.578240] NODE_ENV=production (STDOUT, STG)#
#2026 05 24 18:43:00.999#Z#DEBUG#3ea96a42-57a0-11f1-b455-eeee0a8493c0.field-task-cap-srv#flowable-async-job-executor-thread-13166#
[PollStageAppStatusExecution] 13d670fa-b3d9-45a2-a5fe-b1c4b2817661 [2026-05-24T18:42:51.578288] NODE_HOME=/tmp/contents3663858841/deps/0/node (STDOUT, STG)#
#2026 05 24 18:43:00.999#Z#DEBUG#3ea96a42-57a0-11f1-b455-eeee0a8493c0.field-task-cap-srv#flowable-async-job-executor-thread-13166#
[PollStageAppStatusExecution] 13d670fa-b3d9-45a2-a5fe-b1c4b2817661 [2026-05-24T18:42:51.578291] NODE_MODULES_CACHE=true (STDOUT, STG)#
#2026 05 24 18:43:00.999#Z#DEBUG#3ea96a42-57a0-11f1-b455-eeee0a8493c0.field-task-cap-srv#flowable-async-job-executor-thread-13166#
[PollStageAppStatusExecution] 13d670fa-b3d9-45a2-a5fe-b1c4b2817661 [2026-05-24T18:42:51.578293] NODE_VERBOSE=false (STDOUT, STG)#
#2026 05 24 18:43:00.999#Z#DEBUG#3ea96a42-57a0-11f1-b455-eeee0a8493c0.field-task-cap-srv#flowable-async-job-executor-thread-13166#
[PollStageAppStatusExecution] 13d670fa-b3d9-45a2-a5fe-b1c4b2817661 [2026-05-24T18:42:51.578296] NPM_CONFIG_LOGLEVEL=error (STDOUT, STG)#
#2026 05 24 18:43:00.999#Z#DEBUG#3ea96a42-57a0-11f1-b455-eeee0a8493c0.field-task-cap-srv#flowable-async-job-executor-thread-13166#
[PollStageAppStatusExecution] 13d670fa-b3d9-45a2-a5fe-b1c4b2817661 [2026-05-24T18:42:51.578300] NPM_CONFIG_PRODUCTION=true (STDOUT, STG)#
#2026 05 24 18:43:00.999#Z#DEBUG#3ea96a42-57a0-11f1-b455-eeee0a8493c0.field-task-cap-srv#flowable-async-job-executor-thread-13166#
[PollStageAppStatusExecution] 13d670fa-b3d9-45a2-a5fe-b1c4b2817661 [2026-05-24T18:42:51.578310] -----> Building dependencies (STDOUT, STG)#
#2026 05 24 18:43:00.999#Z#DEBUG#3ea96a42-57a0-11f1-b455-eeee0a8493c0.field-task-cap-srv#flowable-async-job-executor-thread-13166#
[PollStageAppStatusExecution] 13d670fa-b3d9-45a2-a5fe-b1c4b2817661 [2026-05-24T18:42:51.578316] Prebuild detected (node_modules already exists) (STDOUT, STG)#
#2026 05 24 18:43:00.999#Z#DEBUG#3ea96a42-57a0-11f1-b455-eeee0a8493c0.field-task-cap-srv#flowable-async-job-executor-thread-13166#
[PollStageAppStatusExecution] 13d670fa-b3d9-45a2-a5fe-b1c4b2817661 [2026-05-24T18:42:51.578333] Rebuilding any native modules (STDOUT, STG)#
#2026 05 24 18:43:00.999#Z#DEBUG#3ea96a42-57a0-11f1-b455-eeee0a8493c0.field-task-cap-srv#flowable-async-job-executor-thread-13166#
[PollStageAppStatusExecution] 13d670fa-b3d9-45a2-a5fe-b1c4b2817661 [2026-05-24T18:42:52.336703] rebuilt dependencies successfully (STDOUT, STG)#
#2026 05 24 18:43:00.999#Z#DEBUG#3ea96a42-57a0-11f1-b455-eeee0a8493c0.field-task-cap-srv#flowable-async-job-executor-thread-13166#
[PollStageAppStatusExecution] 13d670fa-b3d9-45a2-a5fe-b1c4b2817661 [2026-05-24T18:42:52.338588] npm notice (STDOUT, STG)#
#2026 05 24 18:43:00.999#Z#DEBUG#3ea96a42-57a0-11f1-b455-eeee0a8493c0.field-task-cap-srv#flowable-async-job-executor-thread-13166#
[PollStageAppStatusExecution] 13d670fa-b3d9-45a2-a5fe-b1c4b2817661 [2026-05-24T18:42:52.338604] npm notice New minor version of npm available! 11.6.2 -> 11.15.0 (STDOUT, STG)#
#2026 05 24 18:43:00.999#Z#DEBUG#3ea96a42-57a0-11f1-b455-eeee0a8493c0.field-task-cap-srv#flowable-async-job-executor-thread-13166#
[PollStageAppStatusExecution] 13d670fa-b3d9-45a2-a5fe-b1c4b2817661 [2026-05-24T18:42:52.338611] npm notice Changelog: https://github.com/npm/cli/releases/tag/v11.15.0 (STDOUT, STG)#
#2026 05 24 18:43:00.999#Z#DEBUG#3ea96a42-57a0-11f1-b455-eeee0a8493c0.field-task-cap-srv#flowable-async-job-executor-thread-13166#
[PollStageAppStatusExecution] 13d670fa-b3d9-45a2-a5fe-b1c4b2817661 [2026-05-24T18:42:52.338614] npm notice To update run: npm install -g npm@11.15.0 (STDOUT, STG)#
#2026 05 24 18:43:00.999#Z#DEBUG#3ea96a42-57a0-11f1-b455-eeee0a8493c0.field-task-cap-srv#flowable-async-job-executor-thread-13166#
[PollStageAppStatusExecution] 13d670fa-b3d9-45a2-a5fe-b1c4b2817661 [2026-05-24T18:42:52.338616] npm notice (STDOUT, STG)#
#2026 05 24 18:43:00.999#Z#DEBUG#3ea96a42-57a0-11f1-b455-eeee0a8493c0.field-task-cap-srv#flowable-async-job-executor-thread-13166#
[PollStageAppStatusExecution] 13d670fa-b3d9-45a2-a5fe-b1c4b2817661 [2026-05-24T18:42:52.415372] Installing any new modules (package.json + package-lock.json) (STDOUT, STG)#
#2026 05 24 18:43:00.999#Z#DEBUG#3ea96a42-57a0-11f1-b455-eeee0a8493c0.field-task-cap-srv#flowable-async-job-executor-thread-13166#
[PollStageAppStatusExecution] 13d670fa-b3d9-45a2-a5fe-b1c4b2817661 [2026-05-24T18:42:53.228012] up to date in 727ms (STDOUT, STG)#
#2026 05 24 18:43:00.999#Z#DEBUG#3ea96a42-57a0-11f1-b455-eeee0a8493c0.field-task-cap-srv#flowable-async-job-executor-thread-13166#
[PollStageAppStatusExecution] 13d670fa-b3d9-45a2-a5fe-b1c4b2817661 [2026-05-24T18:42:53.228403] 27 packages are looking for funding (STDOUT, STG)#
#2026 05 24 18:43:00.999#Z#DEBUG#3ea96a42-57a0-11f1-b455-eeee0a8493c0.field-task-cap-srv#flowable-async-job-executor-thread-13166#
[PollStageAppStatusExecution] 13d670fa-b3d9-45a2-a5fe-b1c4b2817661 [2026-05-24T18:42:53.228549] run `npm fund` for details (STDOUT, STG)#
#2026 05 24 18:43:00.999#Z#DEBUG#3ea96a42-57a0-11f1-b455-eeee0a8493c0.field-task-cap-srv#flowable-async-job-executor-thread-13166#
[PollStageAppStatusExecution] 13d670fa-b3d9-45a2-a5fe-b1c4b2817661 [2026-05-24T18:42:54.063570] Contrast Security no credentials found. Will not write environment files. (STDOUT, STG)#
#2026 05 24 18:43:11.043#Z#DEBUG#3ea96a42-57a0-11f1-b455-eeee0a8493c0.field-task-cap-srv#flowable-async-job-executor-thread-5754#
[PollStageAppStatusExecution] 13d670fa-b3d9-45a2-a5fe-b1c4b2817661 [2026-05-24T18:43:03.701380] Exit status 0 (STDOUT, STG)#
#2026 05 24 18:43:11.043#Z#DEBUG#3ea96a42-57a0-11f1-b455-eeee0a8493c0.field-task-cap-srv#flowable-async-job-executor-thread-5754#
[PollStageAppStatusExecution] 13d670fa-b3d9-45a2-a5fe-b1c4b2817661 [2026-05-24T18:43:03.701445] Uploading droplet, build artifacts cache... (STDOUT, STG)#
#2026 05 24 18:43:11.043#Z#DEBUG#3ea96a42-57a0-11f1-b455-eeee0a8493c0.field-task-cap-srv#flowable-async-job-executor-thread-5754#
[PollStageAppStatusExecution] 13d670fa-b3d9-45a2-a5fe-b1c4b2817661 [2026-05-24T18:43:03.701489] Uploading droplet... (STDOUT, STG)#
#2026 05 24 18:43:11.043#Z#DEBUG#3ea96a42-57a0-11f1-b455-eeee0a8493c0.field-task-cap-srv#flowable-async-job-executor-thread-5754#
[PollStageAppStatusExecution] 13d670fa-b3d9-45a2-a5fe-b1c4b2817661 [2026-05-24T18:43:03.701879] Uploading build artifacts cache... (STDOUT, STG)#
#2026 05 24 18:43:11.043#Z#DEBUG#3ea96a42-57a0-11f1-b455-eeee0a8493c0.field-task-cap-srv#flowable-async-job-executor-thread-5754#
[PollStageAppStatusExecution] 13d670fa-b3d9-45a2-a5fe-b1c4b2817661 [2026-05-24T18:43:03.731435] Uploaded build artifacts cache (220B) (STDOUT, STG)#
#2026 05 24 18:43:11.043#Z#DEBUG#3ea96a42-57a0-11f1-b455-eeee0a8493c0.field-task-cap-srv#flowable-async-job-executor-thread-5754#
[PollStageAppStatusExecution] 13d670fa-b3d9-45a2-a5fe-b1c4b2817661 [2026-05-24T18:43:04.383398] Creating droplet for app with guid 13d670fa-b3d9-45a2-a5fe-b1c4b2817661 (STDOUT, API)#
#2026 05 24 18:43:11.043#Z#DEBUG#3ea96a42-57a0-11f1-b455-eeee0a8493c0.field-task-cap-srv#flowable-async-job-executor-thread-5754#
[PollStageAppStatusExecution] 13d670fa-b3d9-45a2-a5fe-b1c4b2817661 [2026-05-24T18:43:06.453042] Uploaded droplet (59.1M) (STDOUT, STG)#
#2026 05 24 18:43:11.043#Z#DEBUG#3ea96a42-57a0-11f1-b455-eeee0a8493c0.field-task-cap-srv#flowable-async-job-executor-thread-5754#
[PollStageAppStatusExecution] 13d670fa-b3d9-45a2-a5fe-b1c4b2817661 [2026-05-24T18:43:06.474769] Uploading complete (STDOUT, STG)#
#2026 05 24 18:43:11.043#Z#DEBUG#3ea96a42-57a0-11f1-b455-eeee0a8493c0.field-task-cap-srv#flowable-async-job-executor-thread-5754#
[PollStageAppStatusExecution] 13d670fa-b3d9-45a2-a5fe-b1c4b2817661 [2026-05-24T18:43:07.167773] Cell 77283d80-dfa7-40ba-ba4e-265aef112085 stopping instance 76f2cb57-aa60-42f0-b398-286d9b956af9 (STDOUT, STG)#
#2026 05 24 18:43:11.043#Z#DEBUG#3ea96a42-57a0-11f1-b455-eeee0a8493c0.field-task-cap-srv#flowable-async-job-executor-thread-5754#
[PollStageAppStatusExecution] 13d670fa-b3d9-45a2-a5fe-b1c4b2817661 [2026-05-24T18:43:07.167846] Cell 77283d80-dfa7-40ba-ba4e-265aef112085 destroying container for instance 76f2cb57-aa60-42f0-b398-286d9b956af9 (STDOUT, STG)#
#2026 05 24 18:43:11.043#Z#DEBUG#3ea96a42-57a0-11f1-b455-eeee0a8493c0.field-task-cap-srv#flowable-async-job-executor-thread-5754#
[PollStageAppStatusExecution] 13d670fa-b3d9-45a2-a5fe-b1c4b2817661 [2026-05-24T18:43:07.217134] Staging complete for build 76f2cb57-aa60-42f0-b398-286d9b956af9 (STDOUT, API)#
#2026 05 24 18:43:11.043#Z#DEBUG#3ea96a42-57a0-11f1-b455-eeee0a8493c0.field-task-cap-srv#flowable-async-job-executor-thread-5754#
[PollStageAppStatusExecution] 13d670fa-b3d9-45a2-a5fe-b1c4b2817661 [2026-05-24T18:43:10.239718] Cell 77283d80-dfa7-40ba-ba4e-265aef112085 successfully destroyed container for instance 76f2cb57-aa60-42f0-b398-286d9b956af9 (STDOUT, STG)#
#2026 05 24 18:43:21.016#Z#DEBUG#3ea96a42-57a0-11f1-b455-eeee0a8493c0.field-task-cap-srv#flowable-async-job-executor-thread-13173#
[PollStartAppStatusExecution] 13d670fa-b3d9-45a2-a5fe-b1c4b2817661 [2026-05-24T18:43:11.117152] Updated app with guid 13d670fa-b3d9-45a2-a5fe-b1c4b2817661 ({:droplet_guid=>"f00f8417-5f19-425c-9b29-ef4b1da44fae"}) (STDOUT, API)#
#2026 05 24 18:43:21.016#Z#DEBUG#3ea96a42-57a0-11f1-b455-eeee0a8493c0.field-task-cap-srv#flowable-async-job-executor-thread-13173#
[PollStartAppStatusExecution] 13d670fa-b3d9-45a2-a5fe-b1c4b2817661 [2026-05-24T18:43:11.344845] Creating revision for app with guid 13d670fa-b3d9-45a2-a5fe-b1c4b2817661 (STDOUT, API)#
#2026 05 24 18:43:21.016#Z#DEBUG#3ea96a42-57a0-11f1-b455-eeee0a8493c0.field-task-cap-srv#flowable-async-job-executor-thread-13173#
[PollStartAppStatusExecution] 13d670fa-b3d9-45a2-a5fe-b1c4b2817661 [2026-05-24T18:43:11.385628] Starting app with guid 13d670fa-b3d9-45a2-a5fe-b1c4b2817661 (STDOUT, API)#
#2026 05 24 18:43:21.016#Z#DEBUG#3ea96a42-57a0-11f1-b455-eeee0a8493c0.field-task-cap-srv#flowable-async-job-executor-thread-13173#
[PollStartAppStatusExecution] 13d670fa-b3d9-45a2-a5fe-b1c4b2817661 [2026-05-24T18:43:11.777983] Cell 77283d80-dfa7-40ba-ba4e-265aef112085 creating container for instance 5c5a03d3-22af-4c6c-66bb-38c3 (STDOUT, CELL)#
#2026 05 24 18:43:21.016#Z#DEBUG#3ea96a42-57a0-11f1-b455-eeee0a8493c0.field-task-cap-srv#flowable-async-job-executor-thread-13173#
[PollStartAppStatusExecution] 13d670fa-b3d9-45a2-a5fe-b1c4b2817661 [2026-05-24T18:43:12.580967] Security group rules were updated (STDOUT, CELL)#
#2026 05 24 18:43:21.016#Z#DEBUG#3ea96a42-57a0-11f1-b455-eeee0a8493c0.field-task-cap-srv#flowable-async-job-executor-thread-13173#
[PollStartAppStatusExecution] 13d670fa-b3d9-45a2-a5fe-b1c4b2817661 [2026-05-24T18:43:12.690617] Cell 77283d80-dfa7-40ba-ba4e-265aef112085 successfully created container for instance 5c5a03d3-22af-4c6c-66bb-38c3 (STDOUT, CELL)#
#2026 05 24 18:43:21.016#Z#DEBUG#3ea96a42-57a0-11f1-b455-eeee0a8493c0.field-task-cap-srv#flowable-async-job-executor-thread-13173#
[PollStartAppStatusExecution] 13d670fa-b3d9-45a2-a5fe-b1c4b2817661 [2026-05-24T18:43:13.017263] Downloading droplet... (STDOUT, CELL)#
#2026 05 24 18:43:21.016#Z#DEBUG#3ea96a42-57a0-11f1-b455-eeee0a8493c0.field-task-cap-srv#flowable-async-job-executor-thread-13173#
[PollStartAppStatusExecution] 13d670fa-b3d9-45a2-a5fe-b1c4b2817661 [2026-05-24T18:43:17.679517] Downloaded droplet (59.1M) (STDOUT, CELL)#
#2026 05 24 18:43:21.016#Z#DEBUG#3ea96a42-57a0-11f1-b455-eeee0a8493c0.field-task-cap-srv#flowable-async-job-executor-thread-13173#
[PollStartAppStatusExecution] 13d670fa-b3d9-45a2-a5fe-b1c4b2817661 [2026-05-24T18:43:17.679644] Starting health monitoring of container (STDOUT, CELL)#
#2026 05 24 18:43:21.016#Z#DEBUG#3ea96a42-57a0-11f1-b455-eeee0a8493c0.field-task-cap-srv#flowable-async-job-executor-thread-13173#
[PollStartAppStatusExecution] 13d670fa-b3d9-45a2-a5fe-b1c4b2817661 [2026-05-24T18:43:17.811642] Invoking pre-start scripts. (STDOUT, APP/PROC/WEB)#
#2026 05 24 18:43:21.016#Z#DEBUG#3ea96a42-57a0-11f1-b455-eeee0a8493c0.field-task-cap-srv#flowable-async-job-executor-thread-13173#
[PollStartAppStatusExecution] 13d670fa-b3d9-45a2-a5fe-b1c4b2817661 [2026-05-24T18:43:18.023293] Invoking start command. (STDOUT, APP/PROC/WEB)#
#2026 05 24 18:43:21.016#Z#DEBUG#3ea96a42-57a0-11f1-b455-eeee0a8493c0.field-task-cap-srv#flowable-async-job-executor-thread-13173#
[PollStartAppStatusExecution] 13d670fa-b3d9-45a2-a5fe-b1c4b2817661 [2026-05-24T18:43:18.494724] > field-task-cap@1.0.0 start (STDOUT, APP/PROC/WEB)#
#2026 05 24 18:43:21.016#Z#DEBUG#3ea96a42-57a0-11f1-b455-eeee0a8493c0.field-task-cap-srv#flowable-async-job-executor-thread-13173#
[PollStartAppStatusExecution] 13d670fa-b3d9-45a2-a5fe-b1c4b2817661 [2026-05-24T18:43:18.494753] > cds-serve (STDOUT, APP/PROC/WEB)#
#2026 05 24 18:43:21.016#Z#DEBUG#3ea96a42-57a0-11f1-b455-eeee0a8493c0.field-task-cap-srv#flowable-async-job-executor-thread-13173#
[PollStartAppStatusExecution] 13d670fa-b3d9-45a2-a5fe-b1c4b2817661 [2026-05-24T18:43:18.790038] {"level":"info","logger":"cds","timestamp":"2026-05-24T18:43:18.788Z","layer":"cds","component_type":"application","container_id":"10.32.3.6","component_id":"13d670fa-b3d9-45a2-a5fe-b1c4b2817661","component_name":"field-task-cap-srv","component_instance":0,"source_instance":0,"organization_name":"ca469c8atrial","organization_id":"a0cee0f7-f2bc-42d8-a02f-0c584ac68d52","space_name":"dev","space_id":"46e1c057-a44f-4d17-9493-f13823b5dffd","msg":"loaded model from 1 file(s):\n ","type":"log"} (STDOUT, APP/PROC/WEB)#
#2026 05 24 18:43:21.016#Z#DEBUG#3ea96a42-57a0-11f1-b455-eeee0a8493c0.field-task-cap-srv#flowable-async-job-executor-thread-13173#
[PollStartAppStatusExecution] 13d670fa-b3d9-45a2-a5fe-b1c4b2817661 [2026-05-24T18:43:18.790489] srv/csn.json (STDOUT, APP/PROC/WEB)#
#2026 05 24 18:43:21.016#Z#DEBUG#3ea96a42-57a0-11f1-b455-eeee0a8493c0.field-task-cap-srv#flowable-async-job-executor-thread-13173#
[PollStartAppStatusExecution] 13d670fa-b3d9-45a2-a5fe-b1c4b2817661 [2026-05-24T18:43:19.007093] {"level":"info","logger":"cds","timestamp":"2026-05-24T18:43:19.006Z","layer":"cds","component_type":"application","container_id":"10.32.3.6","component_id":"13d670fa-b3d9-45a2-a5fe-b1c4b2817661","component_name":"field-task-cap-srv","component_instance":0,"source_instance":0,"organization_name":"ca469c8atrial","organization_id":"a0cee0f7-f2bc-42d8-a02f-0c584ac68d52","space_name":"dev","space_id":"46e1c057-a44f-4d17-9493-f13823b5dffd","msg":"connect to db > hana {\n  database_id: 'cce80a2f-4f4f-4028-b914-ca6f5fb4d213',\n  host: 'cce80a2f-4f4f-4028-b914-ca6f5fb4d213.hna1.prod-us10.hanacloud.ondemand.com',\n  port: '443',\n  driver: 'com.sap.db.jdbc.Driver',\n  url: 'jdbc:sap://cce80a2f-4f4f-4028-b914-ca6f5fb4d213.hna1.prod-us10.hanacloud.ondemand.com:443?encrypt=true&validateCertificate=true&currentschema=FB0B8281EC704BE6803F7CA795D2E5F9',\n  schema: 'FB0B8281EC704BE6803F7CA795D2E5F9',\n  certificate: '...',\n  hdi_user: 'FB0B8281EC704BE6803F7CA795D2E5F9_B2HL5V4RXNMSBTI9JQIZABY9O_DT',\n  hdi_password: '...',\n  user: 'FB0B8281EC704BE6803F7CA795D2E5F9_B2HL5V4RXNMSBTI9JQIZABY9O_RT',\n  password: '...'\n}","type":"log"} (STDOUT, APP/PROC/WEB)#
#2026 05 24 18:43:21.016#Z#DEBUG#3ea96a42-57a0-11f1-b455-eeee0a8493c0.field-task-cap-srv#flowable-async-job-executor-thread-13173#
[PollStartAppStatusExecution] 13d670fa-b3d9-45a2-a5fe-b1c4b2817661 [2026-05-24T18:43:19.040619] {"level":"info","logger":"cds","timestamp":"2026-05-24T18:43:19.040Z","layer":"cds","component_type":"application","container_id":"10.32.3.6","component_id":"13d670fa-b3d9-45a2-a5fe-b1c4b2817661","component_name":"field-task-cap-srv","component_instance":0,"source_instance":0,"organization_name":"ca469c8atrial","organization_id":"a0cee0f7-f2bc-42d8-a02f-0c584ac68d52","space_name":"dev","space_id":"46e1c057-a44f-4d17-9493-f13823b5dffd","msg":"using auth strategy { kind: 'jwt' }","type":"log"} (STDOUT, APP/PROC/WEB)#
#2026 05 24 18:43:21.016#Z#DEBUG#3ea96a42-57a0-11f1-b455-eeee0a8493c0.field-task-cap-srv#flowable-async-job-executor-thread-13173#
[PollStartAppStatusExecution] 13d670fa-b3d9-45a2-a5fe-b1c4b2817661 [2026-05-24T18:43:19.042554] node:internal/modules/cjs/loader:1421 (STDERR, APP/PROC/WEB)#
#2026 05 24 18:43:21.017#Z#DEBUG#3ea96a42-57a0-11f1-b455-eeee0a8493c0.field-task-cap-srv#flowable-async-job-executor-thread-13173#
[PollStartAppStatusExecution] 13d670fa-b3d9-45a2-a5fe-b1c4b2817661 [2026-05-24T18:43:19.042571] const err = new Error(message); (STDERR, APP/PROC/WEB)#
#2026 05 24 18:43:21.017#Z#DEBUG#3ea96a42-57a0-11f1-b455-eeee0a8493c0.field-task-cap-srv#flowable-async-job-executor-thread-13173#
[PollStartAppStatusExecution] 13d670fa-b3d9-45a2-a5fe-b1c4b2817661 [2026-05-24T18:43:19.042575] ^ (STDERR, APP/PROC/WEB)#
#2026 05 24 18:43:21.017#Z#DEBUG#3ea96a42-57a0-11f1-b455-eeee0a8493c0.field-task-cap-srv#flowable-async-job-executor-thread-13173#
[PollStartAppStatusExecution] 13d670fa-b3d9-45a2-a5fe-b1c4b2817661 [2026-05-24T18:43:19.042579] Error: Cannot find '@sap/xssec'. Make sure to install it with 'npm i @sap/xssec' (STDERR, APP/PROC/WEB)#
#2026 05 24 18:43:21.017#Z#DEBUG#3ea96a42-57a0-11f1-b455-eeee0a8493c0.field-task-cap-srv#flowable-async-job-executor-thread-13173#
[PollStartAppStatusExecution] 13d670fa-b3d9-45a2-a5fe-b1c4b2817661 [2026-05-24T18:43:19.042583] Cannot find module '@sap/xssec' (STDERR, APP/PROC/WEB)#
#2026 05 24 18:43:21.017#Z#DEBUG#3ea96a42-57a0-11f1-b455-eeee0a8493c0.field-task-cap-srv#flowable-async-job-executor-thread-13173#
[PollStartAppStatusExecution] 13d670fa-b3d9-45a2-a5fe-b1c4b2817661 [2026-05-24T18:43:19.042586] Require stack: (STDERR, APP/PROC/WEB)#
#2026 05 24 18:43:21.017#Z#DEBUG#3ea96a42-57a0-11f1-b455-eeee0a8493c0.field-task-cap-srv#flowable-async-job-executor-thread-13173#
[PollStartAppStatusExecution] 13d670fa-b3d9-45a2-a5fe-b1c4b2817661 [2026-05-24T18:43:19.042589] - /home/vcap/app/node_modules/@sap/cds/lib/srv/middlewares/auth/xssec.js (STDERR, APP/PROC/WEB)#
#2026 05 24 18:43:21.017#Z#DEBUG#3ea96a42-57a0-11f1-b455-eeee0a8493c0.field-task-cap-srv#flowable-async-job-executor-thread-13173#
[PollStartAppStatusExecution] 13d670fa-b3d9-45a2-a5fe-b1c4b2817661 [2026-05-24T18:43:19.042592] - /home/vcap/app/node_modules/@sap/cds/lib/srv/middlewares/auth/jwt-auth.js (STDERR, APP/PROC/WEB)#
#2026 05 24 18:43:21.017#Z#DEBUG#3ea96a42-57a0-11f1-b455-eeee0a8493c0.field-task-cap-srv#flowable-async-job-executor-thread-13173#
[PollStartAppStatusExecution] 13d670fa-b3d9-45a2-a5fe-b1c4b2817661 [2026-05-24T18:43:19.042595] - /home/vcap/app/node_modules/@sap/cds/lib/srv/middlewares/auth/index.js (STDERR, APP/PROC/WEB)#
#2026 05 24 18:43:21.017#Z#DEBUG#3ea96a42-57a0-11f1-b455-eeee0a8493c0.field-task-cap-srv#flowable-async-job-executor-thread-13173#
[PollStartAppStatusExecution] 13d670fa-b3d9-45a2-a5fe-b1c4b2817661 [2026-05-24T18:43:19.042601] - /home/vcap/app/node_modules/@sap/cds/lib/srv/middlewares/index.js (STDERR, APP/PROC/WEB)#
#2026 05 24 18:43:21.017#Z#DEBUG#3ea96a42-57a0-11f1-b455-eeee0a8493c0.field-task-cap-srv#flowable-async-job-executor-thread-13173#
[PollStartAppStatusExecution] 13d670fa-b3d9-45a2-a5fe-b1c4b2817661 [2026-05-24T18:43:19.042605] - /home/vcap/app/node_modules/@sap/cds/lib/index.js (STDERR, APP/PROC/WEB)#
#2026 05 24 18:43:21.017#Z#DEBUG#3ea96a42-57a0-11f1-b455-eeee0a8493c0.field-task-cap-srv#flowable-async-job-executor-thread-13173#
[PollStartAppStatusExecution] 13d670fa-b3d9-45a2-a5fe-b1c4b2817661 [2026-05-24T18:43:19.042607] - /home/vcap/app/node_modules/@sap/cds/bin/serve.js (STDERR, APP/PROC/WEB)#
#2026 05 24 18:43:21.017#Z#DEBUG#3ea96a42-57a0-11f1-b455-eeee0a8493c0.field-task-cap-srv#flowable-async-job-executor-thread-13173#
[PollStartAppStatusExecution] 13d670fa-b3d9-45a2-a5fe-b1c4b2817661 [2026-05-24T18:43:19.042610] at Module._resolveFilename (node:internal/modules/cjs/loader:1421:15) (STDERR, APP/PROC/WEB)#
#2026 05 24 18:43:21.017#Z#DEBUG#3ea96a42-57a0-11f1-b455-eeee0a8493c0.field-task-cap-srv#flowable-async-job-executor-thread-13173#
[PollStartAppStatusExecution] 13d670fa-b3d9-45a2-a5fe-b1c4b2817661 [2026-05-24T18:43:19.042613] at defaultResolveImpl (node:internal/modules/cjs/loader:1059:19) (STDERR, APP/PROC/WEB)#
#2026 05 24 18:43:21.017#Z#DEBUG#3ea96a42-57a0-11f1-b455-eeee0a8493c0.field-task-cap-srv#flowable-async-job-executor-thread-13173#
[PollStartAppStatusExecution] 13d670fa-b3d9-45a2-a5fe-b1c4b2817661 [2026-05-24T18:43:19.042615] at resolveForCJSWithHooks (node:internal/modules/cjs/loader:1064:22) (STDERR, APP/PROC/WEB)#
#2026 05 24 18:43:21.017#Z#DEBUG#3ea96a42-57a0-11f1-b455-eeee0a8493c0.field-task-cap-srv#flowable-async-job-executor-thread-13173#
[PollStartAppStatusExecution] 13d670fa-b3d9-45a2-a5fe-b1c4b2817661 [2026-05-24T18:43:19.042620] at Module._load (node:internal/modules/cjs/loader:1227:37) (STDERR, APP/PROC/WEB)#
#2026 05 24 18:43:21.017#Z#DEBUG#3ea96a42-57a0-11f1-b455-eeee0a8493c0.field-task-cap-srv#flowable-async-job-executor-thread-13173#
[PollStartAppStatusExecution] 13d670fa-b3d9-45a2-a5fe-b1c4b2817661 [2026-05-24T18:43:19.042623] at TracingChannel.traceSync (node:diagnostics_channel:328:14) (STDERR, APP/PROC/WEB)#
#2026 05 24 18:43:21.017#Z#DEBUG#3ea96a42-57a0-11f1-b455-eeee0a8493c0.field-task-cap-srv#flowable-async-job-executor-thread-13173#
[PollStartAppStatusExecution] 13d670fa-b3d9-45a2-a5fe-b1c4b2817661 [2026-05-24T18:43:19.042626] at wrapModuleLoad (node:internal/modules/cjs/loader:245:24) (STDERR, APP/PROC/WEB)#
#2026 05 24 18:43:21.017#Z#DEBUG#3ea96a42-57a0-11f1-b455-eeee0a8493c0.field-task-cap-srv#flowable-async-job-executor-thread-13173#
[PollStartAppStatusExecution] 13d670fa-b3d9-45a2-a5fe-b1c4b2817661 [2026-05-24T18:43:19.042628] at Module.require (node:internal/modules/cjs/loader:1504:12) (STDERR, APP/PROC/WEB)#
#2026 05 24 18:43:21.017#Z#DEBUG#3ea96a42-57a0-11f1-b455-eeee0a8493c0.field-task-cap-srv#flowable-async-job-executor-thread-13173#
[PollStartAppStatusExecution] 13d670fa-b3d9-45a2-a5fe-b1c4b2817661 [2026-05-24T18:43:19.042633] at require (node:internal/modules/helpers:152:16) (STDERR, APP/PROC/WEB)#
#2026 05 24 18:43:21.017#Z#DEBUG#3ea96a42-57a0-11f1-b455-eeee0a8493c0.field-task-cap-srv#flowable-async-job-executor-thread-13173#
[PollStartAppStatusExecution] 13d670fa-b3d9-45a2-a5fe-b1c4b2817661 [2026-05-24T18:43:19.042637] at Object.<anonymous> (/home/vcap/app/node_modules/@sap/cds/lib/srv/middlewares/auth/xssec.js:2:17) (STDERR, APP/PROC/WEB)#
#2026 05 24 18:43:21.017#Z#DEBUG#3ea96a42-57a0-11f1-b455-eeee0a8493c0.field-task-cap-srv#flowable-async-job-executor-thread-13173#
[PollStartAppStatusExecution] 13d670fa-b3d9-45a2-a5fe-b1c4b2817661 [2026-05-24T18:43:19.042646] at Module._compile (node:internal/modules/cjs/loader:1761:14) { (STDERR, APP/PROC/WEB)#
#2026 05 24 18:43:21.017#Z#DEBUG#3ea96a42-57a0-11f1-b455-eeee0a8493c0.field-task-cap-srv#flowable-async-job-executor-thread-13173#
[PollStartAppStatusExecution] 13d670fa-b3d9-45a2-a5fe-b1c4b2817661 [2026-05-24T18:43:19.042650] code: 'MODULE_NOT_FOUND', (STDERR, APP/PROC/WEB)#
#2026 05 24 18:43:21.017#Z#DEBUG#3ea96a42-57a0-11f1-b455-eeee0a8493c0.field-task-cap-srv#flowable-async-job-executor-thread-13173#
[PollStartAppStatusExecution] 13d670fa-b3d9-45a2-a5fe-b1c4b2817661 [2026-05-24T18:43:19.042653] requireStack: [ (STDERR, APP/PROC/WEB)#
#2026 05 24 18:43:21.017#Z#DEBUG#3ea96a42-57a0-11f1-b455-eeee0a8493c0.field-task-cap-srv#flowable-async-job-executor-thread-13173#
[PollStartAppStatusExecution] 13d670fa-b3d9-45a2-a5fe-b1c4b2817661 [2026-05-24T18:43:19.042656] '/home/vcap/app/node_modules/@sap/cds/lib/srv/middlewares/auth/xssec.js', (STDERR, APP/PROC/WEB)#
#2026 05 24 18:43:21.017#Z#DEBUG#3ea96a42-57a0-11f1-b455-eeee0a8493c0.field-task-cap-srv#flowable-async-job-executor-thread-13173#
[PollStartAppStatusExecution] 13d670fa-b3d9-45a2-a5fe-b1c4b2817661 [2026-05-24T18:43:19.042659] '/home/vcap/app/node_modules/@sap/cds/lib/srv/middlewares/auth/jwt-auth.js', (STDERR, APP/PROC/WEB)#
#2026 05 24 18:43:21.017#Z#DEBUG#3ea96a42-57a0-11f1-b455-eeee0a8493c0.field-task-cap-srv#flowable-async-job-executor-thread-13173#
[PollStartAppStatusExecution] 13d670fa-b3d9-45a2-a5fe-b1c4b2817661 [2026-05-24T18:43:19.042663] '/home/vcap/app/node_modules/@sap/cds/lib/srv/middlewares/auth/index.js', (STDERR, APP/PROC/WEB)#
#2026 05 24 18:43:21.017#Z#DEBUG#3ea96a42-57a0-11f1-b455-eeee0a8493c0.field-task-cap-srv#flowable-async-job-executor-thread-13173#
[PollStartAppStatusExecution] 13d670fa-b3d9-45a2-a5fe-b1c4b2817661 [2026-05-24T18:43:19.042665] '/home/vcap/app/node_modules/@sap/cds/lib/srv/middlewares/index.js', (STDERR, APP/PROC/WEB)#
#2026 05 24 18:43:21.017#Z#DEBUG#3ea96a42-57a0-11f1-b455-eeee0a8493c0.field-task-cap-srv#flowable-async-job-executor-thread-13173#
[PollStartAppStatusExecution] 13d670fa-b3d9-45a2-a5fe-b1c4b2817661 [2026-05-24T18:43:19.042667] '/home/vcap/app/node_modules/@sap/cds/lib/index.js', (STDERR, APP/PROC/WEB)#
#2026 05 24 18:43:21.017#Z#DEBUG#3ea96a42-57a0-11f1-b455-eeee0a8493c0.field-task-cap-srv#flowable-async-job-executor-thread-13173#
[PollStartAppStatusExecution] 13d670fa-b3d9-45a2-a5fe-b1c4b2817661 [2026-05-24T18:43:19.042671] '/home/vcap/app/node_modules/@sap/cds/bin/serve.js' (STDERR, APP/PROC/WEB)#
#2026 05 24 18:43:21.017#Z#DEBUG#3ea96a42-57a0-11f1-b455-eeee0a8493c0.field-task-cap-srv#flowable-async-job-executor-thread-13173#
[PollStartAppStatusExecution] 13d670fa-b3d9-45a2-a5fe-b1c4b2817661 [2026-05-24T18:43:19.042673] ] (STDERR, APP/PROC/WEB)#
#2026 05 24 18:43:21.017#Z#DEBUG#3ea96a42-57a0-11f1-b455-eeee0a8493c0.field-task-cap-srv#flowable-async-job-executor-thread-13173#
[PollStartAppStatusExecution] 13d670fa-b3d9-45a2-a5fe-b1c4b2817661 [2026-05-24T18:43:19.042676] } (STDERR, APP/PROC/WEB)#
#2026 05 24 18:43:21.017#Z#DEBUG#3ea96a42-57a0-11f1-b455-eeee0a8493c0.field-task-cap-srv#flowable-async-job-executor-thread-13173#
[PollStartAppStatusExecution] 13d670fa-b3d9-45a2-a5fe-b1c4b2817661 [2026-05-24T18:43:19.042740] Node.js v24.13.0 (STDERR, APP/PROC/WEB)#
#2026 05 24 18:43:21.017#Z#DEBUG#3ea96a42-57a0-11f1-b455-eeee0a8493c0.field-task-cap-srv#flowable-async-job-executor-thread-13173#
[PollStartAppStatusExecution] 13d670fa-b3d9-45a2-a5fe-b1c4b2817661 [2026-05-24T18:43:19.060942] npm notice (STDERR, APP/PROC/WEB)#
#2026 05 24 18:43:21.017#Z#DEBUG#3ea96a42-57a0-11f1-b455-eeee0a8493c0.field-task-cap-srv#flowable-async-job-executor-thread-13173#
[PollStartAppStatusExecution] 13d670fa-b3d9-45a2-a5fe-b1c4b2817661 [2026-05-24T18:43:19.060969] npm notice New minor version of npm available! 11.6.2 -> 11.15.0 (STDERR, APP/PROC/WEB)#
#2026 05 24 18:43:21.017#Z#DEBUG#3ea96a42-57a0-11f1-b455-eeee0a8493c0.field-task-cap-srv#flowable-async-job-executor-thread-13173#
[PollStartAppStatusExecution] 13d670fa-b3d9-45a2-a5fe-b1c4b2817661 [2026-05-24T18:43:19.060973] npm notice Changelog: https://github.com/npm/cli/releases/tag/v11.15.0 (STDERR, APP/PROC/WEB)#
#2026 05 24 18:43:21.017#Z#DEBUG#3ea96a42-57a0-11f1-b455-eeee0a8493c0.field-task-cap-srv#flowable-async-job-executor-thread-13173#
[PollStartAppStatusExecution] 13d670fa-b3d9-45a2-a5fe-b1c4b2817661 [2026-05-24T18:43:19.060979] npm notice To update run: npm install -g npm@11.15.0 (STDERR, APP/PROC/WEB)#
#2026 05 24 18:43:21.017#Z#DEBUG#3ea96a42-57a0-11f1-b455-eeee0a8493c0.field-task-cap-srv#flowable-async-job-executor-thread-13173#
[PollStartAppStatusExecution] 13d670fa-b3d9-45a2-a5fe-b1c4b2817661 [2026-05-24T18:43:19.060982] npm notice (STDERR, APP/PROC/WEB)#
#2026 05 24 18:43:21.017#Z#DEBUG#3ea96a42-57a0-11f1-b455-eeee0a8493c0.field-task-cap-srv#flowable-async-job-executor-thread-13173#
[PollStartAppStatusExecution] 13d670fa-b3d9-45a2-a5fe-b1c4b2817661 [2026-05-24T18:43:19.143590] Exit status 1 (STDOUT, APP/PROC/WEB)#
#2026 05 24 18:43:31.013#Z#DEBUG#3ea96a42-57a0-11f1-b455-eeee0a8493c0.field-task-cap-srv#flowable-async-job-executor-thread-13177#
[PollStartAppStatusExecution] 13d670fa-b3d9-45a2-a5fe-b1c4b2817661 [2026-05-24T18:43:26.468460] Cell 77283d80-dfa7-40ba-ba4e-265aef112085 stopping instance 5c5a03d3-22af-4c6c-66bb-38c3 (STDOUT, CELL)#
#2026 05 24 18:43:31.013#Z#DEBUG#3ea96a42-57a0-11f1-b455-eeee0a8493c0.field-task-cap-srv#flowable-async-job-executor-thread-13177#
[PollStartAppStatusExecution] 13d670fa-b3d9-45a2-a5fe-b1c4b2817661 [2026-05-24T18:43:26.468506] Cell 77283d80-dfa7-40ba-ba4e-265aef112085 destroying container for instance 5c5a03d3-22af-4c6c-66bb-38c3 (STDOUT, CELL)#
#2026 05 24 18:43:31.013#Z#DEBUG#3ea96a42-57a0-11f1-b455-eeee0a8493c0.field-task-cap-srv#flowable-async-job-executor-thread-13177#
[PollStartAppStatusExecution] 13d670fa-b3d9-45a2-a5fe-b1c4b2817661 [2026-05-24T18:43:26.473351] Process has crashed with type: "web" (STDOUT, API)#
#2026 05 24 18:43:31.013#Z#DEBUG#3ea96a42-57a0-11f1-b455-eeee0a8493c0.field-task-cap-srv#flowable-async-job-executor-thread-13177#
[PollStartAppStatusExecution] 13d670fa-b3d9-45a2-a5fe-b1c4b2817661 [2026-05-24T18:43:26.485977] App instance exited with guid 13d670fa-b3d9-45a2-a5fe-b1c4b2817661 payload: {"instance"=>"5c5a03d3-22af-4c6c-66bb-38c3", "index"=>0, "cell_id"=>"77283d80-dfa7-40ba-ba4e-265aef112085", "reason"=>"CRASHED", "exit_description"=>"APP/PROC/WEB: Exited with status 1", "crash_count"=>1, "crash_timestamp"=>1779648206451740705, "version"=>"3dd3fd13-bd7b-44de-b7d7-ade6031f6daf"} (STDOUT, API)#
#2026 05 24 18:43:31.013#Z#DEBUG#3ea96a42-57a0-11f1-b455-eeee0a8493c0.field-task-cap-srv#flowable-async-job-executor-thread-13177#
[PollStartAppStatusExecution] 13d670fa-b3d9-45a2-a5fe-b1c4b2817661 [2026-05-24T18:43:26.583182] Cell d1cc041a-d5a1-41d6-b9f6-6cda736ce3f0 creating container for instance 5749c6d8-9838-48f6-6ebf-1326 (STDOUT, CELL)#
#2026 05 24 18:43:31.013#Z#DEBUG#3ea96a42-57a0-11f1-b455-eeee0a8493c0.field-task-cap-srv#flowable-async-job-executor-thread-13177#
[PollStartAppStatusExecution] 13d670fa-b3d9-45a2-a5fe-b1c4b2817661 [2026-05-24T18:43:26.676474] Exit status 137 (STDOUT, PROXY)#
#2026 05 24 18:43:31.013#Z#DEBUG#3ea96a42-57a0-11f1-b455-eeee0a8493c0.field-task-cap-srv#flowable-async-job-executor-thread-13177#
[PollStartAppStatusExecution] 13d670fa-b3d9-45a2-a5fe-b1c4b2817661 [2026-05-24T18:43:27.404313] Security group rules were updated (STDOUT, CELL)#
#2026 05 24 18:43:31.013#Z#DEBUG#3ea96a42-57a0-11f1-b455-eeee0a8493c0.field-task-cap-srv#flowable-async-job-executor-thread-13177#
[PollStartAppStatusExecution] 13d670fa-b3d9-45a2-a5fe-b1c4b2817661 [2026-05-24T18:43:27.505637] Cell d1cc041a-d5a1-41d6-b9f6-6cda736ce3f0 successfully created container for instance 5749c6d8-9838-48f6-6ebf-1326 (STDOUT, CELL)#
#2026 05 24 18:43:31.013#Z#DEBUG#3ea96a42-57a0-11f1-b455-eeee0a8493c0.field-task-cap-srv#flowable-async-job-executor-thread-13177#
[PollStartAppStatusExecution] 13d670fa-b3d9-45a2-a5fe-b1c4b2817661 [2026-05-24T18:43:28.158778] Downloading droplet... (STDOUT, CELL)#
#2026 05 24 18:43:31.013#Z#DEBUG#3ea96a42-57a0-11f1-b455-eeee0a8493c0.field-task-cap-srv#flowable-async-job-executor-thread-13177#
[PollStartAppStatusExecution] 13d670fa-b3d9-45a2-a5fe-b1c4b2817661 [2026-05-24T18:43:28.897322] Cell 77283d80-dfa7-40ba-ba4e-265aef112085 successfully destroyed container for instance 5c5a03d3-22af-4c6c-66bb-38c3 (STDOUT, CELL)#
#2026 05 24 18:43:41.074#Z#DEBUG#3ea96a42-57a0-11f1-b455-eeee0a8493c0.field-task-cap-srv#flowable-async-job-executor-thread-13185#
[PollStartAppStatusExecution] 13d670fa-b3d9-45a2-a5fe-b1c4b2817661 [2026-05-24T18:43:32.558277] Downloaded droplet (59.1M) (STDOUT, CELL)#
#2026 05 24 18:43:41.074#Z#DEBUG#3ea96a42-57a0-11f1-b455-eeee0a8493c0.field-task-cap-srv#flowable-async-job-executor-thread-13185#
[PollStartAppStatusExecution] 13d670fa-b3d9-45a2-a5fe-b1c4b2817661 [2026-05-24T18:43:32.558652] Starting health monitoring of container (STDOUT, CELL)#
#2026 05 24 18:43:41.074#Z#DEBUG#3ea96a42-57a0-11f1-b455-eeee0a8493c0.field-task-cap-srv#flowable-async-job-executor-thread-13185#
[PollStartAppStatusExecution] 13d670fa-b3d9-45a2-a5fe-b1c4b2817661 [2026-05-24T18:43:32.723232] Invoking pre-start scripts. (STDOUT, APP/PROC/WEB)#
#2026 05 24 18:43:41.074#Z#DEBUG#3ea96a42-57a0-11f1-b455-eeee0a8493c0.field-task-cap-srv#flowable-async-job-executor-thread-13185#
[PollStartAppStatusExecution] 13d670fa-b3d9-45a2-a5fe-b1c4b2817661 [2026-05-24T18:43:32.971942] Invoking start command. (STDOUT, APP/PROC/WEB)#
#2026 05 24 18:43:41.074#Z#DEBUG#3ea96a42-57a0-11f1-b455-eeee0a8493c0.field-task-cap-srv#flowable-async-job-executor-thread-13185#
[PollStartAppStatusExecution] 13d670fa-b3d9-45a2-a5fe-b1c4b2817661 [2026-05-24T18:43:33.446152] > field-task-cap@1.0.0 start (STDOUT, APP/PROC/WEB)#
#2026 05 24 18:43:41.074#Z#DEBUG#3ea96a42-57a0-11f1-b455-eeee0a8493c0.field-task-cap-srv#flowable-async-job-executor-thread-13185#
[PollStartAppStatusExecution] 13d670fa-b3d9-45a2-a5fe-b1c4b2817661 [2026-05-24T18:43:33.446176] > cds-serve (STDOUT, APP/PROC/WEB)#
#2026 05 24 18:43:41.074#Z#DEBUG#3ea96a42-57a0-11f1-b455-eeee0a8493c0.field-task-cap-srv#flowable-async-job-executor-thread-13185#
[PollStartAppStatusExecution] 13d670fa-b3d9-45a2-a5fe-b1c4b2817661 [2026-05-24T18:43:33.738239] {"level":"info","logger":"cds","timestamp":"2026-05-24T18:43:33.736Z","layer":"cds","component_type":"application","container_id":"10.32.1.5","component_id":"13d670fa-b3d9-45a2-a5fe-b1c4b2817661","component_name":"field-task-cap-srv","component_instance":0,"source_instance":0,"organization_name":"ca469c8atrial","organization_id":"a0cee0f7-f2bc-42d8-a02f-0c584ac68d52","space_name":"dev","space_id":"46e1c057-a44f-4d17-9493-f13823b5dffd","msg":"loaded model from 1 file(s):\n ","type":"log"} (STDOUT, APP/PROC/WEB)#
#2026 05 24 18:43:41.074#Z#DEBUG#3ea96a42-57a0-11f1-b455-eeee0a8493c0.field-task-cap-srv#flowable-async-job-executor-thread-13185#
[PollStartAppStatusExecution] 13d670fa-b3d9-45a2-a5fe-b1c4b2817661 [2026-05-24T18:43:33.738793] srv/csn.json (STDOUT, APP/PROC/WEB)#
#2026 05 24 18:43:41.074#Z#DEBUG#3ea96a42-57a0-11f1-b455-eeee0a8493c0.field-task-cap-srv#flowable-async-job-executor-thread-13185#
[PollStartAppStatusExecution] 13d670fa-b3d9-45a2-a5fe-b1c4b2817661 [2026-05-24T18:43:33.971160] {"level":"info","logger":"cds","timestamp":"2026-05-24T18:43:33.970Z","layer":"cds","component_type":"application","container_id":"10.32.1.5","component_id":"13d670fa-b3d9-45a2-a5fe-b1c4b2817661","component_name":"field-task-cap-srv","component_instance":0,"source_instance":0,"organization_name":"ca469c8atrial","organization_id":"a0cee0f7-f2bc-42d8-a02f-0c584ac68d52","space_name":"dev","space_id":"46e1c057-a44f-4d17-9493-f13823b5dffd","msg":"connect to db > hana {\n  database_id: 'cce80a2f-4f4f-4028-b914-ca6f5fb4d213',\n  host: 'cce80a2f-4f4f-4028-b914-ca6f5fb4d213.hna1.prod-us10.hanacloud.ondemand.com',\n  port: '443',\n  driver: 'com.sap.db.jdbc.Driver',\n  url: 'jdbc:sap://cce80a2f-4f4f-4028-b914-ca6f5fb4d213.hna1.prod-us10.hanacloud.ondemand.com:443?encrypt=true&validateCertificate=true&currentschema=FB0B8281EC704BE6803F7CA795D2E5F9',\n  schema: 'FB0B8281EC704BE6803F7CA795D2E5F9',\n  certificate: '...',\n  hdi_user: 'FB0B8281EC704BE6803F7CA795D2E5F9_B2HL5V4RXNMSBTI9JQIZABY9O_DT',\n  hdi_password: '...',\n  user: 'FB0B8281EC704BE6803F7CA795D2E5F9_B2HL5V4RXNMSBTI9JQIZABY9O_RT',\n  password: '...'\n}","type":"log"} (STDOUT, APP/PROC/WEB)#
#2026 05 24 18:43:41.074#Z#DEBUG#3ea96a42-57a0-11f1-b455-eeee0a8493c0.field-task-cap-srv#flowable-async-job-executor-thread-13185#
[PollStartAppStatusExecution] 13d670fa-b3d9-45a2-a5fe-b1c4b2817661 [2026-05-24T18:43:34.006300] {"level":"info","logger":"cds","timestamp":"2026-05-24T18:43:34.005Z","layer":"cds","component_type":"application","container_id":"10.32.1.5","component_id":"13d670fa-b3d9-45a2-a5fe-b1c4b2817661","component_name":"field-task-cap-srv","component_instance":0,"source_instance":0,"organization_name":"ca469c8atrial","organization_id":"a0cee0f7-f2bc-42d8-a02f-0c584ac68d52","space_name":"dev","space_id":"46e1c057-a44f-4d17-9493-f13823b5dffd","msg":"using auth strategy { kind: 'jwt' }","type":"log"} (STDOUT, APP/PROC/WEB)#
#2026 05 24 18:43:41.074#Z#DEBUG#3ea96a42-57a0-11f1-b455-eeee0a8493c0.field-task-cap-srv#flowable-async-job-executor-thread-13185#
[PollStartAppStatusExecution] 13d670fa-b3d9-45a2-a5fe-b1c4b2817661 [2026-05-24T18:43:34.008532] node:internal/modules/cjs/loader:1421 (STDERR, APP/PROC/WEB)#
#2026 05 24 18:43:41.074#Z#DEBUG#3ea96a42-57a0-11f1-b455-eeee0a8493c0.field-task-cap-srv#flowable-async-job-executor-thread-13185#
[PollStartAppStatusExecution] 13d670fa-b3d9-45a2-a5fe-b1c4b2817661 [2026-05-24T18:43:34.008554] const err = new Error(message); (STDERR, APP/PROC/WEB)#
#2026 05 24 18:43:41.074#Z#DEBUG#3ea96a42-57a0-11f1-b455-eeee0a8493c0.field-task-cap-srv#flowable-async-job-executor-thread-13185#
[PollStartAppStatusExecution] 13d670fa-b3d9-45a2-a5fe-b1c4b2817661 [2026-05-24T18:43:34.008558] ^ (STDERR, APP/PROC/WEB)#
#2026 05 24 18:43:41.074#Z#DEBUG#3ea96a42-57a0-11f1-b455-eeee0a8493c0.field-task-cap-srv#flowable-async-job-executor-thread-13185#
[PollStartAppStatusExecution] 13d670fa-b3d9-45a2-a5fe-b1c4b2817661 [2026-05-24T18:43:34.008564] Error: Cannot find '@sap/xssec'. Make sure to install it with 'npm i @sap/xssec' (STDERR, APP/PROC/WEB)#
#2026 05 24 18:43:41.074#Z#DEBUG#3ea96a42-57a0-11f1-b455-eeee0a8493c0.field-task-cap-srv#flowable-async-job-executor-thread-13185#
[PollStartAppStatusExecution] 13d670fa-b3d9-45a2-a5fe-b1c4b2817661 [2026-05-24T18:43:34.008568] Cannot find module '@sap/xssec' (STDERR, APP/PROC/WEB)#
#2026 05 24 18:43:41.074#Z#DEBUG#3ea96a42-57a0-11f1-b455-eeee0a8493c0.field-task-cap-srv#flowable-async-job-executor-thread-13185#
[PollStartAppStatusExecution] 13d670fa-b3d9-45a2-a5fe-b1c4b2817661 [2026-05-24T18:43:34.008571] Require stack: (STDERR, APP/PROC/WEB)#
#2026 05 24 18:43:41.074#Z#DEBUG#3ea96a42-57a0-11f1-b455-eeee0a8493c0.field-task-cap-srv#flowable-async-job-executor-thread-13185#
[PollStartAppStatusExecution] 13d670fa-b3d9-45a2-a5fe-b1c4b2817661 [2026-05-24T18:43:34.008574] - /home/vcap/app/node_modules/@sap/cds/lib/srv/middlewares/auth/xssec.js (STDERR, APP/PROC/WEB)#
#2026 05 24 18:43:41.074#Z#DEBUG#3ea96a42-57a0-11f1-b455-eeee0a8493c0.field-task-cap-srv#flowable-async-job-executor-thread-13185#
[PollStartAppStatusExecution] 13d670fa-b3d9-45a2-a5fe-b1c4b2817661 [2026-05-24T18:43:34.008577] - /home/vcap/app/node_modules/@sap/cds/lib/srv/middlewares/auth/jwt-auth.js (STDERR, APP/PROC/WEB)#
#2026 05 24 18:43:41.074#Z#DEBUG#3ea96a42-57a0-11f1-b455-eeee0a8493c0.field-task-cap-srv#flowable-async-job-executor-thread-13185#
[PollStartAppStatusExecution] 13d670fa-b3d9-45a2-a5fe-b1c4b2817661 [2026-05-24T18:43:34.008579] - /home/vcap/app/node_modules/@sap/cds/lib/srv/middlewares/auth/index.js (STDERR, APP/PROC/WEB)#
#2026 05 24 18:43:41.074#Z#DEBUG#3ea96a42-57a0-11f1-b455-eeee0a8493c0.field-task-cap-srv#flowable-async-job-executor-thread-13185#
[PollStartAppStatusExecution] 13d670fa-b3d9-45a2-a5fe-b1c4b2817661 [2026-05-24T18:43:34.008584] - /home/vcap/app/node_modules/@sap/cds/lib/srv/middlewares/index.js (STDERR, APP/PROC/WEB)#
#2026 05 24 18:43:41.074#Z#DEBUG#3ea96a42-57a0-11f1-b455-eeee0a8493c0.field-task-cap-srv#flowable-async-job-executor-thread-13185#
[PollStartAppStatusExecution] 13d670fa-b3d9-45a2-a5fe-b1c4b2817661 [2026-05-24T18:43:34.008587] - /home/vcap/app/node_modules/@sap/cds/lib/index.js (STDERR, APP/PROC/WEB)#
#2026 05 24 18:43:41.074#Z#DEBUG#3ea96a42-57a0-11f1-b455-eeee0a8493c0.field-task-cap-srv#flowable-async-job-executor-thread-13185#
[PollStartAppStatusExecution] 13d670fa-b3d9-45a2-a5fe-b1c4b2817661 [2026-05-24T18:43:34.008590] - /home/vcap/app/node_modules/@sap/cds/bin/serve.js (STDERR, APP/PROC/WEB)#
#2026 05 24 18:43:41.074#Z#DEBUG#3ea96a42-57a0-11f1-b455-eeee0a8493c0.field-task-cap-srv#flowable-async-job-executor-thread-13185#
[PollStartAppStatusExecution] 13d670fa-b3d9-45a2-a5fe-b1c4b2817661 [2026-05-24T18:43:34.008592] at Module._resolveFilename (node:internal/modules/cjs/loader:1421:15) (STDERR, APP/PROC/WEB)#
#2026 05 24 18:43:41.074#Z#DEBUG#3ea96a42-57a0-11f1-b455-eeee0a8493c0.field-task-cap-srv#flowable-async-job-executor-thread-13185#
[PollStartAppStatusExecution] 13d670fa-b3d9-45a2-a5fe-b1c4b2817661 [2026-05-24T18:43:34.008595] at defaultResolveImpl (node:internal/modules/cjs/loader:1059:19) (STDERR, APP/PROC/WEB)#
#2026 05 24 18:43:41.074#Z#DEBUG#3ea96a42-57a0-11f1-b455-eeee0a8493c0.field-task-cap-srv#flowable-async-job-executor-thread-13185#
[PollStartAppStatusExecution] 13d670fa-b3d9-45a2-a5fe-b1c4b2817661 [2026-05-24T18:43:34.008597] at resolveForCJSWithHooks (node:internal/modules/cjs/loader:1064:22) (STDERR, APP/PROC/WEB)#
#2026 05 24 18:43:41.074#Z#DEBUG#3ea96a42-57a0-11f1-b455-eeee0a8493c0.field-task-cap-srv#flowable-async-job-executor-thread-13185#
[PollStartAppStatusExecution] 13d670fa-b3d9-45a2-a5fe-b1c4b2817661 [2026-05-24T18:43:34.008600] at Module._load (node:internal/modules/cjs/loader:1227:37) (STDERR, APP/PROC/WEB)#
#2026 05 24 18:43:41.074#Z#DEBUG#3ea96a42-57a0-11f1-b455-eeee0a8493c0.field-task-cap-srv#flowable-async-job-executor-thread-13185#
[PollStartAppStatusExecution] 13d670fa-b3d9-45a2-a5fe-b1c4b2817661 [2026-05-24T18:43:34.008603] at TracingChannel.traceSync (node:diagnostics_channel:328:14) (STDERR, APP/PROC/WEB)#
#2026 05 24 18:43:41.074#Z#DEBUG#3ea96a42-57a0-11f1-b455-eeee0a8493c0.field-task-cap-srv#flowable-async-job-executor-thread-13185#
[PollStartAppStatusExecution] 13d670fa-b3d9-45a2-a5fe-b1c4b2817661 [2026-05-24T18:43:34.008605] at wrapModuleLoad (node:internal/modules/cjs/loader:245:24) (STDERR, APP/PROC/WEB)#
#2026 05 24 18:43:41.074#Z#DEBUG#3ea96a42-57a0-11f1-b455-eeee0a8493c0.field-task-cap-srv#flowable-async-job-executor-thread-13185#
[PollStartAppStatusExecution] 13d670fa-b3d9-45a2-a5fe-b1c4b2817661 [2026-05-24T18:43:34.008608] at Module.require (node:internal/modules/cjs/loader:1504:12) (STDERR, APP/PROC/WEB)#
#2026 05 24 18:43:41.074#Z#DEBUG#3ea96a42-57a0-11f1-b455-eeee0a8493c0.field-task-cap-srv#flowable-async-job-executor-thread-13185#
[PollStartAppStatusExecution] 13d670fa-b3d9-45a2-a5fe-b1c4b2817661 [2026-05-24T18:43:34.008610] at require (node:internal/modules/helpers:152:16) (STDERR, APP/PROC/WEB)#
#2026 05 24 18:43:41.074#Z#DEBUG#3ea96a42-57a0-11f1-b455-eeee0a8493c0.field-task-cap-srv#flowable-async-job-executor-thread-13185#
[PollStartAppStatusExecution] 13d670fa-b3d9-45a2-a5fe-b1c4b2817661 [2026-05-24T18:43:34.008614] at Object.<anonymous> (/home/vcap/app/node_modules/@sap/cds/lib/srv/middlewares/auth/xssec.js:2:17) (STDERR, APP/PROC/WEB)#
#2026 05 24 18:43:41.074#Z#DEBUG#3ea96a42-57a0-11f1-b455-eeee0a8493c0.field-task-cap-srv#flowable-async-job-executor-thread-13185#
[PollStartAppStatusExecution] 13d670fa-b3d9-45a2-a5fe-b1c4b2817661 [2026-05-24T18:43:34.008617] at Module._compile (node:internal/modules/cjs/loader:1761:14) { (STDERR, APP/PROC/WEB)#
#2026 05 24 18:43:41.074#Z#DEBUG#3ea96a42-57a0-11f1-b455-eeee0a8493c0.field-task-cap-srv#flowable-async-job-executor-thread-13185#
[PollStartAppStatusExecution] 13d670fa-b3d9-45a2-a5fe-b1c4b2817661 [2026-05-24T18:43:34.008621] code: 'MODULE_NOT_FOUND', (STDERR, APP/PROC/WEB)#
#2026 05 24 18:43:41.074#Z#DEBUG#3ea96a42-57a0-11f1-b455-eeee0a8493c0.field-task-cap-srv#flowable-async-job-executor-thread-13185#
[PollStartAppStatusExecution] 13d670fa-b3d9-45a2-a5fe-b1c4b2817661 [2026-05-24T18:43:34.008624] requireStack: [ (STDERR, APP/PROC/WEB)#
#2026 05 24 18:43:41.074#Z#DEBUG#3ea96a42-57a0-11f1-b455-eeee0a8493c0.field-task-cap-srv#flowable-async-job-executor-thread-13185#
[PollStartAppStatusExecution] 13d670fa-b3d9-45a2-a5fe-b1c4b2817661 [2026-05-24T18:43:34.008627] '/home/vcap/app/node_modules/@sap/cds/lib/srv/middlewares/auth/xssec.js', (STDERR, APP/PROC/WEB)#
#2026 05 24 18:43:41.074#Z#DEBUG#3ea96a42-57a0-11f1-b455-eeee0a8493c0.field-task-cap-srv#flowable-async-job-executor-thread-13185#
[PollStartAppStatusExecution] 13d670fa-b3d9-45a2-a5fe-b1c4b2817661 [2026-05-24T18:43:34.008630] '/home/vcap/app/node_modules/@sap/cds/lib/srv/middlewares/auth/jwt-auth.js', (STDERR, APP/PROC/WEB)#
#2026 05 24 18:43:41.074#Z#DEBUG#3ea96a42-57a0-11f1-b455-eeee0a8493c0.field-task-cap-srv#flowable-async-job-executor-thread-13185#
[PollStartAppStatusExecution] 13d670fa-b3d9-45a2-a5fe-b1c4b2817661 [2026-05-24T18:43:34.008648] '/home/vcap/app/node_modules/@sap/cds/lib/srv/middlewares/auth/index.js', (STDERR, APP/PROC/WEB)#
#2026 05 24 18:43:41.074#Z#DEBUG#3ea96a42-57a0-11f1-b455-eeee0a8493c0.field-task-cap-srv#flowable-async-job-executor-thread-13185#
[PollStartAppStatusExecution] 13d670fa-b3d9-45a2-a5fe-b1c4b2817661 [2026-05-24T18:43:34.008650] '/home/vcap/app/node_modules/@sap/cds/lib/srv/middlewares/index.js', (STDERR, APP/PROC/WEB)#
#2026 05 24 18:43:41.074#Z#DEBUG#3ea96a42-57a0-11f1-b455-eeee0a8493c0.field-task-cap-srv#flowable-async-job-executor-thread-13185#
[PollStartAppStatusExecution] 13d670fa-b3d9-45a2-a5fe-b1c4b2817661 [2026-05-24T18:43:34.008652] '/home/vcap/app/node_modules/@sap/cds/lib/index.js', (STDERR, APP/PROC/WEB)#
#2026 05 24 18:43:41.074#Z#DEBUG#3ea96a42-57a0-11f1-b455-eeee0a8493c0.field-task-cap-srv#flowable-async-job-executor-thread-13185#
[PollStartAppStatusExecution] 13d670fa-b3d9-45a2-a5fe-b1c4b2817661 [2026-05-24T18:43:34.008655] '/home/vcap/app/node_modules/@sap/cds/bin/serve.js' (STDERR, APP/PROC/WEB)#
#2026 05 24 18:43:41.074#Z#DEBUG#3ea96a42-57a0-11f1-b455-eeee0a8493c0.field-task-cap-srv#flowable-async-job-executor-thread-13185#
[PollStartAppStatusExecution] 13d670fa-b3d9-45a2-a5fe-b1c4b2817661 [2026-05-24T18:43:34.008658] ] (STDERR, APP/PROC/WEB)#
#2026 05 24 18:43:41.074#Z#DEBUG#3ea96a42-57a0-11f1-b455-eeee0a8493c0.field-task-cap-srv#flowable-async-job-executor-thread-13185#
[PollStartAppStatusExecution] 13d670fa-b3d9-45a2-a5fe-b1c4b2817661 [2026-05-24T18:43:34.008660] } (STDERR, APP/PROC/WEB)#
#2026 05 24 18:43:41.074#Z#DEBUG#3ea96a42-57a0-11f1-b455-eeee0a8493c0.field-task-cap-srv#flowable-async-job-executor-thread-13185#
[PollStartAppStatusExecution] 13d670fa-b3d9-45a2-a5fe-b1c4b2817661 [2026-05-24T18:43:34.008663] Node.js v24.13.0 (STDERR, APP/PROC/WEB)#
#2026 05 24 18:43:41.074#Z#DEBUG#3ea96a42-57a0-11f1-b455-eeee0a8493c0.field-task-cap-srv#flowable-async-job-executor-thread-13185#
[PollStartAppStatusExecution] 13d670fa-b3d9-45a2-a5fe-b1c4b2817661 [2026-05-24T18:43:34.027878] npm notice (STDERR, APP/PROC/WEB)#
#2026 05 24 18:43:41.074#Z#DEBUG#3ea96a42-57a0-11f1-b455-eeee0a8493c0.field-task-cap-srv#flowable-async-job-executor-thread-13185#
[PollStartAppStatusExecution] 13d670fa-b3d9-45a2-a5fe-b1c4b2817661 [2026-05-24T18:43:34.027911] npm notice New minor version of npm available! 11.6.2 -> 11.15.0 (STDERR, APP/PROC/WEB)#
#2026 05 24 18:43:41.074#Z#DEBUG#3ea96a42-57a0-11f1-b455-eeee0a8493c0.field-task-cap-srv#flowable-async-job-executor-thread-13185#
[PollStartAppStatusExecution] 13d670fa-b3d9-45a2-a5fe-b1c4b2817661 [2026-05-24T18:43:34.027919] npm notice Changelog: https://github.com/npm/cli/releases/tag/v11.15.0 (STDERR, APP/PROC/WEB)#
#2026 05 24 18:43:41.074#Z#DEBUG#3ea96a42-57a0-11f1-b455-eeee0a8493c0.field-task-cap-srv#flowable-async-job-executor-thread-13185#
[PollStartAppStatusExecution] 13d670fa-b3d9-45a2-a5fe-b1c4b2817661 [2026-05-24T18:43:34.027921] npm notice To update run: npm install -g npm@11.15.0 (STDERR, APP/PROC/WEB)#
#2026 05 24 18:43:41.074#Z#DEBUG#3ea96a42-57a0-11f1-b455-eeee0a8493c0.field-task-cap-srv#flowable-async-job-executor-thread-13185#
[PollStartAppStatusExecution] 13d670fa-b3d9-45a2-a5fe-b1c4b2817661 [2026-05-24T18:43:34.027925] npm notice (STDERR, APP/PROC/WEB)#
#2026 05 24 18:43:41.074#Z#DEBUG#3ea96a42-57a0-11f1-b455-eeee0a8493c0.field-task-cap-srv#flowable-async-job-executor-thread-13185#
[PollStartAppStatusExecution] 13d670fa-b3d9-45a2-a5fe-b1c4b2817661 [2026-05-24T18:43:34.109630] Exit status 1 (STDOUT, APP/PROC/WEB)#
#2026 05 24 18:43:41.074#Z#DEBUG#3ea96a42-57a0-11f1-b455-eeee0a8493c0.field-task-cap-srv#flowable-async-job-executor-thread-13185#
[PollStartAppStatusExecution] 13d670fa-b3d9-45a2-a5fe-b1c4b2817661 [2026-05-24T18:43:40.573983] Cell d1cc041a-d5a1-41d6-b9f6-6cda736ce3f0 stopping instance 5749c6d8-9838-48f6-6ebf-1326 (STDOUT, CELL)#
#2026 05 24 18:43:41.074#Z#DEBUG#3ea96a42-57a0-11f1-b455-eeee0a8493c0.field-task-cap-srv#flowable-async-job-executor-thread-13185#
[PollStartAppStatusExecution] 13d670fa-b3d9-45a2-a5fe-b1c4b2817661 [2026-05-24T18:43:40.574053] Cell d1cc041a-d5a1-41d6-b9f6-6cda736ce3f0 destroying container for instance 5749c6d8-9838-48f6-6ebf-1326 (STDOUT, CELL)#
#2026 05 24 18:43:41.074#Z#DEBUG#3ea96a42-57a0-11f1-b455-eeee0a8493c0.field-task-cap-srv#flowable-async-job-executor-thread-13185#
[PollStartAppStatusExecution] 13d670fa-b3d9-45a2-a5fe-b1c4b2817661 [2026-05-24T18:43:40.577078] Process has crashed with type: "web" (STDOUT, API)#
#2026 05 24 18:43:41.074#Z#DEBUG#3ea96a42-57a0-11f1-b455-eeee0a8493c0.field-task-cap-srv#flowable-async-job-executor-thread-13185#
[PollStartAppStatusExecution] 13d670fa-b3d9-45a2-a5fe-b1c4b2817661 [2026-05-24T18:43:40.588713] App instance exited with guid 13d670fa-b3d9-45a2-a5fe-b1c4b2817661 payload: {"instance"=>"5749c6d8-9838-48f6-6ebf-1326", "index"=>0, "cell_id"=>"d1cc041a-d5a1-41d6-b9f6-6cda736ce3f0", "reason"=>"CRASHED", "exit_description"=>"APP/PROC/WEB: Exited with status 1", "crash_count"=>2, "crash_timestamp"=>1779648220553330728, "version"=>"3dd3fd13-bd7b-44de-b7d7-ade6031f6daf"} (STDOUT, API)#
#2026 05 24 18:43:51.077#Z#DEBUG#3ea96a42-57a0-11f1-b455-eeee0a8493c0.field-task-cap-srv#flowable-async-job-executor-thread-13189#
[PollStartAppStatusExecution] 13d670fa-b3d9-45a2-a5fe-b1c4b2817661 [2026-05-24T18:43:40.786828] Cell 77283d80-dfa7-40ba-ba4e-265aef112085 creating container for instance 7060bede-8f47-41dd-7c74-7d87 (STDOUT, CELL)#
#2026 05 24 18:43:51.077#Z#DEBUG#3ea96a42-57a0-11f1-b455-eeee0a8493c0.field-task-cap-srv#flowable-async-job-executor-thread-13189#
[PollStartAppStatusExecution] 13d670fa-b3d9-45a2-a5fe-b1c4b2817661 [2026-05-24T18:43:40.806685] Exit status 137 (STDOUT, PROXY)#
#2026 05 24 18:43:51.077#Z#DEBUG#3ea96a42-57a0-11f1-b455-eeee0a8493c0.field-task-cap-srv#flowable-async-job-executor-thread-13189#
[PollStartAppStatusExecution] 13d670fa-b3d9-45a2-a5fe-b1c4b2817661 [2026-05-24T18:43:41.616956] Security group rules were updated (STDOUT, CELL)#
#2026 05 24 18:43:51.077#Z#DEBUG#3ea96a42-57a0-11f1-b455-eeee0a8493c0.field-task-cap-srv#flowable-async-job-executor-thread-13189#
[PollStartAppStatusExecution] 13d670fa-b3d9-45a2-a5fe-b1c4b2817661 [2026-05-24T18:43:41.718343] Cell 77283d80-dfa7-40ba-ba4e-265aef112085 successfully created container for instance 7060bede-8f47-41dd-7c74-7d87 (STDOUT, CELL)#
#2026 05 24 18:43:51.077#Z#DEBUG#3ea96a42-57a0-11f1-b455-eeee0a8493c0.field-task-cap-srv#flowable-async-job-executor-thread-13189#
[PollStartAppStatusExecution] 13d670fa-b3d9-45a2-a5fe-b1c4b2817661 [2026-05-24T18:43:42.118742] Downloading droplet... (STDOUT, CELL)#
#2026 05 24 18:43:51.077#Z#DEBUG#3ea96a42-57a0-11f1-b455-eeee0a8493c0.field-task-cap-srv#flowable-async-job-executor-thread-13189#
[PollStartAppStatusExecution] 13d670fa-b3d9-45a2-a5fe-b1c4b2817661 [2026-05-24T18:43:43.101761] Cell d1cc041a-d5a1-41d6-b9f6-6cda736ce3f0 successfully destroyed container for instance 5749c6d8-9838-48f6-6ebf-1326 (STDOUT, CELL)#
#2026 05 24 18:43:51.077#Z#DEBUG#3ea96a42-57a0-11f1-b455-eeee0a8493c0.field-task-cap-srv#flowable-async-job-executor-thread-13189#
[PollStartAppStatusExecution] 13d670fa-b3d9-45a2-a5fe-b1c4b2817661 [2026-05-24T18:43:44.104216] Downloaded droplet (STDOUT, CELL)#
#2026 05 24 18:43:51.077#Z#DEBUG#3ea96a42-57a0-11f1-b455-eeee0a8493c0.field-task-cap-srv#flowable-async-job-executor-thread-13189#
[PollStartAppStatusExecution] 13d670fa-b3d9-45a2-a5fe-b1c4b2817661 [2026-05-24T18:43:44.104639] Starting health monitoring of container (STDOUT, CELL)#
#2026 05 24 18:43:51.077#Z#DEBUG#3ea96a42-57a0-11f1-b455-eeee0a8493c0.field-task-cap-srv#flowable-async-job-executor-thread-13189#
[PollStartAppStatusExecution] 13d670fa-b3d9-45a2-a5fe-b1c4b2817661 [2026-05-24T18:43:44.235911] Invoking pre-start scripts. (STDOUT, APP/PROC/WEB)#
#2026 05 24 18:43:51.077#Z#DEBUG#3ea96a42-57a0-11f1-b455-eeee0a8493c0.field-task-cap-srv#flowable-async-job-executor-thread-13189#
[PollStartAppStatusExecution] 13d670fa-b3d9-45a2-a5fe-b1c4b2817661 [2026-05-24T18:43:44.449880] Invoking start command. (STDOUT, APP/PROC/WEB)#
#2026 05 24 18:43:51.077#Z#DEBUG#3ea96a42-57a0-11f1-b455-eeee0a8493c0.field-task-cap-srv#flowable-async-job-executor-thread-13189#
[PollStartAppStatusExecution] 13d670fa-b3d9-45a2-a5fe-b1c4b2817661 [2026-05-24T18:43:44.933045] > field-task-cap@1.0.0 start (STDOUT, APP/PROC/WEB)#
#2026 05 24 18:43:51.077#Z#DEBUG#3ea96a42-57a0-11f1-b455-eeee0a8493c0.field-task-cap-srv#flowable-async-job-executor-thread-13189#
[PollStartAppStatusExecution] 13d670fa-b3d9-45a2-a5fe-b1c4b2817661 [2026-05-24T18:43:44.933087] > cds-serve (STDOUT, APP/PROC/WEB)#
#2026 05 24 18:43:51.077#Z#DEBUG#3ea96a42-57a0-11f1-b455-eeee0a8493c0.field-task-cap-srv#flowable-async-job-executor-thread-13189#
[PollStartAppStatusExecution] 13d670fa-b3d9-45a2-a5fe-b1c4b2817661 [2026-05-24T18:43:45.224846] {"level":"info","logger":"cds","timestamp":"2026-05-24T18:43:45.223Z","layer":"cds","component_type":"application","container_id":"10.32.3.6","component_id":"13d670fa-b3d9-45a2-a5fe-b1c4b2817661","component_name":"field-task-cap-srv","component_instance":0,"source_instance":0,"organization_name":"ca469c8atrial","organization_id":"a0cee0f7-f2bc-42d8-a02f-0c584ac68d52","space_name":"dev","space_id":"46e1c057-a44f-4d17-9493-f13823b5dffd","msg":"loaded model from 1 file(s):\n ","type":"log"} (STDOUT, APP/PROC/WEB)#
#2026 05 24 18:43:51.077#Z#DEBUG#3ea96a42-57a0-11f1-b455-eeee0a8493c0.field-task-cap-srv#flowable-async-job-executor-thread-13189#
[PollStartAppStatusExecution] 13d670fa-b3d9-45a2-a5fe-b1c4b2817661 [2026-05-24T18:43:45.225267] srv/csn.json (STDOUT, APP/PROC/WEB)#
#2026 05 24 18:43:51.077#Z#DEBUG#3ea96a42-57a0-11f1-b455-eeee0a8493c0.field-task-cap-srv#flowable-async-job-executor-thread-13189#
[PollStartAppStatusExecution] 13d670fa-b3d9-45a2-a5fe-b1c4b2817661 [2026-05-24T18:43:45.441582] {"level":"info","logger":"cds","timestamp":"2026-05-24T18:43:45.440Z","layer":"cds","component_type":"application","container_id":"10.32.3.6","component_id":"13d670fa-b3d9-45a2-a5fe-b1c4b2817661","component_name":"field-task-cap-srv","component_instance":0,"source_instance":0,"organization_name":"ca469c8atrial","organization_id":"a0cee0f7-f2bc-42d8-a02f-0c584ac68d52","space_name":"dev","space_id":"46e1c057-a44f-4d17-9493-f13823b5dffd","msg":"connect to db > hana {\n  database_id: 'cce80a2f-4f4f-4028-b914-ca6f5fb4d213',\n  host: 'cce80a2f-4f4f-4028-b914-ca6f5fb4d213.hna1.prod-us10.hanacloud.ondemand.com',\n  port: '443',\n  driver: 'com.sap.db.jdbc.Driver',\n  url: 'jdbc:sap://cce80a2f-4f4f-4028-b914-ca6f5fb4d213.hna1.prod-us10.hanacloud.ondemand.com:443?encrypt=true&validateCertificate=true&currentschema=FB0B8281EC704BE6803F7CA795D2E5F9',\n  schema: 'FB0B8281EC704BE6803F7CA795D2E5F9',\n  certificate: '...',\n  hdi_user: 'FB0B8281EC704BE6803F7CA795D2E5F9_B2HL5V4RXNMSBTI9JQIZABY9O_DT',\n  hdi_password: '...',\n  user: 'FB0B8281EC704BE6803F7CA795D2E5F9_B2HL5V4RXNMSBTI9JQIZABY9O_RT',\n  password: '...'\n}","type":"log"} (STDOUT, APP/PROC/WEB)#
#2026 05 24 18:43:51.077#Z#DEBUG#3ea96a42-57a0-11f1-b455-eeee0a8493c0.field-task-cap-srv#flowable-async-job-executor-thread-13189#
[PollStartAppStatusExecution] 13d670fa-b3d9-45a2-a5fe-b1c4b2817661 [2026-05-24T18:43:45.475315] {"level":"info","logger":"cds","timestamp":"2026-05-24T18:43:45.474Z","layer":"cds","component_type":"application","container_id":"10.32.3.6","component_id":"13d670fa-b3d9-45a2-a5fe-b1c4b2817661","component_name":"field-task-cap-srv","component_instance":0,"source_instance":0,"organization_name":"ca469c8atrial","organization_id":"a0cee0f7-f2bc-42d8-a02f-0c584ac68d52","space_name":"dev","space_id":"46e1c057-a44f-4d17-9493-f13823b5dffd","msg":"using auth strategy { kind: 'jwt' }","type":"log"} (STDOUT, APP/PROC/WEB)#
#2026 05 24 18:43:51.077#Z#DEBUG#3ea96a42-57a0-11f1-b455-eeee0a8493c0.field-task-cap-srv#flowable-async-job-executor-thread-13189#
[PollStartAppStatusExecution] 13d670fa-b3d9-45a2-a5fe-b1c4b2817661 [2026-05-24T18:43:45.477594] node:internal/modules/cjs/loader:1421 (STDERR, APP/PROC/WEB)#
#2026 05 24 18:43:51.077#Z#DEBUG#3ea96a42-57a0-11f1-b455-eeee0a8493c0.field-task-cap-srv#flowable-async-job-executor-thread-13189#
[PollStartAppStatusExecution] 13d670fa-b3d9-45a2-a5fe-b1c4b2817661 [2026-05-24T18:43:45.477619] const err = new Error(message); (STDERR, APP/PROC/WEB)#
#2026 05 24 18:43:51.077#Z#DEBUG#3ea96a42-57a0-11f1-b455-eeee0a8493c0.field-task-cap-srv#flowable-async-job-executor-thread-13189#
[PollStartAppStatusExecution] 13d670fa-b3d9-45a2-a5fe-b1c4b2817661 [2026-05-24T18:43:45.477624] ^ (STDERR, APP/PROC/WEB)#
#2026 05 24 18:43:51.077#Z#DEBUG#3ea96a42-57a0-11f1-b455-eeee0a8493c0.field-task-cap-srv#flowable-async-job-executor-thread-13189#
[PollStartAppStatusExecution] 13d670fa-b3d9-45a2-a5fe-b1c4b2817661 [2026-05-24T18:43:45.477627] Error: Cannot find '@sap/xssec'. Make sure to install it with 'npm i @sap/xssec' (STDERR, APP/PROC/WEB)#
#2026 05 24 18:43:51.077#Z#DEBUG#3ea96a42-57a0-11f1-b455-eeee0a8493c0.field-task-cap-srv#flowable-async-job-executor-thread-13189#
[PollStartAppStatusExecution] 13d670fa-b3d9-45a2-a5fe-b1c4b2817661 [2026-05-24T18:43:45.477636] Cannot find module '@sap/xssec' (STDERR, APP/PROC/WEB)#
#2026 05 24 18:43:51.077#Z#DEBUG#3ea96a42-57a0-11f1-b455-eeee0a8493c0.field-task-cap-srv#flowable-async-job-executor-thread-13189#
[PollStartAppStatusExecution] 13d670fa-b3d9-45a2-a5fe-b1c4b2817661 [2026-05-24T18:43:45.477638] Require stack: (STDERR, APP/PROC/WEB)#
#2026 05 24 18:43:51.077#Z#DEBUG#3ea96a42-57a0-11f1-b455-eeee0a8493c0.field-task-cap-srv#flowable-async-job-executor-thread-13189#
[PollStartAppStatusExecution] 13d670fa-b3d9-45a2-a5fe-b1c4b2817661 [2026-05-24T18:43:45.477641] - /home/vcap/app/node_modules/@sap/cds/lib/srv/middlewares/auth/xssec.js (STDERR, APP/PROC/WEB)#
#2026 05 24 18:43:51.077#Z#DEBUG#3ea96a42-57a0-11f1-b455-eeee0a8493c0.field-task-cap-srv#flowable-async-job-executor-thread-13189#
[PollStartAppStatusExecution] 13d670fa-b3d9-45a2-a5fe-b1c4b2817661 [2026-05-24T18:43:45.477643] - /home/vcap/app/node_modules/@sap/cds/lib/srv/middlewares/auth/jwt-auth.js (STDERR, APP/PROC/WEB)#
#2026 05 24 18:43:51.077#Z#DEBUG#3ea96a42-57a0-11f1-b455-eeee0a8493c0.field-task-cap-srv#flowable-async-job-executor-thread-13189#
[PollStartAppStatusExecution] 13d670fa-b3d9-45a2-a5fe-b1c4b2817661 [2026-05-24T18:43:45.477646] - /home/vcap/app/node_modules/@sap/cds/lib/srv/middlewares/auth/index.js (STDERR, APP/PROC/WEB)#
#2026 05 24 18:43:51.077#Z#DEBUG#3ea96a42-57a0-11f1-b455-eeee0a8493c0.field-task-cap-srv#flowable-async-job-executor-thread-13189#
[PollStartAppStatusExecution] 13d670fa-b3d9-45a2-a5fe-b1c4b2817661 [2026-05-24T18:43:45.477649] - /home/vcap/app/node_modules/@sap/cds/lib/srv/middlewares/index.js (STDERR, APP/PROC/WEB)#
#2026 05 24 18:43:51.077#Z#DEBUG#3ea96a42-57a0-11f1-b455-eeee0a8493c0.field-task-cap-srv#flowable-async-job-executor-thread-13189#
[PollStartAppStatusExecution] 13d670fa-b3d9-45a2-a5fe-b1c4b2817661 [2026-05-24T18:43:45.477653] - /home/vcap/app/node_modules/@sap/cds/lib/index.js (STDERR, APP/PROC/WEB)#
#2026 05 24 18:43:51.077#Z#DEBUG#3ea96a42-57a0-11f1-b455-eeee0a8493c0.field-task-cap-srv#flowable-async-job-executor-thread-13189#
[PollStartAppStatusExecution] 13d670fa-b3d9-45a2-a5fe-b1c4b2817661 [2026-05-24T18:43:45.477655] - /home/vcap/app/node_modules/@sap/cds/bin/serve.js (STDERR, APP/PROC/WEB)#
#2026 05 24 18:43:51.077#Z#DEBUG#3ea96a42-57a0-11f1-b455-eeee0a8493c0.field-task-cap-srv#flowable-async-job-executor-thread-13189#
[PollStartAppStatusExecution] 13d670fa-b3d9-45a2-a5fe-b1c4b2817661 [2026-05-24T18:43:45.477658] at Module._resolveFilename (node:internal/modules/cjs/loader:1421:15) (STDERR, APP/PROC/WEB)#
#2026 05 24 18:43:51.077#Z#DEBUG#3ea96a42-57a0-11f1-b455-eeee0a8493c0.field-task-cap-srv#flowable-async-job-executor-thread-13189#
[PollStartAppStatusExecution] 13d670fa-b3d9-45a2-a5fe-b1c4b2817661 [2026-05-24T18:43:45.477662] at defaultResolveImpl (node:internal/modules/cjs/loader:1059:19) (STDERR, APP/PROC/WEB)#
#2026 05 24 18:43:51.077#Z#DEBUG#3ea96a42-57a0-11f1-b455-eeee0a8493c0.field-task-cap-srv#flowable-async-job-executor-thread-13189#
[PollStartAppStatusExecution] 13d670fa-b3d9-45a2-a5fe-b1c4b2817661 [2026-05-24T18:43:45.477665] at resolveForCJSWithHooks (node:internal/modules/cjs/loader:1064:22) (STDERR, APP/PROC/WEB)#
#2026 05 24 18:43:51.077#Z#DEBUG#3ea96a42-57a0-11f1-b455-eeee0a8493c0.field-task-cap-srv#flowable-async-job-executor-thread-13189#
[PollStartAppStatusExecution] 13d670fa-b3d9-45a2-a5fe-b1c4b2817661 [2026-05-24T18:43:45.477671] at Module._load (node:internal/modules/cjs/loader:1227:37) (STDERR, APP/PROC/WEB)#
#2026 05 24 18:43:51.077#Z#DEBUG#3ea96a42-57a0-11f1-b455-eeee0a8493c0.field-task-cap-srv#flowable-async-job-executor-thread-13189#
[PollStartAppStatusExecution] 13d670fa-b3d9-45a2-a5fe-b1c4b2817661 [2026-05-24T18:43:45.477675] at TracingChannel.traceSync (node:diagnostics_channel:328:14) (STDERR, APP/PROC/WEB)#
#2026 05 24 18:43:51.077#Z#DEBUG#3ea96a42-57a0-11f1-b455-eeee0a8493c0.field-task-cap-srv#flowable-async-job-executor-thread-13189#
[PollStartAppStatusExecution] 13d670fa-b3d9-45a2-a5fe-b1c4b2817661 [2026-05-24T18:43:45.477679] at wrapModuleLoad (node:internal/modules/cjs/loader:245:24) (STDERR, APP/PROC/WEB)#
#2026 05 24 18:43:51.077#Z#DEBUG#3ea96a42-57a0-11f1-b455-eeee0a8493c0.field-task-cap-srv#flowable-async-job-executor-thread-13189#
[PollStartAppStatusExecution] 13d670fa-b3d9-45a2-a5fe-b1c4b2817661 [2026-05-24T18:43:45.477683] at Module.require (node:internal/modules/cjs/loader:1504:12) (STDERR, APP/PROC/WEB)#
#2026 05 24 18:43:51.077#Z#DEBUG#3ea96a42-57a0-11f1-b455-eeee0a8493c0.field-task-cap-srv#flowable-async-job-executor-thread-13189#
[PollStartAppStatusExecution] 13d670fa-b3d9-45a2-a5fe-b1c4b2817661 [2026-05-24T18:43:45.477686] at require (node:internal/modules/helpers:152:16) (STDERR, APP/PROC/WEB)#
#2026 05 24 18:43:51.077#Z#DEBUG#3ea96a42-57a0-11f1-b455-eeee0a8493c0.field-task-cap-srv#flowable-async-job-executor-thread-13189#
[PollStartAppStatusExecution] 13d670fa-b3d9-45a2-a5fe-b1c4b2817661 [2026-05-24T18:43:45.477690] at Object.<anonymous> (/home/vcap/app/node_modules/@sap/cds/lib/srv/middlewares/auth/xssec.js:2:17) (STDERR, APP/PROC/WEB)#
#2026 05 24 18:43:51.077#Z#DEBUG#3ea96a42-57a0-11f1-b455-eeee0a8493c0.field-task-cap-srv#flowable-async-job-executor-thread-13189#
[PollStartAppStatusExecution] 13d670fa-b3d9-45a2-a5fe-b1c4b2817661 [2026-05-24T18:43:45.477693] at Module._compile (node:internal/modules/cjs/loader:1761:14) { (STDERR, APP/PROC/WEB)#
#2026 05 24 18:43:51.077#Z#DEBUG#3ea96a42-57a0-11f1-b455-eeee0a8493c0.field-task-cap-srv#flowable-async-job-executor-thread-13189#
[PollStartAppStatusExecution] 13d670fa-b3d9-45a2-a5fe-b1c4b2817661 [2026-05-24T18:43:45.477696] code: 'MODULE_NOT_FOUND', (STDERR, APP/PROC/WEB)#
#2026 05 24 18:43:51.078#Z#DEBUG#3ea96a42-57a0-11f1-b455-eeee0a8493c0.field-task-cap-srv#flowable-async-job-executor-thread-13189#
[PollStartAppStatusExecution] 13d670fa-b3d9-45a2-a5fe-b1c4b2817661 [2026-05-24T18:43:45.477699] requireStack: [ (STDERR, APP/PROC/WEB)#
#2026 05 24 18:43:51.078#Z#DEBUG#3ea96a42-57a0-11f1-b455-eeee0a8493c0.field-task-cap-srv#flowable-async-job-executor-thread-13189#
[PollStartAppStatusExecution] 13d670fa-b3d9-45a2-a5fe-b1c4b2817661 [2026-05-24T18:43:45.477703] '/home/vcap/app/node_modules/@sap/cds/lib/srv/middlewares/auth/xssec.js', (STDERR, APP/PROC/WEB)#
#2026 05 24 18:43:51.078#Z#DEBUG#3ea96a42-57a0-11f1-b455-eeee0a8493c0.field-task-cap-srv#flowable-async-job-executor-thread-13189#
[PollStartAppStatusExecution] 13d670fa-b3d9-45a2-a5fe-b1c4b2817661 [2026-05-24T18:43:45.477709] '/home/vcap/app/node_modules/@sap/cds/lib/srv/middlewares/auth/jwt-auth.js', (STDERR, APP/PROC/WEB)#
#2026 05 24 18:43:51.078#Z#DEBUG#3ea96a42-57a0-11f1-b455-eeee0a8493c0.field-task-cap-srv#flowable-async-job-executor-thread-13189#
[PollStartAppStatusExecution] 13d670fa-b3d9-45a2-a5fe-b1c4b2817661 [2026-05-24T18:43:45.477712] '/home/vcap/app/node_modules/@sap/cds/lib/srv/middlewares/auth/index.js', (STDERR, APP/PROC/WEB)#
#2026 05 24 18:43:51.078#Z#DEBUG#3ea96a42-57a0-11f1-b455-eeee0a8493c0.field-task-cap-srv#flowable-async-job-executor-thread-13189#
[PollStartAppStatusExecution] 13d670fa-b3d9-45a2-a5fe-b1c4b2817661 [2026-05-24T18:43:45.477716] '/home/vcap/app/node_modules/@sap/cds/lib/srv/middlewares/index.js', (STDERR, APP/PROC/WEB)#
#2026 05 24 18:43:51.078#Z#DEBUG#3ea96a42-57a0-11f1-b455-eeee0a8493c0.field-task-cap-srv#flowable-async-job-executor-thread-13189#
[PollStartAppStatusExecution] 13d670fa-b3d9-45a2-a5fe-b1c4b2817661 [2026-05-24T18:43:45.477719] '/home/vcap/app/node_modules/@sap/cds/lib/index.js', (STDERR, APP/PROC/WEB)#
#2026 05 24 18:43:51.078#Z#DEBUG#3ea96a42-57a0-11f1-b455-eeee0a8493c0.field-task-cap-srv#flowable-async-job-executor-thread-13189#
[PollStartAppStatusExecution] 13d670fa-b3d9-45a2-a5fe-b1c4b2817661 [2026-05-24T18:43:45.477721] '/home/vcap/app/node_modules/@sap/cds/bin/serve.js' (STDERR, APP/PROC/WEB)#
#2026 05 24 18:43:51.078#Z#DEBUG#3ea96a42-57a0-11f1-b455-eeee0a8493c0.field-task-cap-srv#flowable-async-job-executor-thread-13189#
[PollStartAppStatusExecution] 13d670fa-b3d9-45a2-a5fe-b1c4b2817661 [2026-05-24T18:43:45.477724] ] (STDERR, APP/PROC/WEB)#
#2026 05 24 18:43:51.078#Z#DEBUG#3ea96a42-57a0-11f1-b455-eeee0a8493c0.field-task-cap-srv#flowable-async-job-executor-thread-13189#
[PollStartAppStatusExecution] 13d670fa-b3d9-45a2-a5fe-b1c4b2817661 [2026-05-24T18:43:45.477727] } (STDERR, APP/PROC/WEB)#
#2026 05 24 18:43:51.078#Z#DEBUG#3ea96a42-57a0-11f1-b455-eeee0a8493c0.field-task-cap-srv#flowable-async-job-executor-thread-13189#
[PollStartAppStatusExecution] 13d670fa-b3d9-45a2-a5fe-b1c4b2817661 [2026-05-24T18:43:45.477730] Node.js v24.13.0 (STDERR, APP/PROC/WEB)#
#2026 05 24 18:43:51.078#Z#DEBUG#3ea96a42-57a0-11f1-b455-eeee0a8493c0.field-task-cap-srv#flowable-async-job-executor-thread-13189#
[PollStartAppStatusExecution] 13d670fa-b3d9-45a2-a5fe-b1c4b2817661 [2026-05-24T18:43:45.496045] npm notice (STDERR, APP/PROC/WEB)#
#2026 05 24 18:43:51.078#Z#DEBUG#3ea96a42-57a0-11f1-b455-eeee0a8493c0.field-task-cap-srv#flowable-async-job-executor-thread-13189#
[PollStartAppStatusExecution] 13d670fa-b3d9-45a2-a5fe-b1c4b2817661 [2026-05-24T18:43:45.496078] npm notice New minor version of npm available! 11.6.2 -> 11.15.0 (STDERR, APP/PROC/WEB)#
#2026 05 24 18:43:51.078#Z#DEBUG#3ea96a42-57a0-11f1-b455-eeee0a8493c0.field-task-cap-srv#flowable-async-job-executor-thread-13189#
[PollStartAppStatusExecution] 13d670fa-b3d9-45a2-a5fe-b1c4b2817661 [2026-05-24T18:43:45.496085] npm notice Changelog: https://github.com/npm/cli/releases/tag/v11.15.0 (STDERR, APP/PROC/WEB)#
#2026 05 24 18:43:51.078#Z#DEBUG#3ea96a42-57a0-11f1-b455-eeee0a8493c0.field-task-cap-srv#flowable-async-job-executor-thread-13189#
[PollStartAppStatusExecution] 13d670fa-b3d9-45a2-a5fe-b1c4b2817661 [2026-05-24T18:43:45.496087] npm notice To update run: npm install -g npm@11.15.0 (STDERR, APP/PROC/WEB)#
#2026 05 24 18:43:51.078#Z#DEBUG#3ea96a42-57a0-11f1-b455-eeee0a8493c0.field-task-cap-srv#flowable-async-job-executor-thread-13189#
[PollStartAppStatusExecution] 13d670fa-b3d9-45a2-a5fe-b1c4b2817661 [2026-05-24T18:43:45.496093] npm notice (STDERR, APP/PROC/WEB)#
#2026 05 24 18:43:51.078#Z#DEBUG#3ea96a42-57a0-11f1-b455-eeee0a8493c0.field-task-cap-srv#flowable-async-job-executor-thread-13189#
[PollStartAppStatusExecution] 13d670fa-b3d9-45a2-a5fe-b1c4b2817661 [2026-05-24T18:43:45.576320] Exit status 1 (STDOUT, APP/PROC/WEB)#
#2026 05 24 18:44:01.082#Z#DEBUG#3ea96a42-57a0-11f1-b455-eeee0a8493c0.field-task-cap-srv#flowable-async-job-executor-thread-13196#
[PollStartAppStatusExecution] 13d670fa-b3d9-45a2-a5fe-b1c4b2817661 [2026-05-24T18:43:52.086931] Cell 77283d80-dfa7-40ba-ba4e-265aef112085 stopping instance 7060bede-8f47-41dd-7c74-7d87 (STDOUT, CELL)#
#2026 05 24 18:44:01.082#Z#DEBUG#3ea96a42-57a0-11f1-b455-eeee0a8493c0.field-task-cap-srv#flowable-async-job-executor-thread-13196#
[PollStartAppStatusExecution] 13d670fa-b3d9-45a2-a5fe-b1c4b2817661 [2026-05-24T18:43:52.086974] Cell 77283d80-dfa7-40ba-ba4e-265aef112085 destroying container for instance 7060bede-8f47-41dd-7c74-7d87 (STDOUT, CELL)#
#2026 05 24 18:44:01.082#Z#DEBUG#3ea96a42-57a0-11f1-b455-eeee0a8493c0.field-task-cap-srv#flowable-async-job-executor-thread-13196#
[PollStartAppStatusExecution] 13d670fa-b3d9-45a2-a5fe-b1c4b2817661 [2026-05-24T18:43:52.104774] Process has crashed with type: "web" (STDOUT, API)#
#2026 05 24 18:44:01.082#Z#DEBUG#3ea96a42-57a0-11f1-b455-eeee0a8493c0.field-task-cap-srv#flowable-async-job-executor-thread-13196#
[PollStartAppStatusExecution] 13d670fa-b3d9-45a2-a5fe-b1c4b2817661 [2026-05-24T18:43:52.116836] App instance exited with guid 13d670fa-b3d9-45a2-a5fe-b1c4b2817661 payload: {"instance"=>"7060bede-8f47-41dd-7c74-7d87", "index"=>0, "cell_id"=>"77283d80-dfa7-40ba-ba4e-265aef112085", "reason"=>"CRASHED", "exit_description"=>"APP/PROC/WEB: Exited with status 1", "crash_count"=>3, "crash_timestamp"=>1779648232082914370, "version"=>"3dd3fd13-bd7b-44de-b7d7-ade6031f6daf"} (STDOUT, API)#
#2026 05 24 18:44:01.082#Z#DEBUG#3ea96a42-57a0-11f1-b455-eeee0a8493c0.field-task-cap-srv#flowable-async-job-executor-thread-13196#
[PollStartAppStatusExecution] 13d670fa-b3d9-45a2-a5fe-b1c4b2817661 [2026-05-24T18:43:52.332848] Exit status 137 (STDOUT, PROXY)#
#2026 05 24 18:44:01.082#Z#DEBUG#3ea96a42-57a0-11f1-b455-eeee0a8493c0.field-task-cap-srv#flowable-async-job-executor-thread-13196#
[PollStartAppStatusExecution] 13d670fa-b3d9-45a2-a5fe-b1c4b2817661 [2026-05-24T18:43:54.730428] Cell 77283d80-dfa7-40ba-ba4e-265aef112085 successfully destroyed container for instance 7060bede-8f47-41dd-7c74-7d87 (STDOUT, CELL)#
#2026 05 24 18:44:11.139#Z#DEBUG#3ea96a42-57a0-11f1-b455-eeee0a8493c0.field-task-cap-srv#flowable-async-job-executor-thread-13205#
[PollStartAppStatusExecution] 13d670fa-b3d9-45a2-a5fe-b1c4b2817661 [2026-05-24T18:43:52.086931] Cell 77283d80-dfa7-40ba-ba4e-265aef112085 stopping instance 7060bede-8f47-41dd-7c74-7d87 (STDOUT, CELL)#
#2026 05 24 18:44:11.139#Z#DEBUG#3ea96a42-57a0-11f1-b455-eeee0a8493c0.field-task-cap-srv#flowable-async-job-executor-thread-13205#
[PollStartAppStatusExecution] 13d670fa-b3d9-45a2-a5fe-b1c4b2817661 [2026-05-24T18:43:52.086974] Cell 77283d80-dfa7-40ba-ba4e-265aef112085 destroying container for instance 7060bede-8f47-41dd-7c74-7d87 (STDOUT, CELL)#
#2026 05 24 18:44:11.139#Z#DEBUG#3ea96a42-57a0-11f1-b455-eeee0a8493c0.field-task-cap-srv#flowable-async-job-executor-thread-13205#
[PollStartAppStatusExecution] 13d670fa-b3d9-45a2-a5fe-b1c4b2817661 [2026-05-24T18:43:52.104774] Process has crashed with type: "web" (STDOUT, API)#
#2026 05 24 18:44:11.139#Z#DEBUG#3ea96a42-57a0-11f1-b455-eeee0a8493c0.field-task-cap-srv#flowable-async-job-executor-thread-13205#
[PollStartAppStatusExecution] 13d670fa-b3d9-45a2-a5fe-b1c4b2817661 [2026-05-24T18:43:52.116836] App instance exited with guid 13d670fa-b3d9-45a2-a5fe-b1c4b2817661 payload: {"instance"=>"7060bede-8f47-41dd-7c74-7d87", "index"=>0, "cell_id"=>"77283d80-dfa7-40ba-ba4e-265aef112085", "reason"=>"CRASHED", "exit_description"=>"APP/PROC/WEB: Exited with status 1", "crash_count"=>3, "crash_timestamp"=>1779648232082914370, "version"=>"3dd3fd13-bd7b-44de-b7d7-ade6031f6daf"} (STDOUT, API)#
#2026 05 24 18:44:11.139#Z#DEBUG#3ea96a42-57a0-11f1-b455-eeee0a8493c0.field-task-cap-srv#flowable-async-job-executor-thread-13205#
[PollStartAppStatusExecution] 13d670fa-b3d9-45a2-a5fe-b1c4b2817661 [2026-05-24T18:43:52.332848] Exit status 137 (STDOUT, PROXY)#
#2026 05 24 18:44:11.139#Z#DEBUG#3ea96a42-57a0-11f1-b455-eeee0a8493c0.field-task-cap-srv#flowable-async-job-executor-thread-13205#
[PollStartAppStatusExecution] 13d670fa-b3d9-45a2-a5fe-b1c4b2817661 [2026-05-24T18:43:54.730428] Cell 77283d80-dfa7-40ba-ba4e-265aef112085 successfully destroyed container for instance 7060bede-8f47-41dd-7c74-7d87 (STDOUT, CELL)#
#2026 05 24 18:44:11.139#Z#DEBUG#3ea96a42-57a0-11f1-b455-eeee0a8493c0.field-task-cap-srv#flowable-async-job-executor-thread-13205#
[PollStartAppStatusExecution] 13d670fa-b3d9-45a2-a5fe-b1c4b2817661 [2026-05-24T18:44:01.873254] Stopping app with guid 13d670fa-b3d9-45a2-a5fe-b1c4b2817661 (STDOUT, API)#
#2026 05 24 18:44:11.139#Z#DEBUG#3ea96a42-57a0-11f1-b455-eeee0a8493c0.field-task-cap-srv#flowable-async-job-executor-thread-13205#
[PollStartAppStatusExecution] 13d670fa-b3d9-45a2-a5fe-b1c4b2817661 [2026-05-24T18:44:02.038167] Starting app with guid 13d670fa-b3d9-45a2-a5fe-b1c4b2817661 (STDOUT, API)#
#2026 05 24 18:44:11.139#Z#DEBUG#3ea96a42-57a0-11f1-b455-eeee0a8493c0.field-task-cap-srv#flowable-async-job-executor-thread-13205#
[PollStartAppStatusExecution] 13d670fa-b3d9-45a2-a5fe-b1c4b2817661 [2026-05-24T18:44:02.286177] Cell d1cc041a-d5a1-41d6-b9f6-6cda736ce3f0 creating container for instance 0998db77-849d-4ef6-5bae-0724 (STDOUT, CELL)#
#2026 05 24 18:44:11.139#Z#DEBUG#3ea96a42-57a0-11f1-b455-eeee0a8493c0.field-task-cap-srv#flowable-async-job-executor-thread-13205#
[PollStartAppStatusExecution] 13d670fa-b3d9-45a2-a5fe-b1c4b2817661 [2026-05-24T18:44:03.238968] Security group rules were updated (STDOUT, CELL)#
#2026 05 24 18:44:11.139#Z#DEBUG#3ea96a42-57a0-11f1-b455-eeee0a8493c0.field-task-cap-srv#flowable-async-job-executor-thread-13205#
[PollStartAppStatusExecution] 13d670fa-b3d9-45a2-a5fe-b1c4b2817661 [2026-05-24T18:44:03.319062] Cell d1cc041a-d5a1-41d6-b9f6-6cda736ce3f0 successfully created container for instance 0998db77-849d-4ef6-5bae-0724 (STDOUT, CELL)#
#2026 05 24 18:44:11.139#Z#DEBUG#3ea96a42-57a0-11f1-b455-eeee0a8493c0.field-task-cap-srv#flowable-async-job-executor-thread-13205#
[PollStartAppStatusExecution] 13d670fa-b3d9-45a2-a5fe-b1c4b2817661 [2026-05-24T18:44:03.754008] Downloading droplet... (STDOUT, CELL)#
#2026 05 24 18:44:11.139#Z#DEBUG#3ea96a42-57a0-11f1-b455-eeee0a8493c0.field-task-cap-srv#flowable-async-job-executor-thread-13205#
[PollStartAppStatusExecution] 13d670fa-b3d9-45a2-a5fe-b1c4b2817661 [2026-05-24T18:44:08.290694] Downloaded droplet (59.1M) (STDOUT, CELL)#
#2026 05 24 18:44:11.139#Z#DEBUG#3ea96a42-57a0-11f1-b455-eeee0a8493c0.field-task-cap-srv#flowable-async-job-executor-thread-13205#
[PollStartAppStatusExecution] 13d670fa-b3d9-45a2-a5fe-b1c4b2817661 [2026-05-24T18:44:08.290832] Starting health monitoring of container (STDOUT, CELL)#
#2026 05 24 18:44:11.139#Z#DEBUG#3ea96a42-57a0-11f1-b455-eeee0a8493c0.field-task-cap-srv#flowable-async-job-executor-thread-13205#
[PollStartAppStatusExecution] 13d670fa-b3d9-45a2-a5fe-b1c4b2817661 [2026-05-24T18:44:08.422062] Invoking pre-start scripts. (STDOUT, APP/PROC/WEB)#
#2026 05 24 18:44:11.139#Z#DEBUG#3ea96a42-57a0-11f1-b455-eeee0a8493c0.field-task-cap-srv#flowable-async-job-executor-thread-13205#
[PollStartAppStatusExecution] 13d670fa-b3d9-45a2-a5fe-b1c4b2817661 [2026-05-24T18:44:08.667325] Invoking start command. (STDOUT, APP/PROC/WEB)#
#2026 05 24 18:44:11.139#Z#DEBUG#3ea96a42-57a0-11f1-b455-eeee0a8493c0.field-task-cap-srv#flowable-async-job-executor-thread-13205#
[PollStartAppStatusExecution] 13d670fa-b3d9-45a2-a5fe-b1c4b2817661 [2026-05-24T18:44:09.210157] > field-task-cap@1.0.0 start (STDOUT, APP/PROC/WEB)#
#2026 05 24 18:44:11.139#Z#DEBUG#3ea96a42-57a0-11f1-b455-eeee0a8493c0.field-task-cap-srv#flowable-async-job-executor-thread-13205#
[PollStartAppStatusExecution] 13d670fa-b3d9-45a2-a5fe-b1c4b2817661 [2026-05-24T18:44:09.210185] > cds-serve (STDOUT, APP/PROC/WEB)#
#2026 05 24 18:44:11.139#Z#DEBUG#3ea96a42-57a0-11f1-b455-eeee0a8493c0.field-task-cap-srv#flowable-async-job-executor-thread-13205#
[PollStartAppStatusExecution] 13d670fa-b3d9-45a2-a5fe-b1c4b2817661 [2026-05-24T18:44:09.545056] {"level":"info","logger":"cds","timestamp":"2026-05-24T18:44:09.543Z","layer":"cds","component_type":"application","container_id":"10.32.1.5","component_id":"13d670fa-b3d9-45a2-a5fe-b1c4b2817661","component_name":"field-task-cap-srv","component_instance":0,"source_instance":0,"organization_name":"ca469c8atrial","organization_id":"a0cee0f7-f2bc-42d8-a02f-0c584ac68d52","space_name":"dev","space_id":"46e1c057-a44f-4d17-9493-f13823b5dffd","msg":"loaded model from 1 file(s):\n ","type":"log"} (STDOUT, APP/PROC/WEB)#
#2026 05 24 18:44:11.139#Z#DEBUG#3ea96a42-57a0-11f1-b455-eeee0a8493c0.field-task-cap-srv#flowable-async-job-executor-thread-13205#
[PollStartAppStatusExecution] 13d670fa-b3d9-45a2-a5fe-b1c4b2817661 [2026-05-24T18:44:09.545528] srv/csn.json (STDOUT, APP/PROC/WEB)#
#2026 05 24 18:44:11.139#Z#DEBUG#3ea96a42-57a0-11f1-b455-eeee0a8493c0.field-task-cap-srv#flowable-async-job-executor-thread-13205#
[PollStartAppStatusExecution] 13d670fa-b3d9-45a2-a5fe-b1c4b2817661 [2026-05-24T18:44:09.809644] {"level":"info","logger":"cds","timestamp":"2026-05-24T18:44:09.808Z","layer":"cds","component_type":"application","container_id":"10.32.1.5","component_id":"13d670fa-b3d9-45a2-a5fe-b1c4b2817661","component_name":"field-task-cap-srv","component_instance":0,"source_instance":0,"organization_name":"ca469c8atrial","organization_id":"a0cee0f7-f2bc-42d8-a02f-0c584ac68d52","space_name":"dev","space_id":"46e1c057-a44f-4d17-9493-f13823b5dffd","msg":"connect to db > hana {\n  database_id: 'cce80a2f-4f4f-4028-b914-ca6f5fb4d213',\n  host: 'cce80a2f-4f4f-4028-b914-ca6f5fb4d213.hna1.prod-us10.hanacloud.ondemand.com',\n  port: '443',\n  driver: 'com.sap.db.jdbc.Driver',\n  url: 'jdbc:sap://cce80a2f-4f4f-4028-b914-ca6f5fb4d213.hna1.prod-us10.hanacloud.ondemand.com:443?encrypt=true&validateCertificate=true&currentschema=FB0B8281EC704BE6803F7CA795D2E5F9',\n  schema: 'FB0B8281EC704BE6803F7CA795D2E5F9',\n  certificate: '...',\n  hdi_user: 'FB0B8281EC704BE6803F7CA795D2E5F9_B2HL5V4RXNMSBTI9JQIZABY9O_DT',\n  hdi_password: '...',\n  user: 'FB0B8281EC704BE6803F7CA795D2E5F9_B2HL5V4RXNMSBTI9JQIZABY9O_RT',\n  password: '...'\n}","type":"log"} (STDOUT, APP/PROC/WEB)#
#2026 05 24 18:44:11.139#Z#DEBUG#3ea96a42-57a0-11f1-b455-eeee0a8493c0.field-task-cap-srv#flowable-async-job-executor-thread-13205#
[PollStartAppStatusExecution] 13d670fa-b3d9-45a2-a5fe-b1c4b2817661 [2026-05-24T18:44:09.847965] {"level":"info","logger":"cds","timestamp":"2026-05-24T18:44:09.847Z","layer":"cds","component_type":"application","container_id":"10.32.1.5","component_id":"13d670fa-b3d9-45a2-a5fe-b1c4b2817661","component_name":"field-task-cap-srv","component_instance":0,"source_instance":0,"organization_name":"ca469c8atrial","organization_id":"a0cee0f7-f2bc-42d8-a02f-0c584ac68d52","space_name":"dev","space_id":"46e1c057-a44f-4d17-9493-f13823b5dffd","msg":"using auth strategy { kind: 'jwt' }","type":"log"} (STDOUT, APP/PROC/WEB)#
#2026 05 24 18:44:11.139#Z#DEBUG#3ea96a42-57a0-11f1-b455-eeee0a8493c0.field-task-cap-srv#flowable-async-job-executor-thread-13205#
[PollStartAppStatusExecution] 13d670fa-b3d9-45a2-a5fe-b1c4b2817661 [2026-05-24T18:44:09.849973] node:internal/modules/cjs/loader:1421 (STDERR, APP/PROC/WEB)#
#2026 05 24 18:44:11.139#Z#DEBUG#3ea96a42-57a0-11f1-b455-eeee0a8493c0.field-task-cap-srv#flowable-async-job-executor-thread-13205#
[PollStartAppStatusExecution] 13d670fa-b3d9-45a2-a5fe-b1c4b2817661 [2026-05-24T18:44:09.849993] const err = new Error(message); (STDERR, APP/PROC/WEB)#
#2026 05 24 18:44:11.139#Z#DEBUG#3ea96a42-57a0-11f1-b455-eeee0a8493c0.field-task-cap-srv#flowable-async-job-executor-thread-13205#
[PollStartAppStatusExecution] 13d670fa-b3d9-45a2-a5fe-b1c4b2817661 [2026-05-24T18:44:09.849998] ^ (STDERR, APP/PROC/WEB)#
#2026 05 24 18:44:11.139#Z#DEBUG#3ea96a42-57a0-11f1-b455-eeee0a8493c0.field-task-cap-srv#flowable-async-job-executor-thread-13205#
[PollStartAppStatusExecution] 13d670fa-b3d9-45a2-a5fe-b1c4b2817661 [2026-05-24T18:44:09.850001] Error: Cannot find '@sap/xssec'. Make sure to install it with 'npm i @sap/xssec' (STDERR, APP/PROC/WEB)#
#2026 05 24 18:44:11.139#Z#DEBUG#3ea96a42-57a0-11f1-b455-eeee0a8493c0.field-task-cap-srv#flowable-async-job-executor-thread-13205#
[PollStartAppStatusExecution] 13d670fa-b3d9-45a2-a5fe-b1c4b2817661 [2026-05-24T18:44:09.850005] Cannot find module '@sap/xssec' (STDERR, APP/PROC/WEB)#
#2026 05 24 18:44:11.139#Z#DEBUG#3ea96a42-57a0-11f1-b455-eeee0a8493c0.field-task-cap-srv#flowable-async-job-executor-thread-13205#
[PollStartAppStatusExecution] 13d670fa-b3d9-45a2-a5fe-b1c4b2817661 [2026-05-24T18:44:09.850007] Require stack: (STDERR, APP/PROC/WEB)#
#2026 05 24 18:44:11.139#Z#DEBUG#3ea96a42-57a0-11f1-b455-eeee0a8493c0.field-task-cap-srv#flowable-async-job-executor-thread-13205#
[PollStartAppStatusExecution] 13d670fa-b3d9-45a2-a5fe-b1c4b2817661 [2026-05-24T18:44:09.850010] - /home/vcap/app/node_modules/@sap/cds/lib/srv/middlewares/auth/xssec.js (STDERR, APP/PROC/WEB)#
#2026 05 24 18:44:11.139#Z#DEBUG#3ea96a42-57a0-11f1-b455-eeee0a8493c0.field-task-cap-srv#flowable-async-job-executor-thread-13205#
[PollStartAppStatusExecution] 13d670fa-b3d9-45a2-a5fe-b1c4b2817661 [2026-05-24T18:44:09.850016] - /home/vcap/app/node_modules/@sap/cds/lib/srv/middlewares/auth/jwt-auth.js (STDERR, APP/PROC/WEB)#
#2026 05 24 18:44:11.139#Z#DEBUG#3ea96a42-57a0-11f1-b455-eeee0a8493c0.field-task-cap-srv#flowable-async-job-executor-thread-13205#
[PollStartAppStatusExecution] 13d670fa-b3d9-45a2-a5fe-b1c4b2817661 [2026-05-24T18:44:09.850019] - /home/vcap/app/node_modules/@sap/cds/lib/srv/middlewares/auth/index.js (STDERR, APP/PROC/WEB)#
#2026 05 24 18:44:11.139#Z#DEBUG#3ea96a42-57a0-11f1-b455-eeee0a8493c0.field-task-cap-srv#flowable-async-job-executor-thread-13205#
[PollStartAppStatusExecution] 13d670fa-b3d9-45a2-a5fe-b1c4b2817661 [2026-05-24T18:44:09.850021] - /home/vcap/app/node_modules/@sap/cds/lib/srv/middlewares/index.js (STDERR, APP/PROC/WEB)#
#2026 05 24 18:44:11.139#Z#DEBUG#3ea96a42-57a0-11f1-b455-eeee0a8493c0.field-task-cap-srv#flowable-async-job-executor-thread-13205#
[PollStartAppStatusExecution] 13d670fa-b3d9-45a2-a5fe-b1c4b2817661 [2026-05-24T18:44:09.850030] - /home/vcap/app/node_modules/@sap/cds/lib/index.js (STDERR, APP/PROC/WEB)#
#2026 05 24 18:44:11.139#Z#DEBUG#3ea96a42-57a0-11f1-b455-eeee0a8493c0.field-task-cap-srv#flowable-async-job-executor-thread-13205#
[PollStartAppStatusExecution] 13d670fa-b3d9-45a2-a5fe-b1c4b2817661 [2026-05-24T18:44:09.850032] - /home/vcap/app/node_modules/@sap/cds/bin/serve.js (STDERR, APP/PROC/WEB)#
#2026 05 24 18:44:11.139#Z#DEBUG#3ea96a42-57a0-11f1-b455-eeee0a8493c0.field-task-cap-srv#flowable-async-job-executor-thread-13205#
[PollStartAppStatusExecution] 13d670fa-b3d9-45a2-a5fe-b1c4b2817661 [2026-05-24T18:44:09.850038] at Module._resolveFilename (node:internal/modules/cjs/loader:1421:15) (STDERR, APP/PROC/WEB)#
#2026 05 24 18:44:11.139#Z#DEBUG#3ea96a42-57a0-11f1-b455-eeee0a8493c0.field-task-cap-srv#flowable-async-job-executor-thread-13205#
[PollStartAppStatusExecution] 13d670fa-b3d9-45a2-a5fe-b1c4b2817661 [2026-05-24T18:44:09.850040] at defaultResolveImpl (node:internal/modules/cjs/loader:1059:19) (STDERR, APP/PROC/WEB)#
#2026 05 24 18:44:11.139#Z#DEBUG#3ea96a42-57a0-11f1-b455-eeee0a8493c0.field-task-cap-srv#flowable-async-job-executor-thread-13205#
[PollStartAppStatusExecution] 13d670fa-b3d9-45a2-a5fe-b1c4b2817661 [2026-05-24T18:44:09.850042] at resolveForCJSWithHooks (node:internal/modules/cjs/loader:1064:22) (STDERR, APP/PROC/WEB)#
#2026 05 24 18:44:11.139#Z#DEBUG#3ea96a42-57a0-11f1-b455-eeee0a8493c0.field-task-cap-srv#flowable-async-job-executor-thread-13205#
[PollStartAppStatusExecution] 13d670fa-b3d9-45a2-a5fe-b1c4b2817661 [2026-05-24T18:44:09.850044] at Module._load (node:internal/modules/cjs/loader:1227:37) (STDERR, APP/PROC/WEB)#
#2026 05 24 18:44:11.139#Z#DEBUG#3ea96a42-57a0-11f1-b455-eeee0a8493c0.field-task-cap-srv#flowable-async-job-executor-thread-13205#
[PollStartAppStatusExecution] 13d670fa-b3d9-45a2-a5fe-b1c4b2817661 [2026-05-24T18:44:09.850047] at TracingChannel.traceSync (node:diagnostics_channel:328:14) (STDERR, APP/PROC/WEB)#
#2026 05 24 18:44:11.139#Z#DEBUG#3ea96a42-57a0-11f1-b455-eeee0a8493c0.field-task-cap-srv#flowable-async-job-executor-thread-13205#
[PollStartAppStatusExecution] 13d670fa-b3d9-45a2-a5fe-b1c4b2817661 [2026-05-24T18:44:09.850049] at wrapModuleLoad (node:internal/modules/cjs/loader:245:24) (STDERR, APP/PROC/WEB)#
#2026 05 24 18:44:11.139#Z#DEBUG#3ea96a42-57a0-11f1-b455-eeee0a8493c0.field-task-cap-srv#flowable-async-job-executor-thread-13205#
[PollStartAppStatusExecution] 13d670fa-b3d9-45a2-a5fe-b1c4b2817661 [2026-05-24T18:44:09.850051] at Module.require (node:internal/modules/cjs/loader:1504:12) (STDERR, APP/PROC/WEB)#
#2026 05 24 18:44:11.139#Z#DEBUG#3ea96a42-57a0-11f1-b455-eeee0a8493c0.field-task-cap-srv#flowable-async-job-executor-thread-13205#
[PollStartAppStatusExecution] 13d670fa-b3d9-45a2-a5fe-b1c4b2817661 [2026-05-24T18:44:09.850053] at require (node:internal/modules/helpers:152:16) (STDERR, APP/PROC/WEB)#
#2026 05 24 18:44:11.139#Z#DEBUG#3ea96a42-57a0-11f1-b455-eeee0a8493c0.field-task-cap-srv#flowable-async-job-executor-thread-13205#
[PollStartAppStatusExecution] 13d670fa-b3d9-45a2-a5fe-b1c4b2817661 [2026-05-24T18:44:09.850056] at Object.<anonymous> (/home/vcap/app/node_modules/@sap/cds/lib/srv/middlewares/auth/xssec.js:2:17) (STDERR, APP/PROC/WEB)#
#2026 05 24 18:44:11.139#Z#DEBUG#3ea96a42-57a0-11f1-b455-eeee0a8493c0.field-task-cap-srv#flowable-async-job-executor-thread-13205#
[PollStartAppStatusExecution] 13d670fa-b3d9-45a2-a5fe-b1c4b2817661 [2026-05-24T18:44:09.850058] at Module._compile (node:internal/modules/cjs/loader:1761:14) { (STDERR, APP/PROC/WEB)#
#2026 05 24 18:44:11.139#Z#DEBUG#3ea96a42-57a0-11f1-b455-eeee0a8493c0.field-task-cap-srv#flowable-async-job-executor-thread-13205#
[PollStartAppStatusExecution] 13d670fa-b3d9-45a2-a5fe-b1c4b2817661 [2026-05-24T18:44:09.850060] code: 'MODULE_NOT_FOUND', (STDERR, APP/PROC/WEB)#
#2026 05 24 18:44:11.139#Z#DEBUG#3ea96a42-57a0-11f1-b455-eeee0a8493c0.field-task-cap-srv#flowable-async-job-executor-thread-13205#
[PollStartAppStatusExecution] 13d670fa-b3d9-45a2-a5fe-b1c4b2817661 [2026-05-24T18:44:09.850063] requireStack: [ (STDERR, APP/PROC/WEB)#
#2026 05 24 18:44:11.139#Z#DEBUG#3ea96a42-57a0-11f1-b455-eeee0a8493c0.field-task-cap-srv#flowable-async-job-executor-thread-13205#
[PollStartAppStatusExecution] 13d670fa-b3d9-45a2-a5fe-b1c4b2817661 [2026-05-24T18:44:09.850066] '/home/vcap/app/node_modules/@sap/cds/lib/srv/middlewares/auth/xssec.js', (STDERR, APP/PROC/WEB)#
#2026 05 24 18:44:11.139#Z#DEBUG#3ea96a42-57a0-11f1-b455-eeee0a8493c0.field-task-cap-srv#flowable-async-job-executor-thread-13205#
[PollStartAppStatusExecution] 13d670fa-b3d9-45a2-a5fe-b1c4b2817661 [2026-05-24T18:44:09.850068] '/home/vcap/app/node_modules/@sap/cds/lib/srv/middlewares/auth/jwt-auth.js', (STDERR, APP/PROC/WEB)#
#2026 05 24 18:44:11.139#Z#DEBUG#3ea96a42-57a0-11f1-b455-eeee0a8493c0.field-task-cap-srv#flowable-async-job-executor-thread-13205#
[PollStartAppStatusExecution] 13d670fa-b3d9-45a2-a5fe-b1c4b2817661 [2026-05-24T18:44:09.850073] '/home/vcap/app/node_modules/@sap/cds/lib/srv/middlewares/auth/index.js', (STDERR, APP/PROC/WEB)#
#2026 05 24 18:44:11.139#Z#DEBUG#3ea96a42-57a0-11f1-b455-eeee0a8493c0.field-task-cap-srv#flowable-async-job-executor-thread-13205#
[PollStartAppStatusExecution] 13d670fa-b3d9-45a2-a5fe-b1c4b2817661 [2026-05-24T18:44:09.850076] '/home/vcap/app/node_modules/@sap/cds/lib/srv/middlewares/index.js', (STDERR, APP/PROC/WEB)#
#2026 05 24 18:44:11.139#Z#DEBUG#3ea96a42-57a0-11f1-b455-eeee0a8493c0.field-task-cap-srv#flowable-async-job-executor-thread-13205#
[PollStartAppStatusExecution] 13d670fa-b3d9-45a2-a5fe-b1c4b2817661 [2026-05-24T18:44:09.850078] '/home/vcap/app/node_modules/@sap/cds/lib/index.js', (STDERR, APP/PROC/WEB)#
#2026 05 24 18:44:11.139#Z#DEBUG#3ea96a42-57a0-11f1-b455-eeee0a8493c0.field-task-cap-srv#flowable-async-job-executor-thread-13205#
[PollStartAppStatusExecution] 13d670fa-b3d9-45a2-a5fe-b1c4b2817661 [2026-05-24T18:44:09.850080] '/home/vcap/app/node_modules/@sap/cds/bin/serve.js' (STDERR, APP/PROC/WEB)#
#2026 05 24 18:44:11.139#Z#DEBUG#3ea96a42-57a0-11f1-b455-eeee0a8493c0.field-task-cap-srv#flowable-async-job-executor-thread-13205#
[PollStartAppStatusExecution] 13d670fa-b3d9-45a2-a5fe-b1c4b2817661 [2026-05-24T18:44:09.850085] ] (STDERR, APP/PROC/WEB)#
#2026 05 24 18:44:11.139#Z#DEBUG#3ea96a42-57a0-11f1-b455-eeee0a8493c0.field-task-cap-srv#flowable-async-job-executor-thread-13205#
[PollStartAppStatusExecution] 13d670fa-b3d9-45a2-a5fe-b1c4b2817661 [2026-05-24T18:44:09.850087] } (STDERR, APP/PROC/WEB)#
#2026 05 24 18:44:11.139#Z#DEBUG#3ea96a42-57a0-11f1-b455-eeee0a8493c0.field-task-cap-srv#flowable-async-job-executor-thread-13205#
[PollStartAppStatusExecution] 13d670fa-b3d9-45a2-a5fe-b1c4b2817661 [2026-05-24T18:44:09.850089] Node.js v24.13.0 (STDERR, APP/PROC/WEB)#
#2026 05 24 18:44:11.139#Z#DEBUG#3ea96a42-57a0-11f1-b455-eeee0a8493c0.field-task-cap-srv#flowable-async-job-executor-thread-13205#
[PollStartAppStatusExecution] 13d670fa-b3d9-45a2-a5fe-b1c4b2817661 [2026-05-24T18:44:09.868350] npm notice (STDERR, APP/PROC/WEB)#
#2026 05 24 18:44:11.139#Z#DEBUG#3ea96a42-57a0-11f1-b455-eeee0a8493c0.field-task-cap-srv#flowable-async-job-executor-thread-13205#
[PollStartAppStatusExecution] 13d670fa-b3d9-45a2-a5fe-b1c4b2817661 [2026-05-24T18:44:09.868386] npm notice New minor version of npm available! 11.6.2 -> 11.15.0 (STDERR, APP/PROC/WEB)#
#2026 05 24 18:44:11.139#Z#DEBUG#3ea96a42-57a0-11f1-b455-eeee0a8493c0.field-task-cap-srv#flowable-async-job-executor-thread-13205#
[PollStartAppStatusExecution] 13d670fa-b3d9-45a2-a5fe-b1c4b2817661 [2026-05-24T18:44:09.868391] npm notice Changelog: https://github.com/npm/cli/releases/tag/v11.15.0 (STDERR, APP/PROC/WEB)#
#2026 05 24 18:44:11.139#Z#DEBUG#3ea96a42-57a0-11f1-b455-eeee0a8493c0.field-task-cap-srv#flowable-async-job-executor-thread-13205#
[PollStartAppStatusExecution] 13d670fa-b3d9-45a2-a5fe-b1c4b2817661 [2026-05-24T18:44:09.868394] npm notice To update run: npm install -g npm@11.15.0 (STDERR, APP/PROC/WEB)#
#2026 05 24 18:44:11.139#Z#DEBUG#3ea96a42-57a0-11f1-b455-eeee0a8493c0.field-task-cap-srv#flowable-async-job-executor-thread-13205#
[PollStartAppStatusExecution] 13d670fa-b3d9-45a2-a5fe-b1c4b2817661 [2026-05-24T18:44:09.868397] npm notice (STDERR, APP/PROC/WEB)#
#2026 05 24 18:44:11.139#Z#DEBUG#3ea96a42-57a0-11f1-b455-eeee0a8493c0.field-task-cap-srv#flowable-async-job-executor-thread-13205#
[PollStartAppStatusExecution] 13d670fa-b3d9-45a2-a5fe-b1c4b2817661 [2026-05-24T18:44:09.953914] Exit status 1 (STDOUT, APP/PROC/WEB)#
#2026 05 24 18:44:21.099#Z#DEBUG#3ea96a42-57a0-11f1-b455-eeee0a8493c0.field-task-cap-srv#flowable-async-job-executor-thread-13211#
[PollStartAppStatusExecution] 13d670fa-b3d9-45a2-a5fe-b1c4b2817661 [2026-05-24T18:44:16.190999] Cell d1cc041a-d5a1-41d6-b9f6-6cda736ce3f0 stopping instance 0998db77-849d-4ef6-5bae-0724 (STDOUT, CELL)#
#2026 05 24 18:44:21.099#Z#DEBUG#3ea96a42-57a0-11f1-b455-eeee0a8493c0.field-task-cap-srv#flowable-async-job-executor-thread-13211#
[PollStartAppStatusExecution] 13d670fa-b3d9-45a2-a5fe-b1c4b2817661 [2026-05-24T18:44:16.191065] Cell d1cc041a-d5a1-41d6-b9f6-6cda736ce3f0 destroying container for instance 0998db77-849d-4ef6-5bae-0724 (STDOUT, CELL)#
#2026 05 24 18:44:21.099#Z#DEBUG#3ea96a42-57a0-11f1-b455-eeee0a8493c0.field-task-cap-srv#flowable-async-job-executor-thread-13211#
[PollStartAppStatusExecution] 13d670fa-b3d9-45a2-a5fe-b1c4b2817661 [2026-05-24T18:44:16.195642] Process has crashed with type: "web" (STDOUT, API)#
#2026 05 24 18:44:21.099#Z#DEBUG#3ea96a42-57a0-11f1-b455-eeee0a8493c0.field-task-cap-srv#flowable-async-job-executor-thread-13211#
[PollStartAppStatusExecution] 13d670fa-b3d9-45a2-a5fe-b1c4b2817661 [2026-05-24T18:44:16.210354] App instance exited with guid 13d670fa-b3d9-45a2-a5fe-b1c4b2817661 payload: {"instance"=>"0998db77-849d-4ef6-5bae-0724", "index"=>0, "cell_id"=>"d1cc041a-d5a1-41d6-b9f6-6cda736ce3f0", "reason"=>"CRASHED", "exit_description"=>"APP/PROC/WEB: Exited with status 1", "crash_count"=>1, "crash_timestamp"=>1779648256172287466, "version"=>"005a73af-54c3-4adc-9b0d-16e27fe4270b"} (STDOUT, API)#
#2026 05 24 18:44:21.099#Z#DEBUG#3ea96a42-57a0-11f1-b455-eeee0a8493c0.field-task-cap-srv#flowable-async-job-executor-thread-13211#
[PollStartAppStatusExecution] 13d670fa-b3d9-45a2-a5fe-b1c4b2817661 [2026-05-24T18:44:16.303210] Cell 77283d80-dfa7-40ba-ba4e-265aef112085 creating container for instance 7f2c4892-408d-4056-51cd-1787 (STDOUT, CELL)#
#2026 05 24 18:44:21.099#Z#DEBUG#3ea96a42-57a0-11f1-b455-eeee0a8493c0.field-task-cap-srv#flowable-async-job-executor-thread-13211#
[PollStartAppStatusExecution] 13d670fa-b3d9-45a2-a5fe-b1c4b2817661 [2026-05-24T18:44:16.413545] Exit status 137 (STDOUT, PROXY)#
#2026 05 24 18:44:21.099#Z#DEBUG#3ea96a42-57a0-11f1-b455-eeee0a8493c0.field-task-cap-srv#flowable-async-job-executor-thread-13211#
[PollStartAppStatusExecution] 13d670fa-b3d9-45a2-a5fe-b1c4b2817661 [2026-05-24T18:44:17.088034] Security group rules were updated (STDOUT, CELL)#
#2026 05 24 18:44:21.099#Z#DEBUG#3ea96a42-57a0-11f1-b455-eeee0a8493c0.field-task-cap-srv#flowable-async-job-executor-thread-13211#
[PollStartAppStatusExecution] 13d670fa-b3d9-45a2-a5fe-b1c4b2817661 [2026-05-24T18:44:17.187569] Cell 77283d80-dfa7-40ba-ba4e-265aef112085 successfully created container for instance 7f2c4892-408d-4056-51cd-1787 (STDOUT, CELL)#
#2026 05 24 18:44:21.099#Z#DEBUG#3ea96a42-57a0-11f1-b455-eeee0a8493c0.field-task-cap-srv#flowable-async-job-executor-thread-13211#
[PollStartAppStatusExecution] 13d670fa-b3d9-45a2-a5fe-b1c4b2817661 [2026-05-24T18:44:17.597911] Downloading droplet... (STDOUT, CELL)#
#2026 05 24 18:44:21.099#Z#DEBUG#3ea96a42-57a0-11f1-b455-eeee0a8493c0.field-task-cap-srv#flowable-async-job-executor-thread-13211#
[PollStartAppStatusExecution] 13d670fa-b3d9-45a2-a5fe-b1c4b2817661 [2026-05-24T18:44:18.542784] Cell d1cc041a-d5a1-41d6-b9f6-6cda736ce3f0 successfully destroyed container for instance 0998db77-849d-4ef6-5bae-0724 (STDOUT, CELL)#
#2026 05 24 18:44:31.100#Z#DEBUG#3ea96a42-57a0-11f1-b455-eeee0a8493c0.field-task-cap-srv#flowable-async-job-executor-thread-13218#
[PollStartAppStatusExecution] 13d670fa-b3d9-45a2-a5fe-b1c4b2817661 [2026-05-24T18:44:21.986592] Downloaded droplet (59.1M) (STDOUT, CELL)#
#2026 05 24 18:44:31.100#Z#DEBUG#3ea96a42-57a0-11f1-b455-eeee0a8493c0.field-task-cap-srv#flowable-async-job-executor-thread-13218#
[PollStartAppStatusExecution] 13d670fa-b3d9-45a2-a5fe-b1c4b2817661 [2026-05-24T18:44:21.986944] Starting health monitoring of container (STDOUT, CELL)#
#2026 05 24 18:44:31.100#Z#DEBUG#3ea96a42-57a0-11f1-b455-eeee0a8493c0.field-task-cap-srv#flowable-async-job-executor-thread-13218#
[PollStartAppStatusExecution] 13d670fa-b3d9-45a2-a5fe-b1c4b2817661 [2026-05-24T18:44:22.112370] Invoking pre-start scripts. (STDOUT, APP/PROC/WEB)#
#2026 05 24 18:44:31.100#Z#DEBUG#3ea96a42-57a0-11f1-b455-eeee0a8493c0.field-task-cap-srv#flowable-async-job-executor-thread-13218#
[PollStartAppStatusExecution] 13d670fa-b3d9-45a2-a5fe-b1c4b2817661 [2026-05-24T18:44:22.339901] Invoking start command. (STDOUT, APP/PROC/WEB)#
#2026 05 24 18:44:31.100#Z#DEBUG#3ea96a42-57a0-11f1-b455-eeee0a8493c0.field-task-cap-srv#flowable-async-job-executor-thread-13218#
[PollStartAppStatusExecution] 13d670fa-b3d9-45a2-a5fe-b1c4b2817661 [2026-05-24T18:44:22.806375] > field-task-cap@1.0.0 start (STDOUT, APP/PROC/WEB)#
#2026 05 24 18:44:31.100#Z#DEBUG#3ea96a42-57a0-11f1-b455-eeee0a8493c0.field-task-cap-srv#flowable-async-job-executor-thread-13218#
[PollStartAppStatusExecution] 13d670fa-b3d9-45a2-a5fe-b1c4b2817661 [2026-05-24T18:44:22.806404] > cds-serve (STDOUT, APP/PROC/WEB)#
#2026 05 24 18:44:31.100#Z#DEBUG#3ea96a42-57a0-11f1-b455-eeee0a8493c0.field-task-cap-srv#flowable-async-job-executor-thread-13218#
[PollStartAppStatusExecution] 13d670fa-b3d9-45a2-a5fe-b1c4b2817661 [2026-05-24T18:44:23.113664] {"level":"info","logger":"cds","timestamp":"2026-05-24T18:44:23.112Z","layer":"cds","component_type":"application","container_id":"10.32.3.6","component_id":"13d670fa-b3d9-45a2-a5fe-b1c4b2817661","component_name":"field-task-cap-srv","component_instance":0,"source_instance":0,"organization_name":"ca469c8atrial","organization_id":"a0cee0f7-f2bc-42d8-a02f-0c584ac68d52","space_name":"dev","space_id":"46e1c057-a44f-4d17-9493-f13823b5dffd","msg":"loaded model from 1 file(s):\n ","type":"log"} (STDOUT, APP/PROC/WEB)#
#2026 05 24 18:44:31.100#Z#DEBUG#3ea96a42-57a0-11f1-b455-eeee0a8493c0.field-task-cap-srv#flowable-async-job-executor-thread-13218#
[PollStartAppStatusExecution] 13d670fa-b3d9-45a2-a5fe-b1c4b2817661 [2026-05-24T18:44:23.114093] srv/csn.json (STDOUT, APP/PROC/WEB)#
#2026 05 24 18:44:31.100#Z#DEBUG#3ea96a42-57a0-11f1-b455-eeee0a8493c0.field-task-cap-srv#flowable-async-job-executor-thread-13218#
[PollStartAppStatusExecution] 13d670fa-b3d9-45a2-a5fe-b1c4b2817661 [2026-05-24T18:44:23.333463] {"level":"info","logger":"cds","timestamp":"2026-05-24T18:44:23.332Z","layer":"cds","component_type":"application","container_id":"10.32.3.6","component_id":"13d670fa-b3d9-45a2-a5fe-b1c4b2817661","component_name":"field-task-cap-srv","component_instance":0,"source_instance":0,"organization_name":"ca469c8atrial","organization_id":"a0cee0f7-f2bc-42d8-a02f-0c584ac68d52","space_name":"dev","space_id":"46e1c057-a44f-4d17-9493-f13823b5dffd","msg":"connect to db > hana {\n  database_id: 'cce80a2f-4f4f-4028-b914-ca6f5fb4d213',\n  host: 'cce80a2f-4f4f-4028-b914-ca6f5fb4d213.hna1.prod-us10.hanacloud.ondemand.com',\n  port: '443',\n  driver: 'com.sap.db.jdbc.Driver',\n  url: 'jdbc:sap://cce80a2f-4f4f-4028-b914-ca6f5fb4d213.hna1.prod-us10.hanacloud.ondemand.com:443?encrypt=true&validateCertificate=true&currentschema=FB0B8281EC704BE6803F7CA795D2E5F9',\n  schema: 'FB0B8281EC704BE6803F7CA795D2E5F9',\n  certificate: '...',\n  hdi_user: 'FB0B8281EC704BE6803F7CA795D2E5F9_B2HL5V4RXNMSBTI9JQIZABY9O_DT',\n  hdi_password: '...',\n  user: 'FB0B8281EC704BE6803F7CA795D2E5F9_B2HL5V4RXNMSBTI9JQIZABY9O_RT',\n  password: '...'\n}","type":"log"} (STDOUT, APP/PROC/WEB)#
#2026 05 24 18:44:31.100#Z#DEBUG#3ea96a42-57a0-11f1-b455-eeee0a8493c0.field-task-cap-srv#flowable-async-job-executor-thread-13218#
[PollStartAppStatusExecution] 13d670fa-b3d9-45a2-a5fe-b1c4b2817661 [2026-05-24T18:44:23.368547] {"level":"info","logger":"cds","timestamp":"2026-05-24T18:44:23.367Z","layer":"cds","component_type":"application","container_id":"10.32.3.6","component_id":"13d670fa-b3d9-45a2-a5fe-b1c4b2817661","component_name":"field-task-cap-srv","component_instance":0,"source_instance":0,"organization_name":"ca469c8atrial","organization_id":"a0cee0f7-f2bc-42d8-a02f-0c584ac68d52","space_name":"dev","space_id":"46e1c057-a44f-4d17-9493-f13823b5dffd","msg":"using auth strategy { kind: 'jwt' }","type":"log"} (STDOUT, APP/PROC/WEB)#
#2026 05 24 18:44:31.100#Z#DEBUG#3ea96a42-57a0-11f1-b455-eeee0a8493c0.field-task-cap-srv#flowable-async-job-executor-thread-13218#
[PollStartAppStatusExecution] 13d670fa-b3d9-45a2-a5fe-b1c4b2817661 [2026-05-24T18:44:23.370506] node:internal/modules/cjs/loader:1421 (STDERR, APP/PROC/WEB)#
#2026 05 24 18:44:31.100#Z#DEBUG#3ea96a42-57a0-11f1-b455-eeee0a8493c0.field-task-cap-srv#flowable-async-job-executor-thread-13218#
[PollStartAppStatusExecution] 13d670fa-b3d9-45a2-a5fe-b1c4b2817661 [2026-05-24T18:44:23.370524] const err = new Error(message); (STDERR, APP/PROC/WEB)#
#2026 05 24 18:44:31.100#Z#DEBUG#3ea96a42-57a0-11f1-b455-eeee0a8493c0.field-task-cap-srv#flowable-async-job-executor-thread-13218#
[PollStartAppStatusExecution] 13d670fa-b3d9-45a2-a5fe-b1c4b2817661 [2026-05-24T18:44:23.370544] ^ (STDERR, APP/PROC/WEB)#
#2026 05 24 18:44:31.100#Z#DEBUG#3ea96a42-57a0-11f1-b455-eeee0a8493c0.field-task-cap-srv#flowable-async-job-executor-thread-13218#
[PollStartAppStatusExecution] 13d670fa-b3d9-45a2-a5fe-b1c4b2817661 [2026-05-24T18:44:23.370549] Error: Cannot find '@sap/xssec'. Make sure to install it with 'npm i @sap/xssec' (STDERR, APP/PROC/WEB)#
#2026 05 24 18:44:31.100#Z#DEBUG#3ea96a42-57a0-11f1-b455-eeee0a8493c0.field-task-cap-srv#flowable-async-job-executor-thread-13218#
[PollStartAppStatusExecution] 13d670fa-b3d9-45a2-a5fe-b1c4b2817661 [2026-05-24T18:44:23.370554] Cannot find module '@sap/xssec' (STDERR, APP/PROC/WEB)#
#2026 05 24 18:44:31.100#Z#DEBUG#3ea96a42-57a0-11f1-b455-eeee0a8493c0.field-task-cap-srv#flowable-async-job-executor-thread-13218#
[PollStartAppStatusExecution] 13d670fa-b3d9-45a2-a5fe-b1c4b2817661 [2026-05-24T18:44:23.370556] Require stack: (STDERR, APP/PROC/WEB)#
#2026 05 24 18:44:31.100#Z#DEBUG#3ea96a42-57a0-11f1-b455-eeee0a8493c0.field-task-cap-srv#flowable-async-job-executor-thread-13218#
[PollStartAppStatusExecution] 13d670fa-b3d9-45a2-a5fe-b1c4b2817661 [2026-05-24T18:44:23.370559] - /home/vcap/app/node_modules/@sap/cds/lib/srv/middlewares/auth/xssec.js (STDERR, APP/PROC/WEB)#
#2026 05 24 18:44:31.100#Z#DEBUG#3ea96a42-57a0-11f1-b455-eeee0a8493c0.field-task-cap-srv#flowable-async-job-executor-thread-13218#
[PollStartAppStatusExecution] 13d670fa-b3d9-45a2-a5fe-b1c4b2817661 [2026-05-24T18:44:23.370570] - /home/vcap/app/node_modules/@sap/cds/lib/srv/middlewares/auth/jwt-auth.js (STDERR, APP/PROC/WEB)#
#2026 05 24 18:44:31.100#Z#DEBUG#3ea96a42-57a0-11f1-b455-eeee0a8493c0.field-task-cap-srv#flowable-async-job-executor-thread-13218#
[PollStartAppStatusExecution] 13d670fa-b3d9-45a2-a5fe-b1c4b2817661 [2026-05-24T18:44:23.370573] - /home/vcap/app/node_modules/@sap/cds/lib/srv/middlewares/auth/index.js (STDERR, APP/PROC/WEB)#
#2026 05 24 18:44:31.100#Z#DEBUG#3ea96a42-57a0-11f1-b455-eeee0a8493c0.field-task-cap-srv#flowable-async-job-executor-thread-13218#
[PollStartAppStatusExecution] 13d670fa-b3d9-45a2-a5fe-b1c4b2817661 [2026-05-24T18:44:23.370576] - /home/vcap/app/node_modules/@sap/cds/lib/srv/middlewares/index.js (STDERR, APP/PROC/WEB)#
#2026 05 24 18:44:31.100#Z#DEBUG#3ea96a42-57a0-11f1-b455-eeee0a8493c0.field-task-cap-srv#flowable-async-job-executor-thread-13218#
[PollStartAppStatusExecution] 13d670fa-b3d9-45a2-a5fe-b1c4b2817661 [2026-05-24T18:44:23.370579] - /home/vcap/app/node_modules/@sap/cds/lib/index.js (STDERR, APP/PROC/WEB)#
#2026 05 24 18:44:31.100#Z#DEBUG#3ea96a42-57a0-11f1-b455-eeee0a8493c0.field-task-cap-srv#flowable-async-job-executor-thread-13218#
[PollStartAppStatusExecution] 13d670fa-b3d9-45a2-a5fe-b1c4b2817661 [2026-05-24T18:44:23.370581] - /home/vcap/app/node_modules/@sap/cds/bin/serve.js (STDERR, APP/PROC/WEB)#
#2026 05 24 18:44:31.100#Z#DEBUG#3ea96a42-57a0-11f1-b455-eeee0a8493c0.field-task-cap-srv#flowable-async-job-executor-thread-13218#
[PollStartAppStatusExecution] 13d670fa-b3d9-45a2-a5fe-b1c4b2817661 [2026-05-24T18:44:23.370587] at Module._resolveFilename (node:internal/modules/cjs/loader:1421:15) (STDERR, APP/PROC/WEB)#
#2026 05 24 18:44:31.100#Z#DEBUG#3ea96a42-57a0-11f1-b455-eeee0a8493c0.field-task-cap-srv#flowable-async-job-executor-thread-13218#
[PollStartAppStatusExecution] 13d670fa-b3d9-45a2-a5fe-b1c4b2817661 [2026-05-24T18:44:23.370593] at defaultResolveImpl (node:internal/modules/cjs/loader:1059:19) (STDERR, APP/PROC/WEB)#
#2026 05 24 18:44:31.100#Z#DEBUG#3ea96a42-57a0-11f1-b455-eeee0a8493c0.field-task-cap-srv#flowable-async-job-executor-thread-13218#
[PollStartAppStatusExecution] 13d670fa-b3d9-45a2-a5fe-b1c4b2817661 [2026-05-24T18:44:23.370599] at resolveForCJSWithHooks (node:internal/modules/cjs/loader:1064:22) (STDERR, APP/PROC/WEB)#
#2026 05 24 18:44:31.100#Z#DEBUG#3ea96a42-57a0-11f1-b455-eeee0a8493c0.field-task-cap-srv#flowable-async-job-executor-thread-13218#
[PollStartAppStatusExecution] 13d670fa-b3d9-45a2-a5fe-b1c4b2817661 [2026-05-24T18:44:23.370602] at Module._load (node:internal/modules/cjs/loader:1227:37) (STDERR, APP/PROC/WEB)#
#2026 05 24 18:44:31.100#Z#DEBUG#3ea96a42-57a0-11f1-b455-eeee0a8493c0.field-task-cap-srv#flowable-async-job-executor-thread-13218#
[PollStartAppStatusExecution] 13d670fa-b3d9-45a2-a5fe-b1c4b2817661 [2026-05-24T18:44:23.370605] at TracingChannel.traceSync (node:diagnostics_channel:328:14) (STDERR, APP/PROC/WEB)#
#2026 05 24 18:44:31.100#Z#DEBUG#3ea96a42-57a0-11f1-b455-eeee0a8493c0.field-task-cap-srv#flowable-async-job-executor-thread-13218#
[PollStartAppStatusExecution] 13d670fa-b3d9-45a2-a5fe-b1c4b2817661 [2026-05-24T18:44:23.370607] at wrapModuleLoad (node:internal/modules/cjs/loader:245:24) (STDERR, APP/PROC/WEB)#
#2026 05 24 18:44:31.100#Z#DEBUG#3ea96a42-57a0-11f1-b455-eeee0a8493c0.field-task-cap-srv#flowable-async-job-executor-thread-13218#
[PollStartAppStatusExecution] 13d670fa-b3d9-45a2-a5fe-b1c4b2817661 [2026-05-24T18:44:23.370610] at Module.require (node:internal/modules/cjs/loader:1504:12) (STDERR, APP/PROC/WEB)#
#2026 05 24 18:44:31.100#Z#DEBUG#3ea96a42-57a0-11f1-b455-eeee0a8493c0.field-task-cap-srv#flowable-async-job-executor-thread-13218#
[PollStartAppStatusExecution] 13d670fa-b3d9-45a2-a5fe-b1c4b2817661 [2026-05-24T18:44:23.370612] at require (node:internal/modules/helpers:152:16) (STDERR, APP/PROC/WEB)#
#2026 05 24 18:44:31.100#Z#DEBUG#3ea96a42-57a0-11f1-b455-eeee0a8493c0.field-task-cap-srv#flowable-async-job-executor-thread-13218#
[PollStartAppStatusExecution] 13d670fa-b3d9-45a2-a5fe-b1c4b2817661 [2026-05-24T18:44:23.370615] at Object.<anonymous> (/home/vcap/app/node_modules/@sap/cds/lib/srv/middlewares/auth/xssec.js:2:17) (STDERR, APP/PROC/WEB)#
#2026 05 24 18:44:31.100#Z#DEBUG#3ea96a42-57a0-11f1-b455-eeee0a8493c0.field-task-cap-srv#flowable-async-job-executor-thread-13218#
[PollStartAppStatusExecution] 13d670fa-b3d9-45a2-a5fe-b1c4b2817661 [2026-05-24T18:44:23.370622] at Module._compile (node:internal/modules/cjs/loader:1761:14) { (STDERR, APP/PROC/WEB)#
#2026 05 24 18:44:31.100#Z#DEBUG#3ea96a42-57a0-11f1-b455-eeee0a8493c0.field-task-cap-srv#flowable-async-job-executor-thread-13218#
[PollStartAppStatusExecution] 13d670fa-b3d9-45a2-a5fe-b1c4b2817661 [2026-05-24T18:44:23.370625] code: 'MODULE_NOT_FOUND', (STDERR, APP/PROC/WEB)#
#2026 05 24 18:44:31.100#Z#DEBUG#3ea96a42-57a0-11f1-b455-eeee0a8493c0.field-task-cap-srv#flowable-async-job-executor-thread-13218#
[PollStartAppStatusExecution] 13d670fa-b3d9-45a2-a5fe-b1c4b2817661 [2026-05-24T18:44:23.370627] requireStack: [ (STDERR, APP/PROC/WEB)#
#2026 05 24 18:44:31.100#Z#DEBUG#3ea96a42-57a0-11f1-b455-eeee0a8493c0.field-task-cap-srv#flowable-async-job-executor-thread-13218#
[PollStartAppStatusExecution] 13d670fa-b3d9-45a2-a5fe-b1c4b2817661 [2026-05-24T18:44:23.370630] '/home/vcap/app/node_modules/@sap/cds/lib/srv/middlewares/auth/xssec.js', (STDERR, APP/PROC/WEB)#
#2026 05 24 18:44:31.100#Z#DEBUG#3ea96a42-57a0-11f1-b455-eeee0a8493c0.field-task-cap-srv#flowable-async-job-executor-thread-13218#
[PollStartAppStatusExecution] 13d670fa-b3d9-45a2-a5fe-b1c4b2817661 [2026-05-24T18:44:23.370633] '/home/vcap/app/node_modules/@sap/cds/lib/srv/middlewares/auth/jwt-auth.js', (STDERR, APP/PROC/WEB)#
#2026 05 24 18:44:31.100#Z#DEBUG#3ea96a42-57a0-11f1-b455-eeee0a8493c0.field-task-cap-srv#flowable-async-job-executor-thread-13218#
[PollStartAppStatusExecution] 13d670fa-b3d9-45a2-a5fe-b1c4b2817661 [2026-05-24T18:44:23.370635] '/home/vcap/app/node_modules/@sap/cds/lib/srv/middlewares/auth/index.js', (STDERR, APP/PROC/WEB)#
#2026 05 24 18:44:31.100#Z#DEBUG#3ea96a42-57a0-11f1-b455-eeee0a8493c0.field-task-cap-srv#flowable-async-job-executor-thread-13218#
[PollStartAppStatusExecution] 13d670fa-b3d9-45a2-a5fe-b1c4b2817661 [2026-05-24T18:44:23.370638] '/home/vcap/app/node_modules/@sap/cds/lib/srv/middlewares/index.js', (STDERR, APP/PROC/WEB)#
#2026 05 24 18:44:31.100#Z#DEBUG#3ea96a42-57a0-11f1-b455-eeee0a8493c0.field-task-cap-srv#flowable-async-job-executor-thread-13218#
[PollStartAppStatusExecution] 13d670fa-b3d9-45a2-a5fe-b1c4b2817661 [2026-05-24T18:44:23.370643] '/home/vcap/app/node_modules/@sap/cds/lib/index.js', (STDERR, APP/PROC/WEB)#
#2026 05 24 18:44:31.100#Z#DEBUG#3ea96a42-57a0-11f1-b455-eeee0a8493c0.field-task-cap-srv#flowable-async-job-executor-thread-13218#
[PollStartAppStatusExecution] 13d670fa-b3d9-45a2-a5fe-b1c4b2817661 [2026-05-24T18:44:23.370653] '/home/vcap/app/node_modules/@sap/cds/bin/serve.js' (STDERR, APP/PROC/WEB)#
#2026 05 24 18:44:31.100#Z#DEBUG#3ea96a42-57a0-11f1-b455-eeee0a8493c0.field-task-cap-srv#flowable-async-job-executor-thread-13218#
[PollStartAppStatusExecution] 13d670fa-b3d9-45a2-a5fe-b1c4b2817661 [2026-05-24T18:44:23.370655] ] (STDERR, APP/PROC/WEB)#
#2026 05 24 18:44:31.100#Z#DEBUG#3ea96a42-57a0-11f1-b455-eeee0a8493c0.field-task-cap-srv#flowable-async-job-executor-thread-13218#
[PollStartAppStatusExecution] 13d670fa-b3d9-45a2-a5fe-b1c4b2817661 [2026-05-24T18:44:23.370658] } (STDERR, APP/PROC/WEB)#
#2026 05 24 18:44:31.100#Z#DEBUG#3ea96a42-57a0-11f1-b455-eeee0a8493c0.field-task-cap-srv#flowable-async-job-executor-thread-13218#
[PollStartAppStatusExecution] 13d670fa-b3d9-45a2-a5fe-b1c4b2817661 [2026-05-24T18:44:23.370660] Node.js v24.13.0 (STDERR, APP/PROC/WEB)#
#2026 05 24 18:44:31.100#Z#DEBUG#3ea96a42-57a0-11f1-b455-eeee0a8493c0.field-task-cap-srv#flowable-async-job-executor-thread-13218#
[PollStartAppStatusExecution] 13d670fa-b3d9-45a2-a5fe-b1c4b2817661 [2026-05-24T18:44:23.389307] npm notice (STDERR, APP/PROC/WEB)#
#2026 05 24 18:44:31.100#Z#DEBUG#3ea96a42-57a0-11f1-b455-eeee0a8493c0.field-task-cap-srv#flowable-async-job-executor-thread-13218#
[PollStartAppStatusExecution] 13d670fa-b3d9-45a2-a5fe-b1c4b2817661 [2026-05-24T18:44:23.389332] npm notice New minor version of npm available! 11.6.2 -> 11.15.0 (STDERR, APP/PROC/WEB)#
#2026 05 24 18:44:31.100#Z#DEBUG#3ea96a42-57a0-11f1-b455-eeee0a8493c0.field-task-cap-srv#flowable-async-job-executor-thread-13218#
[PollStartAppStatusExecution] 13d670fa-b3d9-45a2-a5fe-b1c4b2817661 [2026-05-24T18:44:23.389336] npm notice Changelog: https://github.com/npm/cli/releases/tag/v11.15.0 (STDERR, APP/PROC/WEB)#
#2026 05 24 18:44:31.100#Z#DEBUG#3ea96a42-57a0-11f1-b455-eeee0a8493c0.field-task-cap-srv#flowable-async-job-executor-thread-13218#
[PollStartAppStatusExecution] 13d670fa-b3d9-45a2-a5fe-b1c4b2817661 [2026-05-24T18:44:23.389339] npm notice To update run: npm install -g npm@11.15.0 (STDERR, APP/PROC/WEB)#
#2026 05 24 18:44:31.100#Z#DEBUG#3ea96a42-57a0-11f1-b455-eeee0a8493c0.field-task-cap-srv#flowable-async-job-executor-thread-13218#
[PollStartAppStatusExecution] 13d670fa-b3d9-45a2-a5fe-b1c4b2817661 [2026-05-24T18:44:23.389342] npm notice (STDERR, APP/PROC/WEB)#
#2026 05 24 18:44:31.100#Z#DEBUG#3ea96a42-57a0-11f1-b455-eeee0a8493c0.field-task-cap-srv#flowable-async-job-executor-thread-13218#
[PollStartAppStatusExecution] 13d670fa-b3d9-45a2-a5fe-b1c4b2817661 [2026-05-24T18:44:23.469030] Exit status 1 (STDOUT, APP/PROC/WEB)#
#2026 05 24 18:44:31.100#Z#DEBUG#3ea96a42-57a0-11f1-b455-eeee0a8493c0.field-task-cap-srv#flowable-async-job-executor-thread-13218#
[PollStartAppStatusExecution] 13d670fa-b3d9-45a2-a5fe-b1c4b2817661 [2026-05-24T18:44:30.044394] Cell 77283d80-dfa7-40ba-ba4e-265aef112085 stopping instance 7f2c4892-408d-4056-51cd-1787 (STDOUT, CELL)#
#2026 05 24 18:44:31.100#Z#DEBUG#3ea96a42-57a0-11f1-b455-eeee0a8493c0.field-task-cap-srv#flowable-async-job-executor-thread-13218#
[PollStartAppStatusExecution] 13d670fa-b3d9-45a2-a5fe-b1c4b2817661 [2026-05-24T18:44:30.044451] Cell 77283d80-dfa7-40ba-ba4e-265aef112085 destroying container for instance 7f2c4892-408d-4056-51cd-1787 (STDOUT, CELL)#
#2026 05 24 18:44:31.100#Z#DEBUG#3ea96a42-57a0-11f1-b455-eeee0a8493c0.field-task-cap-srv#flowable-async-job-executor-thread-13218#
[PollStartAppStatusExecution] 13d670fa-b3d9-45a2-a5fe-b1c4b2817661 [2026-05-24T18:44:30.063283] Process has crashed with type: "web" (STDOUT, API)#
#2026 05 24 18:44:31.100#Z#DEBUG#3ea96a42-57a0-11f1-b455-eeee0a8493c0.field-task-cap-srv#flowable-async-job-executor-thread-13218#
[PollStartAppStatusExecution] 13d670fa-b3d9-45a2-a5fe-b1c4b2817661 [2026-05-24T18:44:30.075470] App instance exited with guid 13d670fa-b3d9-45a2-a5fe-b1c4b2817661 payload: {"instance"=>"7f2c4892-408d-4056-51cd-1787", "index"=>0, "cell_id"=>"77283d80-dfa7-40ba-ba4e-265aef112085", "reason"=>"CRASHED", "exit_description"=>"APP/PROC/WEB: Exited with status 1", "crash_count"=>2, "crash_timestamp"=>1779648270025074926, "version"=>"005a73af-54c3-4adc-9b0d-16e27fe4270b"} (STDOUT, API)#
#2026 05 24 18:44:31.100#Z#DEBUG#3ea96a42-57a0-11f1-b455-eeee0a8493c0.field-task-cap-srv#flowable-async-job-executor-thread-13218#
[PollStartAppStatusExecution] 13d670fa-b3d9-45a2-a5fe-b1c4b2817661 [2026-05-24T18:44:30.201675] Cell d1cc041a-d5a1-41d6-b9f6-6cda736ce3f0 creating container for instance bcf071ef-fcd0-4060-5f34-bf8d (STDOUT, CELL)#
#2026 05 24 18:44:31.100#Z#DEBUG#3ea96a42-57a0-11f1-b455-eeee0a8493c0.field-task-cap-srv#flowable-async-job-executor-thread-13218#
[PollStartAppStatusExecution] 13d670fa-b3d9-45a2-a5fe-b1c4b2817661 [2026-05-24T18:44:30.352181] Exit status 137 (STDOUT, PROXY)#
#2026 05 24 18:44:41.134#Z#DEBUG#3ea96a42-57a0-11f1-b455-eeee0a8493c0.field-task-cap-srv#flowable-async-job-executor-thread-13225#
[PollStartAppStatusExecution] 13d670fa-b3d9-45a2-a5fe-b1c4b2817661 [2026-05-24T18:44:31.042988] Security group rules were updated (STDOUT, CELL)#
#2026 05 24 18:44:41.134#Z#DEBUG#3ea96a42-57a0-11f1-b455-eeee0a8493c0.field-task-cap-srv#flowable-async-job-executor-thread-13225#
[PollStartAppStatusExecution] 13d670fa-b3d9-45a2-a5fe-b1c4b2817661 [2026-05-24T18:44:31.149957] Cell d1cc041a-d5a1-41d6-b9f6-6cda736ce3f0 successfully created container for instance bcf071ef-fcd0-4060-5f34-bf8d (STDOUT, CELL)#
#2026 05 24 18:44:41.134#Z#DEBUG#3ea96a42-57a0-11f1-b455-eeee0a8493c0.field-task-cap-srv#flowable-async-job-executor-thread-13225#
[PollStartAppStatusExecution] 13d670fa-b3d9-45a2-a5fe-b1c4b2817661 [2026-05-24T18:44:32.106446] Downloading droplet... (STDOUT, CELL)#
#2026 05 24 18:44:41.134#Z#DEBUG#3ea96a42-57a0-11f1-b455-eeee0a8493c0.field-task-cap-srv#flowable-async-job-executor-thread-13225#
[PollStartAppStatusExecution] 13d670fa-b3d9-45a2-a5fe-b1c4b2817661 [2026-05-24T18:44:32.495391] Cell 77283d80-dfa7-40ba-ba4e-265aef112085 successfully destroyed container for instance 7f2c4892-408d-4056-51cd-1787 (STDOUT, CELL)#
#2026 05 24 18:44:41.134#Z#DEBUG#3ea96a42-57a0-11f1-b455-eeee0a8493c0.field-task-cap-srv#flowable-async-job-executor-thread-13225#
[PollStartAppStatusExecution] 13d670fa-b3d9-45a2-a5fe-b1c4b2817661 [2026-05-24T18:44:33.919535] Downloaded droplet (STDOUT, CELL)#
#2026 05 24 18:44:41.134#Z#DEBUG#3ea96a42-57a0-11f1-b455-eeee0a8493c0.field-task-cap-srv#flowable-async-job-executor-thread-13225#
[PollStartAppStatusExecution] 13d670fa-b3d9-45a2-a5fe-b1c4b2817661 [2026-05-24T18:44:33.919810] Starting health monitoring of container (STDOUT, CELL)#
#2026 05 24 18:44:41.134#Z#DEBUG#3ea96a42-57a0-11f1-b455-eeee0a8493c0.field-task-cap-srv#flowable-async-job-executor-thread-13225#
[PollStartAppStatusExecution] 13d670fa-b3d9-45a2-a5fe-b1c4b2817661 [2026-05-24T18:44:34.070741] Invoking pre-start scripts. (STDOUT, APP/PROC/WEB)#
#2026 05 24 18:44:41.134#Z#DEBUG#3ea96a42-57a0-11f1-b455-eeee0a8493c0.field-task-cap-srv#flowable-async-job-executor-thread-13225#
[PollStartAppStatusExecution] 13d670fa-b3d9-45a2-a5fe-b1c4b2817661 [2026-05-24T18:44:34.276736] Invoking start command. (STDOUT, APP/PROC/WEB)#
#2026 05 24 18:44:41.134#Z#DEBUG#3ea96a42-57a0-11f1-b455-eeee0a8493c0.field-task-cap-srv#flowable-async-job-executor-thread-13225#
[PollStartAppStatusExecution] 13d670fa-b3d9-45a2-a5fe-b1c4b2817661 [2026-05-24T18:44:34.790511] > field-task-cap@1.0.0 start (STDOUT, APP/PROC/WEB)#
#2026 05 24 18:44:41.134#Z#DEBUG#3ea96a42-57a0-11f1-b455-eeee0a8493c0.field-task-cap-srv#flowable-async-job-executor-thread-13225#
[PollStartAppStatusExecution] 13d670fa-b3d9-45a2-a5fe-b1c4b2817661 [2026-05-24T18:44:34.790543] > cds-serve (STDOUT, APP/PROC/WEB)#
#2026 05 24 18:44:41.134#Z#DEBUG#3ea96a42-57a0-11f1-b455-eeee0a8493c0.field-task-cap-srv#flowable-async-job-executor-thread-13225#
[PollStartAppStatusExecution] 13d670fa-b3d9-45a2-a5fe-b1c4b2817661 [2026-05-24T18:44:35.094312] {"level":"info","logger":"cds","timestamp":"2026-05-24T18:44:35.092Z","layer":"cds","component_type":"application","container_id":"10.32.1.5","component_id":"13d670fa-b3d9-45a2-a5fe-b1c4b2817661","component_name":"field-task-cap-srv","component_instance":0,"source_instance":0,"organization_name":"ca469c8atrial","organization_id":"a0cee0f7-f2bc-42d8-a02f-0c584ac68d52","space_name":"dev","space_id":"46e1c057-a44f-4d17-9493-f13823b5dffd","msg":"loaded model from 1 file(s):\n ","type":"log"} (STDOUT, APP/PROC/WEB)#
#2026 05 24 18:44:41.134#Z#DEBUG#3ea96a42-57a0-11f1-b455-eeee0a8493c0.field-task-cap-srv#flowable-async-job-executor-thread-13225#
[PollStartAppStatusExecution] 13d670fa-b3d9-45a2-a5fe-b1c4b2817661 [2026-05-24T18:44:35.095125] srv/csn.json (STDOUT, APP/PROC/WEB)#
#2026 05 24 18:44:41.134#Z#DEBUG#3ea96a42-57a0-11f1-b455-eeee0a8493c0.field-task-cap-srv#flowable-async-job-executor-thread-13225#
[PollStartAppStatusExecution] 13d670fa-b3d9-45a2-a5fe-b1c4b2817661 [2026-05-24T18:44:35.322728] {"level":"info","logger":"cds","timestamp":"2026-05-24T18:44:35.321Z","layer":"cds","component_type":"application","container_id":"10.32.1.5","component_id":"13d670fa-b3d9-45a2-a5fe-b1c4b2817661","component_name":"field-task-cap-srv","component_instance":0,"source_instance":0,"organization_name":"ca469c8atrial","organization_id":"a0cee0f7-f2bc-42d8-a02f-0c584ac68d52","space_name":"dev","space_id":"46e1c057-a44f-4d17-9493-f13823b5dffd","msg":"connect to db > hana {\n  database_id: 'cce80a2f-4f4f-4028-b914-ca6f5fb4d213',\n  host: 'cce80a2f-4f4f-4028-b914-ca6f5fb4d213.hna1.prod-us10.hanacloud.ondemand.com',\n  port: '443',\n  driver: 'com.sap.db.jdbc.Driver',\n  url: 'jdbc:sap://cce80a2f-4f4f-4028-b914-ca6f5fb4d213.hna1.prod-us10.hanacloud.ondemand.com:443?encrypt=true&validateCertificate=true&currentschema=FB0B8281EC704BE6803F7CA795D2E5F9',\n  schema: 'FB0B8281EC704BE6803F7CA795D2E5F9',\n  certificate: '...',\n  hdi_user: 'FB0B8281EC704BE6803F7CA795D2E5F9_B2HL5V4RXNMSBTI9JQIZABY9O_DT',\n  hdi_password: '...',\n  user: 'FB0B8281EC704BE6803F7CA795D2E5F9_B2HL5V4RXNMSBTI9JQIZABY9O_RT',\n  password: '...'\n}","type":"log"} (STDOUT, APP/PROC/WEB)#
#2026 05 24 18:44:41.134#Z#DEBUG#3ea96a42-57a0-11f1-b455-eeee0a8493c0.field-task-cap-srv#flowable-async-job-executor-thread-13225#
[PollStartAppStatusExecution] 13d670fa-b3d9-45a2-a5fe-b1c4b2817661 [2026-05-24T18:44:35.356148] {"level":"info","logger":"cds","timestamp":"2026-05-24T18:44:35.355Z","layer":"cds","component_type":"application","container_id":"10.32.1.5","component_id":"13d670fa-b3d9-45a2-a5fe-b1c4b2817661","component_name":"field-task-cap-srv","component_instance":0,"source_instance":0,"organization_name":"ca469c8atrial","organization_id":"a0cee0f7-f2bc-42d8-a02f-0c584ac68d52","space_name":"dev","space_id":"46e1c057-a44f-4d17-9493-f13823b5dffd","msg":"using auth strategy { kind: 'jwt' }","type":"log"} (STDOUT, APP/PROC/WEB)#
#2026 05 24 18:44:41.134#Z#DEBUG#3ea96a42-57a0-11f1-b455-eeee0a8493c0.field-task-cap-srv#flowable-async-job-executor-thread-13225#
[PollStartAppStatusExecution] 13d670fa-b3d9-45a2-a5fe-b1c4b2817661 [2026-05-24T18:44:35.358020] node:internal/modules/cjs/loader:1421 (STDERR, APP/PROC/WEB)#
#2026 05 24 18:44:41.134#Z#DEBUG#3ea96a42-57a0-11f1-b455-eeee0a8493c0.field-task-cap-srv#flowable-async-job-executor-thread-13225#
[PollStartAppStatusExecution] 13d670fa-b3d9-45a2-a5fe-b1c4b2817661 [2026-05-24T18:44:35.358053] const err = new Error(message); (STDERR, APP/PROC/WEB)#
#2026 05 24 18:44:41.134#Z#DEBUG#3ea96a42-57a0-11f1-b455-eeee0a8493c0.field-task-cap-srv#flowable-async-job-executor-thread-13225#
[PollStartAppStatusExecution] 13d670fa-b3d9-45a2-a5fe-b1c4b2817661 [2026-05-24T18:44:35.358058] ^ (STDERR, APP/PROC/WEB)#
#2026 05 24 18:44:41.134#Z#DEBUG#3ea96a42-57a0-11f1-b455-eeee0a8493c0.field-task-cap-srv#flowable-async-job-executor-thread-13225#
[PollStartAppStatusExecution] 13d670fa-b3d9-45a2-a5fe-b1c4b2817661 [2026-05-24T18:44:35.358065] Error: Cannot find '@sap/xssec'. Make sure to install it with 'npm i @sap/xssec' (STDERR, APP/PROC/WEB)#
#2026 05 24 18:44:41.134#Z#DEBUG#3ea96a42-57a0-11f1-b455-eeee0a8493c0.field-task-cap-srv#flowable-async-job-executor-thread-13225#
[PollStartAppStatusExecution] 13d670fa-b3d9-45a2-a5fe-b1c4b2817661 [2026-05-24T18:44:35.358068] Cannot find module '@sap/xssec' (STDERR, APP/PROC/WEB)#
#2026 05 24 18:44:41.134#Z#DEBUG#3ea96a42-57a0-11f1-b455-eeee0a8493c0.field-task-cap-srv#flowable-async-job-executor-thread-13225#
[PollStartAppStatusExecution] 13d670fa-b3d9-45a2-a5fe-b1c4b2817661 [2026-05-24T18:44:35.358080] Require stack: (STDERR, APP/PROC/WEB)#
#2026 05 24 18:44:41.134#Z#DEBUG#3ea96a42-57a0-11f1-b455-eeee0a8493c0.field-task-cap-srv#flowable-async-job-executor-thread-13225#
[PollStartAppStatusExecution] 13d670fa-b3d9-45a2-a5fe-b1c4b2817661 [2026-05-24T18:44:35.358082] - /home/vcap/app/node_modules/@sap/cds/lib/srv/middlewares/auth/xssec.js (STDERR, APP/PROC/WEB)#
#2026 05 24 18:44:41.134#Z#DEBUG#3ea96a42-57a0-11f1-b455-eeee0a8493c0.field-task-cap-srv#flowable-async-job-executor-thread-13225#
[PollStartAppStatusExecution] 13d670fa-b3d9-45a2-a5fe-b1c4b2817661 [2026-05-24T18:44:35.358085] - /home/vcap/app/node_modules/@sap/cds/lib/srv/middlewares/auth/jwt-auth.js (STDERR, APP/PROC/WEB)#
#2026 05 24 18:44:41.134#Z#DEBUG#3ea96a42-57a0-11f1-b455-eeee0a8493c0.field-task-cap-srv#flowable-async-job-executor-thread-13225#
[PollStartAppStatusExecution] 13d670fa-b3d9-45a2-a5fe-b1c4b2817661 [2026-05-24T18:44:35.358093] - /home/vcap/app/node_modules/@sap/cds/lib/srv/middlewares/auth/index.js (STDERR, APP/PROC/WEB)#
#2026 05 24 18:44:41.134#Z#DEBUG#3ea96a42-57a0-11f1-b455-eeee0a8493c0.field-task-cap-srv#flowable-async-job-executor-thread-13225#
[PollStartAppStatusExecution] 13d670fa-b3d9-45a2-a5fe-b1c4b2817661 [2026-05-24T18:44:35.358096] - /home/vcap/app/node_modules/@sap/cds/lib/srv/middlewares/index.js (STDERR, APP/PROC/WEB)#
#2026 05 24 18:44:41.134#Z#DEBUG#3ea96a42-57a0-11f1-b455-eeee0a8493c0.field-task-cap-srv#flowable-async-job-executor-thread-13225#
[PollStartAppStatusExecution] 13d670fa-b3d9-45a2-a5fe-b1c4b2817661 [2026-05-24T18:44:35.358099] - /home/vcap/app/node_modules/@sap/cds/lib/index.js (STDERR, APP/PROC/WEB)#
#2026 05 24 18:44:41.134#Z#DEBUG#3ea96a42-57a0-11f1-b455-eeee0a8493c0.field-task-cap-srv#flowable-async-job-executor-thread-13225#
[PollStartAppStatusExecution] 13d670fa-b3d9-45a2-a5fe-b1c4b2817661 [2026-05-24T18:44:35.358100] - /home/vcap/app/node_modules/@sap/cds/bin/serve.js (STDERR, APP/PROC/WEB)#
#2026 05 24 18:44:41.134#Z#DEBUG#3ea96a42-57a0-11f1-b455-eeee0a8493c0.field-task-cap-srv#flowable-async-job-executor-thread-13225#
[PollStartAppStatusExecution] 13d670fa-b3d9-45a2-a5fe-b1c4b2817661 [2026-05-24T18:44:35.358102] at Module._resolveFilename (node:internal/modules/cjs/loader:1421:15) (STDERR, APP/PROC/WEB)#
#2026 05 24 18:44:41.134#Z#DEBUG#3ea96a42-57a0-11f1-b455-eeee0a8493c0.field-task-cap-srv#flowable-async-job-executor-thread-13225#
[PollStartAppStatusExecution] 13d670fa-b3d9-45a2-a5fe-b1c4b2817661 [2026-05-24T18:44:35.358104] at defaultResolveImpl (node:internal/modules/cjs/loader:1059:19) (STDERR, APP/PROC/WEB)#
#2026 05 24 18:44:41.134#Z#DEBUG#3ea96a42-57a0-11f1-b455-eeee0a8493c0.field-task-cap-srv#flowable-async-job-executor-thread-13225#
[PollStartAppStatusExecution] 13d670fa-b3d9-45a2-a5fe-b1c4b2817661 [2026-05-24T18:44:35.358109] at resolveForCJSWithHooks (node:internal/modules/cjs/loader:1064:22) (STDERR, APP/PROC/WEB)#
#2026 05 24 18:44:41.134#Z#DEBUG#3ea96a42-57a0-11f1-b455-eeee0a8493c0.field-task-cap-srv#flowable-async-job-executor-thread-13225#
[PollStartAppStatusExecution] 13d670fa-b3d9-45a2-a5fe-b1c4b2817661 [2026-05-24T18:44:35.358116] at Module._load (node:internal/modules/cjs/loader:1227:37) (STDERR, APP/PROC/WEB)#
#2026 05 24 18:44:41.134#Z#DEBUG#3ea96a42-57a0-11f1-b455-eeee0a8493c0.field-task-cap-srv#flowable-async-job-executor-thread-13225#
[PollStartAppStatusExecution] 13d670fa-b3d9-45a2-a5fe-b1c4b2817661 [2026-05-24T18:44:35.358118] at TracingChannel.traceSync (node:diagnostics_channel:328:14) (STDERR, APP/PROC/WEB)#
#2026 05 24 18:44:41.134#Z#DEBUG#3ea96a42-57a0-11f1-b455-eeee0a8493c0.field-task-cap-srv#flowable-async-job-executor-thread-13225#
[PollStartAppStatusExecution] 13d670fa-b3d9-45a2-a5fe-b1c4b2817661 [2026-05-24T18:44:35.358120] at wrapModuleLoad (node:internal/modules/cjs/loader:245:24) (STDERR, APP/PROC/WEB)#
#2026 05 24 18:44:41.134#Z#DEBUG#3ea96a42-57a0-11f1-b455-eeee0a8493c0.field-task-cap-srv#flowable-async-job-executor-thread-13225#
[PollStartAppStatusExecution] 13d670fa-b3d9-45a2-a5fe-b1c4b2817661 [2026-05-24T18:44:35.358122] at Module.require (node:internal/modules/cjs/loader:1504:12) (STDERR, APP/PROC/WEB)#
#2026 05 24 18:44:41.134#Z#DEBUG#3ea96a42-57a0-11f1-b455-eeee0a8493c0.field-task-cap-srv#flowable-async-job-executor-thread-13225#
[PollStartAppStatusExecution] 13d670fa-b3d9-45a2-a5fe-b1c4b2817661 [2026-05-24T18:44:35.358124] at require (node:internal/modules/helpers:152:16) (STDERR, APP/PROC/WEB)#
#2026 05 24 18:44:41.134#Z#DEBUG#3ea96a42-57a0-11f1-b455-eeee0a8493c0.field-task-cap-srv#flowable-async-job-executor-thread-13225#
[PollStartAppStatusExecution] 13d670fa-b3d9-45a2-a5fe-b1c4b2817661 [2026-05-24T18:44:35.358127] at Object.<anonymous> (/home/vcap/app/node_modules/@sap/cds/lib/srv/middlewares/auth/xssec.js:2:17) (STDERR, APP/PROC/WEB)#
#2026 05 24 18:44:41.134#Z#DEBUG#3ea96a42-57a0-11f1-b455-eeee0a8493c0.field-task-cap-srv#flowable-async-job-executor-thread-13225#
[PollStartAppStatusExecution] 13d670fa-b3d9-45a2-a5fe-b1c4b2817661 [2026-05-24T18:44:35.358129] at Module._compile (node:internal/modules/cjs/loader:1761:14) { (STDERR, APP/PROC/WEB)#
#2026 05 24 18:44:41.134#Z#DEBUG#3ea96a42-57a0-11f1-b455-eeee0a8493c0.field-task-cap-srv#flowable-async-job-executor-thread-13225#
[PollStartAppStatusExecution] 13d670fa-b3d9-45a2-a5fe-b1c4b2817661 [2026-05-24T18:44:35.358134] code: 'MODULE_NOT_FOUND', (STDERR, APP/PROC/WEB)#
#2026 05 24 18:44:41.134#Z#DEBUG#3ea96a42-57a0-11f1-b455-eeee0a8493c0.field-task-cap-srv#flowable-async-job-executor-thread-13225#
[PollStartAppStatusExecution] 13d670fa-b3d9-45a2-a5fe-b1c4b2817661 [2026-05-24T18:44:35.358137] requireStack: [ (STDERR, APP/PROC/WEB)#
#2026 05 24 18:44:41.134#Z#DEBUG#3ea96a42-57a0-11f1-b455-eeee0a8493c0.field-task-cap-srv#flowable-async-job-executor-thread-13225#
[PollStartAppStatusExecution] 13d670fa-b3d9-45a2-a5fe-b1c4b2817661 [2026-05-24T18:44:35.358140] '/home/vcap/app/node_modules/@sap/cds/lib/srv/middlewares/auth/xssec.js', (STDERR, APP/PROC/WEB)#
#2026 05 24 18:44:41.134#Z#DEBUG#3ea96a42-57a0-11f1-b455-eeee0a8493c0.field-task-cap-srv#flowable-async-job-executor-thread-13225#
[PollStartAppStatusExecution] 13d670fa-b3d9-45a2-a5fe-b1c4b2817661 [2026-05-24T18:44:35.358142] '/home/vcap/app/node_modules/@sap/cds/lib/srv/middlewares/auth/jwt-auth.js', (STDERR, APP/PROC/WEB)#
#2026 05 24 18:44:41.134#Z#DEBUG#3ea96a42-57a0-11f1-b455-eeee0a8493c0.field-task-cap-srv#flowable-async-job-executor-thread-13225#
[PollStartAppStatusExecution] 13d670fa-b3d9-45a2-a5fe-b1c4b2817661 [2026-05-24T18:44:35.358144] '/home/vcap/app/node_modules/@sap/cds/lib/srv/middlewares/auth/index.js', (STDERR, APP/PROC/WEB)#
#2026 05 24 18:44:41.134#Z#DEBUG#3ea96a42-57a0-11f1-b455-eeee0a8493c0.field-task-cap-srv#flowable-async-job-executor-thread-13225#
[PollStartAppStatusExecution] 13d670fa-b3d9-45a2-a5fe-b1c4b2817661 [2026-05-24T18:44:35.358146] '/home/vcap/app/node_modules/@sap/cds/lib/srv/middlewares/index.js', (STDERR, APP/PROC/WEB)#
#2026 05 24 18:44:41.134#Z#DEBUG#3ea96a42-57a0-11f1-b455-eeee0a8493c0.field-task-cap-srv#flowable-async-job-executor-thread-13225#
[PollStartAppStatusExecution] 13d670fa-b3d9-45a2-a5fe-b1c4b2817661 [2026-05-24T18:44:35.358148] '/home/vcap/app/node_modules/@sap/cds/lib/index.js', (STDERR, APP/PROC/WEB)#
#2026 05 24 18:44:41.134#Z#DEBUG#3ea96a42-57a0-11f1-b455-eeee0a8493c0.field-task-cap-srv#flowable-async-job-executor-thread-13225#
[PollStartAppStatusExecution] 13d670fa-b3d9-45a2-a5fe-b1c4b2817661 [2026-05-24T18:44:35.358155] '/home/vcap/app/node_modules/@sap/cds/bin/serve.js' (STDERR, APP/PROC/WEB)#
#2026 05 24 18:44:41.134#Z#DEBUG#3ea96a42-57a0-11f1-b455-eeee0a8493c0.field-task-cap-srv#flowable-async-job-executor-thread-13225#
[PollStartAppStatusExecution] 13d670fa-b3d9-45a2-a5fe-b1c4b2817661 [2026-05-24T18:44:35.358157] ] (STDERR, APP/PROC/WEB)#
#2026 05 24 18:44:41.134#Z#DEBUG#3ea96a42-57a0-11f1-b455-eeee0a8493c0.field-task-cap-srv#flowable-async-job-executor-thread-13225#
[PollStartAppStatusExecution] 13d670fa-b3d9-45a2-a5fe-b1c4b2817661 [2026-05-24T18:44:35.358158] } (STDERR, APP/PROC/WEB)#
#2026 05 24 18:44:41.134#Z#DEBUG#3ea96a42-57a0-11f1-b455-eeee0a8493c0.field-task-cap-srv#flowable-async-job-executor-thread-13225#
[PollStartAppStatusExecution] 13d670fa-b3d9-45a2-a5fe-b1c4b2817661 [2026-05-24T18:44:35.358168] Node.js v24.13.0 (STDERR, APP/PROC/WEB)#
#2026 05 24 18:44:41.134#Z#DEBUG#3ea96a42-57a0-11f1-b455-eeee0a8493c0.field-task-cap-srv#flowable-async-job-executor-thread-13225#
[PollStartAppStatusExecution] 13d670fa-b3d9-45a2-a5fe-b1c4b2817661 [2026-05-24T18:44:35.375877] npm notice (STDERR, APP/PROC/WEB)#
#2026 05 24 18:44:41.134#Z#DEBUG#3ea96a42-57a0-11f1-b455-eeee0a8493c0.field-task-cap-srv#flowable-async-job-executor-thread-13225#
[PollStartAppStatusExecution] 13d670fa-b3d9-45a2-a5fe-b1c4b2817661 [2026-05-24T18:44:35.375910] npm notice New minor version of npm available! 11.6.2 -> 11.15.0 (STDERR, APP/PROC/WEB)#
#2026 05 24 18:44:41.134#Z#DEBUG#3ea96a42-57a0-11f1-b455-eeee0a8493c0.field-task-cap-srv#flowable-async-job-executor-thread-13225#
[PollStartAppStatusExecution] 13d670fa-b3d9-45a2-a5fe-b1c4b2817661 [2026-05-24T18:44:35.375915] npm notice Changelog: https://github.com/npm/cli/releases/tag/v11.15.0 (STDERR, APP/PROC/WEB)#
#2026 05 24 18:44:41.134#Z#DEBUG#3ea96a42-57a0-11f1-b455-eeee0a8493c0.field-task-cap-srv#flowable-async-job-executor-thread-13225#
[PollStartAppStatusExecution] 13d670fa-b3d9-45a2-a5fe-b1c4b2817661 [2026-05-24T18:44:35.375917] npm notice To update run: npm install -g npm@11.15.0 (STDERR, APP/PROC/WEB)#
#2026 05 24 18:44:41.134#Z#DEBUG#3ea96a42-57a0-11f1-b455-eeee0a8493c0.field-task-cap-srv#flowable-async-job-executor-thread-13225#
[PollStartAppStatusExecution] 13d670fa-b3d9-45a2-a5fe-b1c4b2817661 [2026-05-24T18:44:35.375929] npm notice (STDERR, APP/PROC/WEB)#
#2026 05 24 18:44:41.134#Z#DEBUG#3ea96a42-57a0-11f1-b455-eeee0a8493c0.field-task-cap-srv#flowable-async-job-executor-thread-13225#
[PollStartAppStatusExecution] 13d670fa-b3d9-45a2-a5fe-b1c4b2817661 [2026-05-24T18:44:35.459207] Exit status 1 (STDOUT, APP/PROC/WEB)#
#2026 05 24 18:44:51.109#Z#DEBUG#3ea96a42-57a0-11f1-b455-eeee0a8493c0.field-task-cap-srv#flowable-async-job-executor-thread-13227#
[PollStartAppStatusExecution] 13d670fa-b3d9-45a2-a5fe-b1c4b2817661 [2026-05-24T18:44:41.899740] Cell d1cc041a-d5a1-41d6-b9f6-6cda736ce3f0 stopping instance bcf071ef-fcd0-4060-5f34-bf8d (STDOUT, CELL)#
#2026 05 24 18:44:51.109#Z#DEBUG#3ea96a42-57a0-11f1-b455-eeee0a8493c0.field-task-cap-srv#flowable-async-job-executor-thread-13227#
[PollStartAppStatusExecution] 13d670fa-b3d9-45a2-a5fe-b1c4b2817661 [2026-05-24T18:44:41.899786] Cell d1cc041a-d5a1-41d6-b9f6-6cda736ce3f0 destroying container for instance bcf071ef-fcd0-4060-5f34-bf8d (STDOUT, CELL)#
#2026 05 24 18:44:51.109#Z#DEBUG#3ea96a42-57a0-11f1-b455-eeee0a8493c0.field-task-cap-srv#flowable-async-job-executor-thread-13227#
[PollStartAppStatusExecution] 13d670fa-b3d9-45a2-a5fe-b1c4b2817661 [2026-05-24T18:44:41.917946] Process has crashed with type: "web" (STDOUT, API)#
#2026 05 24 18:44:51.109#Z#DEBUG#3ea96a42-57a0-11f1-b455-eeee0a8493c0.field-task-cap-srv#flowable-async-job-executor-thread-13227#
[PollStartAppStatusExecution] 13d670fa-b3d9-45a2-a5fe-b1c4b2817661 [2026-05-24T18:44:41.931456] App instance exited with guid 13d670fa-b3d9-45a2-a5fe-b1c4b2817661 payload: {"instance"=>"bcf071ef-fcd0-4060-5f34-bf8d", "index"=>0, "cell_id"=>"d1cc041a-d5a1-41d6-b9f6-6cda736ce3f0", "reason"=>"CRASHED", "exit_description"=>"APP/PROC/WEB: Exited with status 1", "crash_count"=>3, "crash_timestamp"=>1779648281895943736, "version"=>"005a73af-54c3-4adc-9b0d-16e27fe4270b"} (STDOUT, API)#
#2026 05 24 18:44:51.109#Z#DEBUG#3ea96a42-57a0-11f1-b455-eeee0a8493c0.field-task-cap-srv#flowable-async-job-executor-thread-13227#
[PollStartAppStatusExecution] 13d670fa-b3d9-45a2-a5fe-b1c4b2817661 [2026-05-24T18:44:42.123481] Exit status 137 (STDOUT, PROXY)#
#2026 05 24 18:44:51.109#Z#DEBUG#3ea96a42-57a0-11f1-b455-eeee0a8493c0.field-task-cap-srv#flowable-async-job-executor-thread-13227#
[PollStartAppStatusExecution] 13d670fa-b3d9-45a2-a5fe-b1c4b2817661 [2026-05-24T18:44:44.588948] Cell d1cc041a-d5a1-41d6-b9f6-6cda736ce3f0 successfully destroyed container for instance bcf071ef-fcd0-4060-5f34-bf8d (STDOUT, CELL)#
#2026 05 24 18:45:01.212#Z#DEBUG#3ea96a42-57a0-11f1-b455-eeee0a8493c0.field-task-cap-srv#flowable-async-job-executor-thread-13229#
[PollStartAppStatusExecution] 13d670fa-b3d9-45a2-a5fe-b1c4b2817661 [2026-05-24T18:44:41.899740] Cell d1cc041a-d5a1-41d6-b9f6-6cda736ce3f0 stopping instance bcf071ef-fcd0-4060-5f34-bf8d (STDOUT, CELL)#
#2026 05 24 18:45:01.212#Z#DEBUG#3ea96a42-57a0-11f1-b455-eeee0a8493c0.field-task-cap-srv#flowable-async-job-executor-thread-13229#
[PollStartAppStatusExecution] 13d670fa-b3d9-45a2-a5fe-b1c4b2817661 [2026-05-24T18:44:41.899786] Cell d1cc041a-d5a1-41d6-b9f6-6cda736ce3f0 destroying container for instance bcf071ef-fcd0-4060-5f34-bf8d (STDOUT, CELL)#
#2026 05 24 18:45:01.212#Z#DEBUG#3ea96a42-57a0-11f1-b455-eeee0a8493c0.field-task-cap-srv#flowable-async-job-executor-thread-13229#
[PollStartAppStatusExecution] 13d670fa-b3d9-45a2-a5fe-b1c4b2817661 [2026-05-24T18:44:41.917946] Process has crashed with type: "web" (STDOUT, API)#
#2026 05 24 18:45:01.212#Z#DEBUG#3ea96a42-57a0-11f1-b455-eeee0a8493c0.field-task-cap-srv#flowable-async-job-executor-thread-13229#
[PollStartAppStatusExecution] 13d670fa-b3d9-45a2-a5fe-b1c4b2817661 [2026-05-24T18:44:41.931456] App instance exited with guid 13d670fa-b3d9-45a2-a5fe-b1c4b2817661 payload: {"instance"=>"bcf071ef-fcd0-4060-5f34-bf8d", "index"=>0, "cell_id"=>"d1cc041a-d5a1-41d6-b9f6-6cda736ce3f0", "reason"=>"CRASHED", "exit_description"=>"APP/PROC/WEB: Exited with status 1", "crash_count"=>3, "crash_timestamp"=>1779648281895943736, "version"=>"005a73af-54c3-4adc-9b0d-16e27fe4270b"} (STDOUT, API)#
#2026 05 24 18:45:01.212#Z#DEBUG#3ea96a42-57a0-11f1-b455-eeee0a8493c0.field-task-cap-srv#flowable-async-job-executor-thread-13229#
[PollStartAppStatusExecution] 13d670fa-b3d9-45a2-a5fe-b1c4b2817661 [2026-05-24T18:44:42.123481] Exit status 137 (STDOUT, PROXY)#
#2026 05 24 18:45:01.212#Z#DEBUG#3ea96a42-57a0-11f1-b455-eeee0a8493c0.field-task-cap-srv#flowable-async-job-executor-thread-13229#
[PollStartAppStatusExecution] 13d670fa-b3d9-45a2-a5fe-b1c4b2817661 [2026-05-24T18:44:44.588948] Cell d1cc041a-d5a1-41d6-b9f6-6cda736ce3f0 successfully destroyed container for instance bcf071ef-fcd0-4060-5f34-bf8d (STDOUT, CELL)#
#2026 05 24 18:45:01.212#Z#DEBUG#3ea96a42-57a0-11f1-b455-eeee0a8493c0.field-task-cap-srv#flowable-async-job-executor-thread-13229#
[PollStartAppStatusExecution] 13d670fa-b3d9-45a2-a5fe-b1c4b2817661 [2026-05-24T18:44:52.485798] Stopping app with guid 13d670fa-b3d9-45a2-a5fe-b1c4b2817661 (STDOUT, API)#
#2026 05 24 18:45:01.212#Z#DEBUG#3ea96a42-57a0-11f1-b455-eeee0a8493c0.field-task-cap-srv#flowable-async-job-executor-thread-13229#
[PollStartAppStatusExecution] 13d670fa-b3d9-45a2-a5fe-b1c4b2817661 [2026-05-24T18:44:52.655111] Starting app with guid 13d670fa-b3d9-45a2-a5fe-b1c4b2817661 (STDOUT, API)#
#2026 05 24 18:45:01.212#Z#DEBUG#3ea96a42-57a0-11f1-b455-eeee0a8493c0.field-task-cap-srv#flowable-async-job-executor-thread-13229#
[PollStartAppStatusExecution] 13d670fa-b3d9-45a2-a5fe-b1c4b2817661 [2026-05-24T18:44:52.879781] Cell d1cc041a-d5a1-41d6-b9f6-6cda736ce3f0 creating container for instance 46f42bda-f5b8-4735-4035-7532 (STDOUT, CELL)#
#2026 05 24 18:45:01.212#Z#DEBUG#3ea96a42-57a0-11f1-b455-eeee0a8493c0.field-task-cap-srv#flowable-async-job-executor-thread-13229#
[PollStartAppStatusExecution] 13d670fa-b3d9-45a2-a5fe-b1c4b2817661 [2026-05-24T18:44:53.684583] Security group rules were updated (STDOUT, CELL)#
#2026 05 24 18:45:01.212#Z#DEBUG#3ea96a42-57a0-11f1-b455-eeee0a8493c0.field-task-cap-srv#flowable-async-job-executor-thread-13229#
[PollStartAppStatusExecution] 13d670fa-b3d9-45a2-a5fe-b1c4b2817661 [2026-05-24T18:44:54.048327] Cell d1cc041a-d5a1-41d6-b9f6-6cda736ce3f0 successfully created container for instance 46f42bda-f5b8-4735-4035-7532 (STDOUT, CELL)#
#2026 05 24 18:45:01.212#Z#DEBUG#3ea96a42-57a0-11f1-b455-eeee0a8493c0.field-task-cap-srv#flowable-async-job-executor-thread-13229#
[PollStartAppStatusExecution] 13d670fa-b3d9-45a2-a5fe-b1c4b2817661 [2026-05-24T18:44:54.601385] Downloading droplet... (STDOUT, CELL)#
#2026 05 24 18:45:01.212#Z#DEBUG#3ea96a42-57a0-11f1-b455-eeee0a8493c0.field-task-cap-srv#flowable-async-job-executor-thread-13229#
[PollStartAppStatusExecution] 13d670fa-b3d9-45a2-a5fe-b1c4b2817661 [2026-05-24T18:44:58.925709] Downloaded droplet (59.1M) (STDOUT, CELL)#
#2026 05 24 18:45:01.212#Z#DEBUG#3ea96a42-57a0-11f1-b455-eeee0a8493c0.field-task-cap-srv#flowable-async-job-executor-thread-13229#
[PollStartAppStatusExecution] 13d670fa-b3d9-45a2-a5fe-b1c4b2817661 [2026-05-24T18:44:58.926096] Starting health monitoring of container (STDOUT, CELL)#
#2026 05 24 18:45:01.212#Z#DEBUG#3ea96a42-57a0-11f1-b455-eeee0a8493c0.field-task-cap-srv#flowable-async-job-executor-thread-13229#
[PollStartAppStatusExecution] 13d670fa-b3d9-45a2-a5fe-b1c4b2817661 [2026-05-24T18:44:59.070101] Invoking pre-start scripts. (STDOUT, APP/PROC/WEB)#
#2026 05 24 18:45:01.212#Z#DEBUG#3ea96a42-57a0-11f1-b455-eeee0a8493c0.field-task-cap-srv#flowable-async-job-executor-thread-13229#
[PollStartAppStatusExecution] 13d670fa-b3d9-45a2-a5fe-b1c4b2817661 [2026-05-24T18:44:59.299089] Invoking start command. (STDOUT, APP/PROC/WEB)#
#2026 05 24 18:45:01.212#Z#DEBUG#3ea96a42-57a0-11f1-b455-eeee0a8493c0.field-task-cap-srv#flowable-async-job-executor-thread-13229#
[PollStartAppStatusExecution] 13d670fa-b3d9-45a2-a5fe-b1c4b2817661 [2026-05-24T18:44:59.782974] > field-task-cap@1.0.0 start (STDOUT, APP/PROC/WEB)#
#2026 05 24 18:45:01.212#Z#DEBUG#3ea96a42-57a0-11f1-b455-eeee0a8493c0.field-task-cap-srv#flowable-async-job-executor-thread-13229#
[PollStartAppStatusExecution] 13d670fa-b3d9-45a2-a5fe-b1c4b2817661 [2026-05-24T18:44:59.782997] > cds-serve (STDOUT, APP/PROC/WEB)#
#2026 05 24 18:45:01.212#Z#DEBUG#3ea96a42-57a0-11f1-b455-eeee0a8493c0.field-task-cap-srv#flowable-async-job-executor-thread-13229#
[PollStartAppStatusExecution] 13d670fa-b3d9-45a2-a5fe-b1c4b2817661 [2026-05-24T18:45:00.079958] {"level":"info","logger":"cds","timestamp":"2026-05-24T18:45:00.078Z","layer":"cds","component_type":"application","container_id":"10.32.1.5","component_id":"13d670fa-b3d9-45a2-a5fe-b1c4b2817661","component_name":"field-task-cap-srv","component_instance":0,"source_instance":0,"organization_name":"ca469c8atrial","organization_id":"a0cee0f7-f2bc-42d8-a02f-0c584ac68d52","space_name":"dev","space_id":"46e1c057-a44f-4d17-9493-f13823b5dffd","msg":"loaded model from 1 file(s):\n ","type":"log"} (STDOUT, APP/PROC/WEB)#
#2026 05 24 18:45:01.212#Z#DEBUG#3ea96a42-57a0-11f1-b455-eeee0a8493c0.field-task-cap-srv#flowable-async-job-executor-thread-13229#
[PollStartAppStatusExecution] 13d670fa-b3d9-45a2-a5fe-b1c4b2817661 [2026-05-24T18:45:00.080367] srv/csn.json (STDOUT, APP/PROC/WEB)#
#2026 05 24 18:45:01.212#Z#DEBUG#3ea96a42-57a0-11f1-b455-eeee0a8493c0.field-task-cap-srv#flowable-async-job-executor-thread-13229#
[PollStartAppStatusExecution] 13d670fa-b3d9-45a2-a5fe-b1c4b2817661 [2026-05-24T18:45:00.369863] {"level":"info","logger":"cds","timestamp":"2026-05-24T18:45:00.368Z","layer":"cds","component_type":"application","container_id":"10.32.1.5","component_id":"13d670fa-b3d9-45a2-a5fe-b1c4b2817661","component_name":"field-task-cap-srv","component_instance":0,"source_instance":0,"organization_name":"ca469c8atrial","organization_id":"a0cee0f7-f2bc-42d8-a02f-0c584ac68d52","space_name":"dev","space_id":"46e1c057-a44f-4d17-9493-f13823b5dffd","msg":"connect to db > hana {\n  database_id: 'cce80a2f-4f4f-4028-b914-ca6f5fb4d213',\n  host: 'cce80a2f-4f4f-4028-b914-ca6f5fb4d213.hna1.prod-us10.hanacloud.ondemand.com',\n  port: '443',\n  driver: 'com.sap.db.jdbc.Driver',\n  url: 'jdbc:sap://cce80a2f-4f4f-4028-b914-ca6f5fb4d213.hna1.prod-us10.hanacloud.ondemand.com:443?encrypt=true&validateCertificate=true&currentschema=FB0B8281EC704BE6803F7CA795D2E5F9',\n  schema: 'FB0B8281EC704BE6803F7CA795D2E5F9',\n  certificate: '...',\n  hdi_user: 'FB0B8281EC704BE6803F7CA795D2E5F9_B2HL5V4RXNMSBTI9JQIZABY9O_DT',\n  hdi_password: '...',\n  user: 'FB0B8281EC704BE6803F7CA795D2E5F9_B2HL5V4RXNMSBTI9JQIZABY9O_RT',\n  password: '...'\n}","type":"log"} (STDOUT, APP/PROC/WEB)#
#2026 05 24 18:45:01.212#Z#DEBUG#3ea96a42-57a0-11f1-b455-eeee0a8493c0.field-task-cap-srv#flowable-async-job-executor-thread-13229#
[PollStartAppStatusExecution] 13d670fa-b3d9-45a2-a5fe-b1c4b2817661 [2026-05-24T18:45:00.410111] {"level":"info","logger":"cds","timestamp":"2026-05-24T18:45:00.409Z","layer":"cds","component_type":"application","container_id":"10.32.1.5","component_id":"13d670fa-b3d9-45a2-a5fe-b1c4b2817661","component_name":"field-task-cap-srv","component_instance":0,"source_instance":0,"organization_name":"ca469c8atrial","organization_id":"a0cee0f7-f2bc-42d8-a02f-0c584ac68d52","space_name":"dev","space_id":"46e1c057-a44f-4d17-9493-f13823b5dffd","msg":"using auth strategy { kind: 'jwt' }","type":"log"} (STDOUT, APP/PROC/WEB)#
#2026 05 24 18:45:01.212#Z#DEBUG#3ea96a42-57a0-11f1-b455-eeee0a8493c0.field-task-cap-srv#flowable-async-job-executor-thread-13229#
[PollStartAppStatusExecution] 13d670fa-b3d9-45a2-a5fe-b1c4b2817661 [2026-05-24T18:45:00.412050] node:internal/modules/cjs/loader:1421 (STDERR, APP/PROC/WEB)#
#2026 05 24 18:45:01.212#Z#DEBUG#3ea96a42-57a0-11f1-b455-eeee0a8493c0.field-task-cap-srv#flowable-async-job-executor-thread-13229#
[PollStartAppStatusExecution] 13d670fa-b3d9-45a2-a5fe-b1c4b2817661 [2026-05-24T18:45:00.412075] const err = new Error(message); (STDERR, APP/PROC/WEB)#
#2026 05 24 18:45:01.212#Z#DEBUG#3ea96a42-57a0-11f1-b455-eeee0a8493c0.field-task-cap-srv#flowable-async-job-executor-thread-13229#
[PollStartAppStatusExecution] 13d670fa-b3d9-45a2-a5fe-b1c4b2817661 [2026-05-24T18:45:00.412080] ^ (STDERR, APP/PROC/WEB)#
#2026 05 24 18:45:01.212#Z#DEBUG#3ea96a42-57a0-11f1-b455-eeee0a8493c0.field-task-cap-srv#flowable-async-job-executor-thread-13229#
[PollStartAppStatusExecution] 13d670fa-b3d9-45a2-a5fe-b1c4b2817661 [2026-05-24T18:45:00.412085] Error: Cannot find '@sap/xssec'. Make sure to install it with 'npm i @sap/xssec' (STDERR, APP/PROC/WEB)#
#2026 05 24 18:45:01.212#Z#DEBUG#3ea96a42-57a0-11f1-b455-eeee0a8493c0.field-task-cap-srv#flowable-async-job-executor-thread-13229#
[PollStartAppStatusExecution] 13d670fa-b3d9-45a2-a5fe-b1c4b2817661 [2026-05-24T18:45:00.412088] Cannot find module '@sap/xssec' (STDERR, APP/PROC/WEB)#
#2026 05 24 18:45:01.212#Z#DEBUG#3ea96a42-57a0-11f1-b455-eeee0a8493c0.field-task-cap-srv#flowable-async-job-executor-thread-13229#
[PollStartAppStatusExecution] 13d670fa-b3d9-45a2-a5fe-b1c4b2817661 [2026-05-24T18:45:00.412090] Require stack: (STDERR, APP/PROC/WEB)#
#2026 05 24 18:45:01.212#Z#DEBUG#3ea96a42-57a0-11f1-b455-eeee0a8493c0.field-task-cap-srv#flowable-async-job-executor-thread-13229#
[PollStartAppStatusExecution] 13d670fa-b3d9-45a2-a5fe-b1c4b2817661 [2026-05-24T18:45:00.412094] - /home/vcap/app/node_modules/@sap/cds/lib/srv/middlewares/auth/xssec.js (STDERR, APP/PROC/WEB)#
#2026 05 24 18:45:01.212#Z#DEBUG#3ea96a42-57a0-11f1-b455-eeee0a8493c0.field-task-cap-srv#flowable-async-job-executor-thread-13229#
[PollStartAppStatusExecution] 13d670fa-b3d9-45a2-a5fe-b1c4b2817661 [2026-05-24T18:45:00.412104] - /home/vcap/app/node_modules/@sap/cds/lib/srv/middlewares/auth/jwt-auth.js (STDERR, APP/PROC/WEB)#
#2026 05 24 18:45:01.212#Z#DEBUG#3ea96a42-57a0-11f1-b455-eeee0a8493c0.field-task-cap-srv#flowable-async-job-executor-thread-13229#
[PollStartAppStatusExecution] 13d670fa-b3d9-45a2-a5fe-b1c4b2817661 [2026-05-24T18:45:00.412107] - /home/vcap/app/node_modules/@sap/cds/lib/srv/middlewares/auth/index.js (STDERR, APP/PROC/WEB)#
#2026 05 24 18:45:01.212#Z#DEBUG#3ea96a42-57a0-11f1-b455-eeee0a8493c0.field-task-cap-srv#flowable-async-job-executor-thread-13229#
[PollStartAppStatusExecution] 13d670fa-b3d9-45a2-a5fe-b1c4b2817661 [2026-05-24T18:45:00.412110] - /home/vcap/app/node_modules/@sap/cds/lib/srv/middlewares/index.js (STDERR, APP/PROC/WEB)#
#2026 05 24 18:45:01.212#Z#DEBUG#3ea96a42-57a0-11f1-b455-eeee0a8493c0.field-task-cap-srv#flowable-async-job-executor-thread-13229#
[PollStartAppStatusExecution] 13d670fa-b3d9-45a2-a5fe-b1c4b2817661 [2026-05-24T18:45:00.412117] - /home/vcap/app/node_modules/@sap/cds/lib/index.js (STDERR, APP/PROC/WEB)#
#2026 05 24 18:45:01.212#Z#DEBUG#3ea96a42-57a0-11f1-b455-eeee0a8493c0.field-task-cap-srv#flowable-async-job-executor-thread-13229#
[PollStartAppStatusExecution] 13d670fa-b3d9-45a2-a5fe-b1c4b2817661 [2026-05-24T18:45:00.412120] - /home/vcap/app/node_modules/@sap/cds/bin/serve.js (STDERR, APP/PROC/WEB)#
#2026 05 24 18:45:01.212#Z#DEBUG#3ea96a42-57a0-11f1-b455-eeee0a8493c0.field-task-cap-srv#flowable-async-job-executor-thread-13229#
[PollStartAppStatusExecution] 13d670fa-b3d9-45a2-a5fe-b1c4b2817661 [2026-05-24T18:45:00.412122] at Module._resolveFilename (node:internal/modules/cjs/loader:1421:15) (STDERR, APP/PROC/WEB)#
#2026 05 24 18:45:01.212#Z#DEBUG#3ea96a42-57a0-11f1-b455-eeee0a8493c0.field-task-cap-srv#flowable-async-job-executor-thread-13229#
[PollStartAppStatusExecution] 13d670fa-b3d9-45a2-a5fe-b1c4b2817661 [2026-05-24T18:45:00.412125] at defaultResolveImpl (node:internal/modules/cjs/loader:1059:19) (STDERR, APP/PROC/WEB)#
#2026 05 24 18:45:01.212#Z#DEBUG#3ea96a42-57a0-11f1-b455-eeee0a8493c0.field-task-cap-srv#flowable-async-job-executor-thread-13229#
[PollStartAppStatusExecution] 13d670fa-b3d9-45a2-a5fe-b1c4b2817661 [2026-05-24T18:45:00.412128] at resolveForCJSWithHooks (node:internal/modules/cjs/loader:1064:22) (STDERR, APP/PROC/WEB)#
#2026 05 24 18:45:01.212#Z#DEBUG#3ea96a42-57a0-11f1-b455-eeee0a8493c0.field-task-cap-srv#flowable-async-job-executor-thread-13229#
[PollStartAppStatusExecution] 13d670fa-b3d9-45a2-a5fe-b1c4b2817661 [2026-05-24T18:45:00.412131] at Module._load (node:internal/modules/cjs/loader:1227:37) (STDERR, APP/PROC/WEB)#
#2026 05 24 18:45:01.212#Z#DEBUG#3ea96a42-57a0-11f1-b455-eeee0a8493c0.field-task-cap-srv#flowable-async-job-executor-thread-13229#
[PollStartAppStatusExecution] 13d670fa-b3d9-45a2-a5fe-b1c4b2817661 [2026-05-24T18:45:00.412133] at TracingChannel.traceSync (node:diagnostics_channel:328:14) (STDERR, APP/PROC/WEB)#
#2026 05 24 18:45:01.212#Z#DEBUG#3ea96a42-57a0-11f1-b455-eeee0a8493c0.field-task-cap-srv#flowable-async-job-executor-thread-13229#
[PollStartAppStatusExecution] 13d670fa-b3d9-45a2-a5fe-b1c4b2817661 [2026-05-24T18:45:00.412139] at wrapModuleLoad (node:internal/modules/cjs/loader:245:24) (STDERR, APP/PROC/WEB)#
#2026 05 24 18:45:01.212#Z#DEBUG#3ea96a42-57a0-11f1-b455-eeee0a8493c0.field-task-cap-srv#flowable-async-job-executor-thread-13229#
[PollStartAppStatusExecution] 13d670fa-b3d9-45a2-a5fe-b1c4b2817661 [2026-05-24T18:45:00.412142] at Module.require (node:internal/modules/cjs/loader:1504:12) (STDERR, APP/PROC/WEB)#
#2026 05 24 18:45:01.212#Z#DEBUG#3ea96a42-57a0-11f1-b455-eeee0a8493c0.field-task-cap-srv#flowable-async-job-executor-thread-13229#
[PollStartAppStatusExecution] 13d670fa-b3d9-45a2-a5fe-b1c4b2817661 [2026-05-24T18:45:00.412145] at require (node:internal/modules/helpers:152:16) (STDERR, APP/PROC/WEB)#
#2026 05 24 18:45:01.212#Z#DEBUG#3ea96a42-57a0-11f1-b455-eeee0a8493c0.field-task-cap-srv#flowable-async-job-executor-thread-13229#
[PollStartAppStatusExecution] 13d670fa-b3d9-45a2-a5fe-b1c4b2817661 [2026-05-24T18:45:00.412150] at Object.<anonymous> (/home/vcap/app/node_modules/@sap/cds/lib/srv/middlewares/auth/xssec.js:2:17) (STDERR, APP/PROC/WEB)#
#2026 05 24 18:45:01.212#Z#DEBUG#3ea96a42-57a0-11f1-b455-eeee0a8493c0.field-task-cap-srv#flowable-async-job-executor-thread-13229#
[PollStartAppStatusExecution] 13d670fa-b3d9-45a2-a5fe-b1c4b2817661 [2026-05-24T18:45:00.412153] at Module._compile (node:internal/modules/cjs/loader:1761:14) { (STDERR, APP/PROC/WEB)#
#2026 05 24 18:45:01.212#Z#DEBUG#3ea96a42-57a0-11f1-b455-eeee0a8493c0.field-task-cap-srv#flowable-async-job-executor-thread-13229#
[PollStartAppStatusExecution] 13d670fa-b3d9-45a2-a5fe-b1c4b2817661 [2026-05-24T18:45:00.412156] code: 'MODULE_NOT_FOUND', (STDERR, APP/PROC/WEB)#
#2026 05 24 18:45:01.212#Z#DEBUG#3ea96a42-57a0-11f1-b455-eeee0a8493c0.field-task-cap-srv#flowable-async-job-executor-thread-13229#
[PollStartAppStatusExecution] 13d670fa-b3d9-45a2-a5fe-b1c4b2817661 [2026-05-24T18:45:00.412159] requireStack: [ (STDERR, APP/PROC/WEB)#
#2026 05 24 18:45:01.212#Z#DEBUG#3ea96a42-57a0-11f1-b455-eeee0a8493c0.field-task-cap-srv#flowable-async-job-executor-thread-13229#
[PollStartAppStatusExecution] 13d670fa-b3d9-45a2-a5fe-b1c4b2817661 [2026-05-24T18:45:00.412161] '/home/vcap/app/node_modules/@sap/cds/lib/srv/middlewares/auth/xssec.js', (STDERR, APP/PROC/WEB)#
#2026 05 24 18:45:01.212#Z#DEBUG#3ea96a42-57a0-11f1-b455-eeee0a8493c0.field-task-cap-srv#flowable-async-job-executor-thread-13229#
[PollStartAppStatusExecution] 13d670fa-b3d9-45a2-a5fe-b1c4b2817661 [2026-05-24T18:45:00.412164] '/home/vcap/app/node_modules/@sap/cds/lib/srv/middlewares/auth/jwt-auth.js', (STDERR, APP/PROC/WEB)#
#2026 05 24 18:45:01.212#Z#DEBUG#3ea96a42-57a0-11f1-b455-eeee0a8493c0.field-task-cap-srv#flowable-async-job-executor-thread-13229#
[PollStartAppStatusExecution] 13d670fa-b3d9-45a2-a5fe-b1c4b2817661 [2026-05-24T18:45:00.412167] '/home/vcap/app/node_modules/@sap/cds/lib/srv/middlewares/auth/index.js', (STDERR, APP/PROC/WEB)#
#2026 05 24 18:45:01.212#Z#DEBUG#3ea96a42-57a0-11f1-b455-eeee0a8493c0.field-task-cap-srv#flowable-async-job-executor-thread-13229#
[PollStartAppStatusExecution] 13d670fa-b3d9-45a2-a5fe-b1c4b2817661 [2026-05-24T18:45:00.412170] '/home/vcap/app/node_modules/@sap/cds/lib/srv/middlewares/index.js', (STDERR, APP/PROC/WEB)#
#2026 05 24 18:45:01.212#Z#DEBUG#3ea96a42-57a0-11f1-b455-eeee0a8493c0.field-task-cap-srv#flowable-async-job-executor-thread-13229#
[PollStartAppStatusExecution] 13d670fa-b3d9-45a2-a5fe-b1c4b2817661 [2026-05-24T18:45:00.412172] '/home/vcap/app/node_modules/@sap/cds/lib/index.js', (STDERR, APP/PROC/WEB)#
#2026 05 24 18:45:01.212#Z#DEBUG#3ea96a42-57a0-11f1-b455-eeee0a8493c0.field-task-cap-srv#flowable-async-job-executor-thread-13229#
[PollStartAppStatusExecution] 13d670fa-b3d9-45a2-a5fe-b1c4b2817661 [2026-05-24T18:45:00.412179] '/home/vcap/app/node_modules/@sap/cds/bin/serve.js' (STDERR, APP/PROC/WEB)#
#2026 05 24 18:45:01.212#Z#DEBUG#3ea96a42-57a0-11f1-b455-eeee0a8493c0.field-task-cap-srv#flowable-async-job-executor-thread-13229#
[PollStartAppStatusExecution] 13d670fa-b3d9-45a2-a5fe-b1c4b2817661 [2026-05-24T18:45:00.412181] ] (STDERR, APP/PROC/WEB)#
#2026 05 24 18:45:01.212#Z#DEBUG#3ea96a42-57a0-11f1-b455-eeee0a8493c0.field-task-cap-srv#flowable-async-job-executor-thread-13229#
[PollStartAppStatusExecution] 13d670fa-b3d9-45a2-a5fe-b1c4b2817661 [2026-05-24T18:45:00.412185] } (STDERR, APP/PROC/WEB)#
#2026 05 24 18:45:01.212#Z#DEBUG#3ea96a42-57a0-11f1-b455-eeee0a8493c0.field-task-cap-srv#flowable-async-job-executor-thread-13229#
[PollStartAppStatusExecution] 13d670fa-b3d9-45a2-a5fe-b1c4b2817661 [2026-05-24T18:45:00.412189] Node.js v24.13.0 (STDERR, APP/PROC/WEB)#
#2026 05 24 18:45:01.212#Z#DEBUG#3ea96a42-57a0-11f1-b455-eeee0a8493c0.field-task-cap-srv#flowable-async-job-executor-thread-13229#
[PollStartAppStatusExecution] 13d670fa-b3d9-45a2-a5fe-b1c4b2817661 [2026-05-24T18:45:00.431455] npm notice (STDERR, APP/PROC/WEB)#
#2026 05 24 18:45:01.212#Z#DEBUG#3ea96a42-57a0-11f1-b455-eeee0a8493c0.field-task-cap-srv#flowable-async-job-executor-thread-13229#
[PollStartAppStatusExecution] 13d670fa-b3d9-45a2-a5fe-b1c4b2817661 [2026-05-24T18:45:00.431480] npm notice New minor version of npm available! 11.6.2 -> 11.15.0 (STDERR, APP/PROC/WEB)#
#2026 05 24 18:45:01.212#Z#DEBUG#3ea96a42-57a0-11f1-b455-eeee0a8493c0.field-task-cap-srv#flowable-async-job-executor-thread-13229#
[PollStartAppStatusExecution] 13d670fa-b3d9-45a2-a5fe-b1c4b2817661 [2026-05-24T18:45:00.431486] npm notice Changelog: https://github.com/npm/cli/releases/tag/v11.15.0 (STDERR, APP/PROC/WEB)#
#2026 05 24 18:45:01.212#Z#DEBUG#3ea96a42-57a0-11f1-b455-eeee0a8493c0.field-task-cap-srv#flowable-async-job-executor-thread-13229#
[PollStartAppStatusExecution] 13d670fa-b3d9-45a2-a5fe-b1c4b2817661 [2026-05-24T18:45:00.431488] npm notice To update run: npm install -g npm@11.15.0 (STDERR, APP/PROC/WEB)#
#2026 05 24 18:45:01.212#Z#DEBUG#3ea96a42-57a0-11f1-b455-eeee0a8493c0.field-task-cap-srv#flowable-async-job-executor-thread-13229#
[PollStartAppStatusExecution] 13d670fa-b3d9-45a2-a5fe-b1c4b2817661 [2026-05-24T18:45:00.431491] npm notice (STDERR, APP/PROC/WEB)#
#2026 05 24 18:45:01.212#Z#DEBUG#3ea96a42-57a0-11f1-b455-eeee0a8493c0.field-task-cap-srv#flowable-async-job-executor-thread-13229#
[PollStartAppStatusExecution] 13d670fa-b3d9-45a2-a5fe-b1c4b2817661 [2026-05-24T18:45:00.529119] Exit status 1 (STDOUT, APP/PROC/WEB)#
#2026 05 24 18:45:11.124#Z#DEBUG#3ea96a42-57a0-11f1-b455-eeee0a8493c0.field-task-cap-srv#flowable-async-job-executor-thread-13231#
[PollStartAppStatusExecution] 13d670fa-b3d9-45a2-a5fe-b1c4b2817661 [2026-05-24T18:45:06.826907] Cell d1cc041a-d5a1-41d6-b9f6-6cda736ce3f0 stopping instance 46f42bda-f5b8-4735-4035-7532 (STDOUT, CELL)#
#2026 05 24 18:45:11.124#Z#DEBUG#3ea96a42-57a0-11f1-b455-eeee0a8493c0.field-task-cap-srv#flowable-async-job-executor-thread-13231#
[PollStartAppStatusExecution] 13d670fa-b3d9-45a2-a5fe-b1c4b2817661 [2026-05-24T18:45:06.826954] Cell d1cc041a-d5a1-41d6-b9f6-6cda736ce3f0 destroying container for instance 46f42bda-f5b8-4735-4035-7532 (STDOUT, CELL)#
#2026 05 24 18:45:11.124#Z#DEBUG#3ea96a42-57a0-11f1-b455-eeee0a8493c0.field-task-cap-srv#flowable-async-job-executor-thread-13231#
[PollStartAppStatusExecution] 13d670fa-b3d9-45a2-a5fe-b1c4b2817661 [2026-05-24T18:45:06.832347] Process has crashed with type: "web" (STDOUT, API)#
#2026 05 24 18:45:11.124#Z#DEBUG#3ea96a42-57a0-11f1-b455-eeee0a8493c0.field-task-cap-srv#flowable-async-job-executor-thread-13231#
[PollStartAppStatusExecution] 13d670fa-b3d9-45a2-a5fe-b1c4b2817661 [2026-05-24T18:45:06.844482] App instance exited with guid 13d670fa-b3d9-45a2-a5fe-b1c4b2817661 payload: {"instance"=>"46f42bda-f5b8-4735-4035-7532", "index"=>0, "cell_id"=>"d1cc041a-d5a1-41d6-b9f6-6cda736ce3f0", "reason"=>"CRASHED", "exit_description"=>"APP/PROC/WEB: Exited with status 1", "crash_count"=>1, "crash_timestamp"=>1779648306807656379, "version"=>"eb4a7af6-e04b-4bd0-8b23-bb7b739d268b"} (STDOUT, API)#
#2026 05 24 18:45:11.124#Z#DEBUG#3ea96a42-57a0-11f1-b455-eeee0a8493c0.field-task-cap-srv#flowable-async-job-executor-thread-13231#
[PollStartAppStatusExecution] 13d670fa-b3d9-45a2-a5fe-b1c4b2817661 [2026-05-24T18:45:06.944186] Cell 77283d80-dfa7-40ba-ba4e-265aef112085 creating container for instance 51524e9b-286d-47d2-47f4-ad67 (STDOUT, CELL)#
#2026 05 24 18:45:11.124#Z#DEBUG#3ea96a42-57a0-11f1-b455-eeee0a8493c0.field-task-cap-srv#flowable-async-job-executor-thread-13231#
[PollStartAppStatusExecution] 13d670fa-b3d9-45a2-a5fe-b1c4b2817661 [2026-05-24T18:45:07.043964] Exit status 137 (STDOUT, PROXY)#
#2026 05 24 18:45:11.124#Z#DEBUG#3ea96a42-57a0-11f1-b455-eeee0a8493c0.field-task-cap-srv#flowable-async-job-executor-thread-13231#
[PollStartAppStatusExecution] 13d670fa-b3d9-45a2-a5fe-b1c4b2817661 [2026-05-24T18:45:07.744239] Security group rules were updated (STDOUT, CELL)#
#2026 05 24 18:45:11.124#Z#DEBUG#3ea96a42-57a0-11f1-b455-eeee0a8493c0.field-task-cap-srv#flowable-async-job-executor-thread-13231#
[PollStartAppStatusExecution] 13d670fa-b3d9-45a2-a5fe-b1c4b2817661 [2026-05-24T18:45:07.848536] Cell 77283d80-dfa7-40ba-ba4e-265aef112085 successfully created container for instance 51524e9b-286d-47d2-47f4-ad67 (STDOUT, CELL)#
#2026 05 24 18:45:11.124#Z#DEBUG#3ea96a42-57a0-11f1-b455-eeee0a8493c0.field-task-cap-srv#flowable-async-job-executor-thread-13231#
[PollStartAppStatusExecution] 13d670fa-b3d9-45a2-a5fe-b1c4b2817661 [2026-05-24T18:45:08.119099] Downloading droplet... (STDOUT, CELL)#
#2026 05 24 18:45:11.124#Z#DEBUG#3ea96a42-57a0-11f1-b455-eeee0a8493c0.field-task-cap-srv#flowable-async-job-executor-thread-13231#
[PollStartAppStatusExecution] 13d670fa-b3d9-45a2-a5fe-b1c4b2817661 [2026-05-24T18:45:09.329967] Cell d1cc041a-d5a1-41d6-b9f6-6cda736ce3f0 successfully destroyed container for instance 46f42bda-f5b8-4735-4035-7532 (STDOUT, CELL)#
#2026 05 24 18:45:21.133#Z#DEBUG#3ea96a42-57a0-11f1-b455-eeee0a8493c0.field-task-cap-srv#flowable-async-job-executor-thread-13233#
[PollStartAppStatusExecution] 13d670fa-b3d9-45a2-a5fe-b1c4b2817661 [2026-05-24T18:45:12.765988] Downloaded droplet (59.1M) (STDOUT, CELL)#
#2026 05 24 18:45:21.133#Z#DEBUG#3ea96a42-57a0-11f1-b455-eeee0a8493c0.field-task-cap-srv#flowable-async-job-executor-thread-13233#
[PollStartAppStatusExecution] 13d670fa-b3d9-45a2-a5fe-b1c4b2817661 [2026-05-24T18:45:12.766233] Starting health monitoring of container (STDOUT, CELL)#
#2026 05 24 18:45:21.133#Z#DEBUG#3ea96a42-57a0-11f1-b455-eeee0a8493c0.field-task-cap-srv#flowable-async-job-executor-thread-13233#
[PollStartAppStatusExecution] 13d670fa-b3d9-45a2-a5fe-b1c4b2817661 [2026-05-24T18:45:12.924516] Invoking pre-start scripts. (STDOUT, APP/PROC/WEB)#
#2026 05 24 18:45:21.133#Z#DEBUG#3ea96a42-57a0-11f1-b455-eeee0a8493c0.field-task-cap-srv#flowable-async-job-executor-thread-13233#
[PollStartAppStatusExecution] 13d670fa-b3d9-45a2-a5fe-b1c4b2817661 [2026-05-24T18:45:13.133443] Invoking start command. (STDOUT, APP/PROC/WEB)#
#2026 05 24 18:45:21.133#Z#DEBUG#3ea96a42-57a0-11f1-b455-eeee0a8493c0.field-task-cap-srv#flowable-async-job-executor-thread-13233#
[PollStartAppStatusExecution] 13d670fa-b3d9-45a2-a5fe-b1c4b2817661 [2026-05-24T18:45:13.629706] > field-task-cap@1.0.0 start (STDOUT, APP/PROC/WEB)#
#2026 05 24 18:45:21.133#Z#DEBUG#3ea96a42-57a0-11f1-b455-eeee0a8493c0.field-task-cap-srv#flowable-async-job-executor-thread-13233#
[PollStartAppStatusExecution] 13d670fa-b3d9-45a2-a5fe-b1c4b2817661 [2026-05-24T18:45:13.629742] > cds-serve (STDOUT, APP/PROC/WEB)#
#2026 05 24 18:45:21.133#Z#DEBUG#3ea96a42-57a0-11f1-b455-eeee0a8493c0.field-task-cap-srv#flowable-async-job-executor-thread-13233#
[PollStartAppStatusExecution] 13d670fa-b3d9-45a2-a5fe-b1c4b2817661 [2026-05-24T18:45:13.926374] {"level":"info","logger":"cds","timestamp":"2026-05-24T18:45:13.924Z","layer":"cds","component_type":"application","container_id":"10.32.3.6","component_id":"13d670fa-b3d9-45a2-a5fe-b1c4b2817661","component_name":"field-task-cap-srv","component_instance":0,"source_instance":0,"organization_name":"ca469c8atrial","organization_id":"a0cee0f7-f2bc-42d8-a02f-0c584ac68d52","space_name":"dev","space_id":"46e1c057-a44f-4d17-9493-f13823b5dffd","msg":"loaded model from 1 file(s):\n ","type":"log"} (STDOUT, APP/PROC/WEB)#
#2026 05 24 18:45:21.133#Z#DEBUG#3ea96a42-57a0-11f1-b455-eeee0a8493c0.field-task-cap-srv#flowable-async-job-executor-thread-13233#
[PollStartAppStatusExecution] 13d670fa-b3d9-45a2-a5fe-b1c4b2817661 [2026-05-24T18:45:13.926782] srv/csn.json (STDOUT, APP/PROC/WEB)#
#2026 05 24 18:45:21.133#Z#DEBUG#3ea96a42-57a0-11f1-b455-eeee0a8493c0.field-task-cap-srv#flowable-async-job-executor-thread-13233#
[PollStartAppStatusExecution] 13d670fa-b3d9-45a2-a5fe-b1c4b2817661 [2026-05-24T18:45:14.140457] {"level":"info","logger":"cds","timestamp":"2026-05-24T18:45:14.139Z","layer":"cds","component_type":"application","container_id":"10.32.3.6","component_id":"13d670fa-b3d9-45a2-a5fe-b1c4b2817661","component_name":"field-task-cap-srv","component_instance":0,"source_instance":0,"organization_name":"ca469c8atrial","organization_id":"a0cee0f7-f2bc-42d8-a02f-0c584ac68d52","space_name":"dev","space_id":"46e1c057-a44f-4d17-9493-f13823b5dffd","msg":"connect to db > hana {\n  database_id: 'cce80a2f-4f4f-4028-b914-ca6f5fb4d213',\n  host: 'cce80a2f-4f4f-4028-b914-ca6f5fb4d213.hna1.prod-us10.hanacloud.ondemand.com',\n  port: '443',\n  driver: 'com.sap.db.jdbc.Driver',\n  url: 'jdbc:sap://cce80a2f-4f4f-4028-b914-ca6f5fb4d213.hna1.prod-us10.hanacloud.ondemand.com:443?encrypt=true&validateCertificate=true&currentschema=FB0B8281EC704BE6803F7CA795D2E5F9',\n  schema: 'FB0B8281EC704BE6803F7CA795D2E5F9',\n  certificate: '...',\n  hdi_user: 'FB0B8281EC704BE6803F7CA795D2E5F9_B2HL5V4RXNMSBTI9JQIZABY9O_DT',\n  hdi_password: '...',\n  user: 'FB0B8281EC704BE6803F7CA795D2E5F9_B2HL5V4RXNMSBTI9JQIZABY9O_RT',\n  password: '...'\n}","type":"log"} (STDOUT, APP/PROC/WEB)#
#2026 05 24 18:45:21.133#Z#DEBUG#3ea96a42-57a0-11f1-b455-eeee0a8493c0.field-task-cap-srv#flowable-async-job-executor-thread-13233#
[PollStartAppStatusExecution] 13d670fa-b3d9-45a2-a5fe-b1c4b2817661 [2026-05-24T18:45:14.175058] {"level":"info","logger":"cds","timestamp":"2026-05-24T18:45:14.174Z","layer":"cds","component_type":"application","container_id":"10.32.3.6","component_id":"13d670fa-b3d9-45a2-a5fe-b1c4b2817661","component_name":"field-task-cap-srv","component_instance":0,"source_instance":0,"organization_name":"ca469c8atrial","organization_id":"a0cee0f7-f2bc-42d8-a02f-0c584ac68d52","space_name":"dev","space_id":"46e1c057-a44f-4d17-9493-f13823b5dffd","msg":"using auth strategy { kind: 'jwt' }","type":"log"} (STDOUT, APP/PROC/WEB)#
#2026 05 24 18:45:21.133#Z#DEBUG#3ea96a42-57a0-11f1-b455-eeee0a8493c0.field-task-cap-srv#flowable-async-job-executor-thread-13233#
[PollStartAppStatusExecution] 13d670fa-b3d9-45a2-a5fe-b1c4b2817661 [2026-05-24T18:45:14.176996] node:internal/modules/cjs/loader:1421 (STDERR, APP/PROC/WEB)#
#2026 05 24 18:45:21.133#Z#DEBUG#3ea96a42-57a0-11f1-b455-eeee0a8493c0.field-task-cap-srv#flowable-async-job-executor-thread-13233#
[PollStartAppStatusExecution] 13d670fa-b3d9-45a2-a5fe-b1c4b2817661 [2026-05-24T18:45:14.177018] const err = new Error(message); (STDERR, APP/PROC/WEB)#
#2026 05 24 18:45:21.133#Z#DEBUG#3ea96a42-57a0-11f1-b455-eeee0a8493c0.field-task-cap-srv#flowable-async-job-executor-thread-13233#
[PollStartAppStatusExecution] 13d670fa-b3d9-45a2-a5fe-b1c4b2817661 [2026-05-24T18:45:14.177023] ^ (STDERR, APP/PROC/WEB)#
#2026 05 24 18:45:21.133#Z#DEBUG#3ea96a42-57a0-11f1-b455-eeee0a8493c0.field-task-cap-srv#flowable-async-job-executor-thread-13233#
[PollStartAppStatusExecution] 13d670fa-b3d9-45a2-a5fe-b1c4b2817661 [2026-05-24T18:45:14.177028] Error: Cannot find '@sap/xssec'. Make sure to install it with 'npm i @sap/xssec' (STDERR, APP/PROC/WEB)#
#2026 05 24 18:45:21.133#Z#DEBUG#3ea96a42-57a0-11f1-b455-eeee0a8493c0.field-task-cap-srv#flowable-async-job-executor-thread-13233#
[PollStartAppStatusExecution] 13d670fa-b3d9-45a2-a5fe-b1c4b2817661 [2026-05-24T18:45:14.177034] Cannot find module '@sap/xssec' (STDERR, APP/PROC/WEB)#
#2026 05 24 18:45:21.133#Z#DEBUG#3ea96a42-57a0-11f1-b455-eeee0a8493c0.field-task-cap-srv#flowable-async-job-executor-thread-13233#
[PollStartAppStatusExecution] 13d670fa-b3d9-45a2-a5fe-b1c4b2817661 [2026-05-24T18:45:14.177038] Require stack: (STDERR, APP/PROC/WEB)#
#2026 05 24 18:45:21.133#Z#DEBUG#3ea96a42-57a0-11f1-b455-eeee0a8493c0.field-task-cap-srv#flowable-async-job-executor-thread-13233#
[PollStartAppStatusExecution] 13d670fa-b3d9-45a2-a5fe-b1c4b2817661 [2026-05-24T18:45:14.177041] - /home/vcap/app/node_modules/@sap/cds/lib/srv/middlewares/auth/xssec.js (STDERR, APP/PROC/WEB)#
#2026 05 24 18:45:21.133#Z#DEBUG#3ea96a42-57a0-11f1-b455-eeee0a8493c0.field-task-cap-srv#flowable-async-job-executor-thread-13233#
[PollStartAppStatusExecution] 13d670fa-b3d9-45a2-a5fe-b1c4b2817661 [2026-05-24T18:45:14.177044] - /home/vcap/app/node_modules/@sap/cds/lib/srv/middlewares/auth/jwt-auth.js (STDERR, APP/PROC/WEB)#
#2026 05 24 18:45:21.133#Z#DEBUG#3ea96a42-57a0-11f1-b455-eeee0a8493c0.field-task-cap-srv#flowable-async-job-executor-thread-13233#
[PollStartAppStatusExecution] 13d670fa-b3d9-45a2-a5fe-b1c4b2817661 [2026-05-24T18:45:14.177050] - /home/vcap/app/node_modules/@sap/cds/lib/srv/middlewares/auth/index.js (STDERR, APP/PROC/WEB)#
#2026 05 24 18:45:21.133#Z#DEBUG#3ea96a42-57a0-11f1-b455-eeee0a8493c0.field-task-cap-srv#flowable-async-job-executor-thread-13233#
[PollStartAppStatusExecution] 13d670fa-b3d9-45a2-a5fe-b1c4b2817661 [2026-05-24T18:45:14.177053] - /home/vcap/app/node_modules/@sap/cds/lib/srv/middlewares/index.js (STDERR, APP/PROC/WEB)#
#2026 05 24 18:45:21.133#Z#DEBUG#3ea96a42-57a0-11f1-b455-eeee0a8493c0.field-task-cap-srv#flowable-async-job-executor-thread-13233#
[PollStartAppStatusExecution] 13d670fa-b3d9-45a2-a5fe-b1c4b2817661 [2026-05-24T18:45:14.177057] - /home/vcap/app/node_modules/@sap/cds/lib/index.js (STDERR, APP/PROC/WEB)#
#2026 05 24 18:45:21.133#Z#DEBUG#3ea96a42-57a0-11f1-b455-eeee0a8493c0.field-task-cap-srv#flowable-async-job-executor-thread-13233#
[PollStartAppStatusExecution] 13d670fa-b3d9-45a2-a5fe-b1c4b2817661 [2026-05-24T18:45:14.177060] - /home/vcap/app/node_modules/@sap/cds/bin/serve.js (STDERR, APP/PROC/WEB)#
#2026 05 24 18:45:21.133#Z#DEBUG#3ea96a42-57a0-11f1-b455-eeee0a8493c0.field-task-cap-srv#flowable-async-job-executor-thread-13233#
[PollStartAppStatusExecution] 13d670fa-b3d9-45a2-a5fe-b1c4b2817661 [2026-05-24T18:45:14.177063] at Module._resolveFilename (node:internal/modules/cjs/loader:1421:15) (STDERR, APP/PROC/WEB)#
#2026 05 24 18:45:21.133#Z#DEBUG#3ea96a42-57a0-11f1-b455-eeee0a8493c0.field-task-cap-srv#flowable-async-job-executor-thread-13233#
[PollStartAppStatusExecution] 13d670fa-b3d9-45a2-a5fe-b1c4b2817661 [2026-05-24T18:45:14.177066] at defaultResolveImpl (node:internal/modules/cjs/loader:1059:19) (STDERR, APP/PROC/WEB)#
#2026 05 24 18:45:21.133#Z#DEBUG#3ea96a42-57a0-11f1-b455-eeee0a8493c0.field-task-cap-srv#flowable-async-job-executor-thread-13233#
[PollStartAppStatusExecution] 13d670fa-b3d9-45a2-a5fe-b1c4b2817661 [2026-05-24T18:45:14.177068] at resolveForCJSWithHooks (node:internal/modules/cjs/loader:1064:22) (STDERR, APP/PROC/WEB)#
#2026 05 24 18:45:21.133#Z#DEBUG#3ea96a42-57a0-11f1-b455-eeee0a8493c0.field-task-cap-srv#flowable-async-job-executor-thread-13233#
[PollStartAppStatusExecution] 13d670fa-b3d9-45a2-a5fe-b1c4b2817661 [2026-05-24T18:45:14.177071] at Module._load (node:internal/modules/cjs/loader:1227:37) (STDERR, APP/PROC/WEB)#
#2026 05 24 18:45:21.133#Z#DEBUG#3ea96a42-57a0-11f1-b455-eeee0a8493c0.field-task-cap-srv#flowable-async-job-executor-thread-13233#
[PollStartAppStatusExecution] 13d670fa-b3d9-45a2-a5fe-b1c4b2817661 [2026-05-24T18:45:14.177073] at TracingChannel.traceSync (node:diagnostics_channel:328:14) (STDERR, APP/PROC/WEB)#
#2026 05 24 18:45:21.133#Z#DEBUG#3ea96a42-57a0-11f1-b455-eeee0a8493c0.field-task-cap-srv#flowable-async-job-executor-thread-13233#
[PollStartAppStatusExecution] 13d670fa-b3d9-45a2-a5fe-b1c4b2817661 [2026-05-24T18:45:14.177075] at wrapModuleLoad (node:internal/modules/cjs/loader:245:24) (STDERR, APP/PROC/WEB)#
#2026 05 24 18:45:21.133#Z#DEBUG#3ea96a42-57a0-11f1-b455-eeee0a8493c0.field-task-cap-srv#flowable-async-job-executor-thread-13233#
[PollStartAppStatusExecution] 13d670fa-b3d9-45a2-a5fe-b1c4b2817661 [2026-05-24T18:45:14.177079] at Module.require (node:internal/modules/cjs/loader:1504:12) (STDERR, APP/PROC/WEB)#
#2026 05 24 18:45:21.133#Z#DEBUG#3ea96a42-57a0-11f1-b455-eeee0a8493c0.field-task-cap-srv#flowable-async-job-executor-thread-13233#
[PollStartAppStatusExecution] 13d670fa-b3d9-45a2-a5fe-b1c4b2817661 [2026-05-24T18:45:14.177081] at require (node:internal/modules/helpers:152:16) (STDERR, APP/PROC/WEB)#
#2026 05 24 18:45:21.133#Z#DEBUG#3ea96a42-57a0-11f1-b455-eeee0a8493c0.field-task-cap-srv#flowable-async-job-executor-thread-13233#
[PollStartAppStatusExecution] 13d670fa-b3d9-45a2-a5fe-b1c4b2817661 [2026-05-24T18:45:14.177086] at Object.<anonymous> (/home/vcap/app/node_modules/@sap/cds/lib/srv/middlewares/auth/xssec.js:2:17) (STDERR, APP/PROC/WEB)#
#2026 05 24 18:45:21.133#Z#DEBUG#3ea96a42-57a0-11f1-b455-eeee0a8493c0.field-task-cap-srv#flowable-async-job-executor-thread-13233#
[PollStartAppStatusExecution] 13d670fa-b3d9-45a2-a5fe-b1c4b2817661 [2026-05-24T18:45:14.177088] at Module._compile (node:internal/modules/cjs/loader:1761:14) { (STDERR, APP/PROC/WEB)#
#2026 05 24 18:45:21.133#Z#DEBUG#3ea96a42-57a0-11f1-b455-eeee0a8493c0.field-task-cap-srv#flowable-async-job-executor-thread-13233#
[PollStartAppStatusExecution] 13d670fa-b3d9-45a2-a5fe-b1c4b2817661 [2026-05-24T18:45:14.177090] code: 'MODULE_NOT_FOUND', (STDERR, APP/PROC/WEB)#
#2026 05 24 18:45:21.133#Z#DEBUG#3ea96a42-57a0-11f1-b455-eeee0a8493c0.field-task-cap-srv#flowable-async-job-executor-thread-13233#
[PollStartAppStatusExecution] 13d670fa-b3d9-45a2-a5fe-b1c4b2817661 [2026-05-24T18:45:14.177099] requireStack: [ (STDERR, APP/PROC/WEB)#
#2026 05 24 18:45:21.133#Z#DEBUG#3ea96a42-57a0-11f1-b455-eeee0a8493c0.field-task-cap-srv#flowable-async-job-executor-thread-13233#
[PollStartAppStatusExecution] 13d670fa-b3d9-45a2-a5fe-b1c4b2817661 [2026-05-24T18:45:14.177101] '/home/vcap/app/node_modules/@sap/cds/lib/srv/middlewares/auth/xssec.js', (STDERR, APP/PROC/WEB)#
#2026 05 24 18:45:21.133#Z#DEBUG#3ea96a42-57a0-11f1-b455-eeee0a8493c0.field-task-cap-srv#flowable-async-job-executor-thread-13233#
[PollStartAppStatusExecution] 13d670fa-b3d9-45a2-a5fe-b1c4b2817661 [2026-05-24T18:45:14.177104] '/home/vcap/app/node_modules/@sap/cds/lib/srv/middlewares/auth/jwt-auth.js', (STDERR, APP/PROC/WEB)#
#2026 05 24 18:45:21.133#Z#DEBUG#3ea96a42-57a0-11f1-b455-eeee0a8493c0.field-task-cap-srv#flowable-async-job-executor-thread-13233#
[PollStartAppStatusExecution] 13d670fa-b3d9-45a2-a5fe-b1c4b2817661 [2026-05-24T18:45:14.177107] '/home/vcap/app/node_modules/@sap/cds/lib/srv/middlewares/auth/index.js', (STDERR, APP/PROC/WEB)#
#2026 05 24 18:45:21.133#Z#DEBUG#3ea96a42-57a0-11f1-b455-eeee0a8493c0.field-task-cap-srv#flowable-async-job-executor-thread-13233#
[PollStartAppStatusExecution] 13d670fa-b3d9-45a2-a5fe-b1c4b2817661 [2026-05-24T18:45:14.177109] '/home/vcap/app/node_modules/@sap/cds/lib/srv/middlewares/index.js', (STDERR, APP/PROC/WEB)#
#2026 05 24 18:45:21.133#Z#DEBUG#3ea96a42-57a0-11f1-b455-eeee0a8493c0.field-task-cap-srv#flowable-async-job-executor-thread-13233#
[PollStartAppStatusExecution] 13d670fa-b3d9-45a2-a5fe-b1c4b2817661 [2026-05-24T18:45:14.177112] '/home/vcap/app/node_modules/@sap/cds/lib/index.js', (STDERR, APP/PROC/WEB)#
#2026 05 24 18:45:21.133#Z#DEBUG#3ea96a42-57a0-11f1-b455-eeee0a8493c0.field-task-cap-srv#flowable-async-job-executor-thread-13233#
[PollStartAppStatusExecution] 13d670fa-b3d9-45a2-a5fe-b1c4b2817661 [2026-05-24T18:45:14.177115] '/home/vcap/app/node_modules/@sap/cds/bin/serve.js' (STDERR, APP/PROC/WEB)#
#2026 05 24 18:45:21.133#Z#DEBUG#3ea96a42-57a0-11f1-b455-eeee0a8493c0.field-task-cap-srv#flowable-async-job-executor-thread-13233#
[PollStartAppStatusExecution] 13d670fa-b3d9-45a2-a5fe-b1c4b2817661 [2026-05-24T18:45:14.177118] ] (STDERR, APP/PROC/WEB)#
#2026 05 24 18:45:21.133#Z#DEBUG#3ea96a42-57a0-11f1-b455-eeee0a8493c0.field-task-cap-srv#flowable-async-job-executor-thread-13233#
[PollStartAppStatusExecution] 13d670fa-b3d9-45a2-a5fe-b1c4b2817661 [2026-05-24T18:45:14.177121] } (STDERR, APP/PROC/WEB)#
#2026 05 24 18:45:21.133#Z#DEBUG#3ea96a42-57a0-11f1-b455-eeee0a8493c0.field-task-cap-srv#flowable-async-job-executor-thread-13233#
[PollStartAppStatusExecution] 13d670fa-b3d9-45a2-a5fe-b1c4b2817661 [2026-05-24T18:45:14.177125] Node.js v24.13.0 (STDERR, APP/PROC/WEB)#
#2026 05 24 18:45:21.133#Z#DEBUG#3ea96a42-57a0-11f1-b455-eeee0a8493c0.field-task-cap-srv#flowable-async-job-executor-thread-13233#
[PollStartAppStatusExecution] 13d670fa-b3d9-45a2-a5fe-b1c4b2817661 [2026-05-24T18:45:14.195715] npm notice (STDERR, APP/PROC/WEB)#
#2026 05 24 18:45:21.133#Z#DEBUG#3ea96a42-57a0-11f1-b455-eeee0a8493c0.field-task-cap-srv#flowable-async-job-executor-thread-13233#
[PollStartAppStatusExecution] 13d670fa-b3d9-45a2-a5fe-b1c4b2817661 [2026-05-24T18:45:14.195748] npm notice New minor version of npm available! 11.6.2 -> 11.15.0 (STDERR, APP/PROC/WEB)#
#2026 05 24 18:45:21.133#Z#DEBUG#3ea96a42-57a0-11f1-b455-eeee0a8493c0.field-task-cap-srv#flowable-async-job-executor-thread-13233#
[PollStartAppStatusExecution] 13d670fa-b3d9-45a2-a5fe-b1c4b2817661 [2026-05-24T18:45:14.195754] npm notice Changelog: https://github.com/npm/cli/releases/tag/v11.15.0 (STDERR, APP/PROC/WEB)#
#2026 05 24 18:45:21.133#Z#DEBUG#3ea96a42-57a0-11f1-b455-eeee0a8493c0.field-task-cap-srv#flowable-async-job-executor-thread-13233#
[PollStartAppStatusExecution] 13d670fa-b3d9-45a2-a5fe-b1c4b2817661 [2026-05-24T18:45:14.195757] npm notice To update run: npm install -g npm@11.15.0 (STDERR, APP/PROC/WEB)#
#2026 05 24 18:45:21.133#Z#DEBUG#3ea96a42-57a0-11f1-b455-eeee0a8493c0.field-task-cap-srv#flowable-async-job-executor-thread-13233#
[PollStartAppStatusExecution] 13d670fa-b3d9-45a2-a5fe-b1c4b2817661 [2026-05-24T18:45:14.195759] npm notice (STDERR, APP/PROC/WEB)#
#2026 05 24 18:45:21.133#Z#DEBUG#3ea96a42-57a0-11f1-b455-eeee0a8493c0.field-task-cap-srv#flowable-async-job-executor-thread-13233#
[PollStartAppStatusExecution] 13d670fa-b3d9-45a2-a5fe-b1c4b2817661 [2026-05-24T18:45:14.273422] Exit status 1 (STDOUT, APP/PROC/WEB)#
#2026 05 24 18:45:21.133#Z#DEBUG#3ea96a42-57a0-11f1-b455-eeee0a8493c0.field-task-cap-srv#flowable-async-job-executor-thread-13233#
[PollStartAppStatusExecution] 13d670fa-b3d9-45a2-a5fe-b1c4b2817661 [2026-05-24T18:45:20.763962] Cell 77283d80-dfa7-40ba-ba4e-265aef112085 stopping instance 51524e9b-286d-47d2-47f4-ad67 (STDOUT, CELL)#
#2026 05 24 18:45:21.133#Z#DEBUG#3ea96a42-57a0-11f1-b455-eeee0a8493c0.field-task-cap-srv#flowable-async-job-executor-thread-13233#
[PollStartAppStatusExecution] 13d670fa-b3d9-45a2-a5fe-b1c4b2817661 [2026-05-24T18:45:20.764026] Cell 77283d80-dfa7-40ba-ba4e-265aef112085 destroying container for instance 51524e9b-286d-47d2-47f4-ad67 (STDOUT, CELL)#
#2026 05 24 18:45:21.133#Z#DEBUG#3ea96a42-57a0-11f1-b455-eeee0a8493c0.field-task-cap-srv#flowable-async-job-executor-thread-13233#
[PollStartAppStatusExecution] 13d670fa-b3d9-45a2-a5fe-b1c4b2817661 [2026-05-24T18:45:20.768969] Process has crashed with type: "web" (STDOUT, API)#
#2026 05 24 18:45:21.133#Z#DEBUG#3ea96a42-57a0-11f1-b455-eeee0a8493c0.field-task-cap-srv#flowable-async-job-executor-thread-13233#
[PollStartAppStatusExecution] 13d670fa-b3d9-45a2-a5fe-b1c4b2817661 [2026-05-24T18:45:20.781067] App instance exited with guid 13d670fa-b3d9-45a2-a5fe-b1c4b2817661 payload: {"instance"=>"51524e9b-286d-47d2-47f4-ad67", "index"=>0, "cell_id"=>"77283d80-dfa7-40ba-ba4e-265aef112085", "reason"=>"CRASHED", "exit_description"=>"APP/PROC/WEB: Exited with status 1", "crash_count"=>2, "crash_timestamp"=>1779648320746196006, "version"=>"eb4a7af6-e04b-4bd0-8b23-bb7b739d268b"} (STDOUT, API)#
#2026 05 24 18:45:31.153#Z#DEBUG#3ea96a42-57a0-11f1-b455-eeee0a8493c0.field-task-cap-srv#flowable-async-job-executor-thread-13235#
[PollStartAppStatusExecution] 13d670fa-b3d9-45a2-a5fe-b1c4b2817661 [2026-05-24T18:45:20.897526] Cell d1cc041a-d5a1-41d6-b9f6-6cda736ce3f0 creating container for instance 7f1d7010-b307-4829-65cd-26d8 (STDOUT, CELL)#
#2026 05 24 18:45:31.153#Z#DEBUG#3ea96a42-57a0-11f1-b455-eeee0a8493c0.field-task-cap-srv#flowable-async-job-executor-thread-13235#
[PollStartAppStatusExecution] 13d670fa-b3d9-45a2-a5fe-b1c4b2817661 [2026-05-24T18:45:21.008117] Exit status 137 (STDOUT, PROXY)#
#2026 05 24 18:45:31.153#Z#DEBUG#3ea96a42-57a0-11f1-b455-eeee0a8493c0.field-task-cap-srv#flowable-async-job-executor-thread-13235#
[PollStartAppStatusExecution] 13d670fa-b3d9-45a2-a5fe-b1c4b2817661 [2026-05-24T18:45:21.743101] Security group rules were updated (STDOUT, CELL)#
#2026 05 24 18:45:31.153#Z#DEBUG#3ea96a42-57a0-11f1-b455-eeee0a8493c0.field-task-cap-srv#flowable-async-job-executor-thread-13235#
[PollStartAppStatusExecution] 13d670fa-b3d9-45a2-a5fe-b1c4b2817661 [2026-05-24T18:45:22.054281] Cell d1cc041a-d5a1-41d6-b9f6-6cda736ce3f0 successfully created container for instance 7f1d7010-b307-4829-65cd-26d8 (STDOUT, CELL)#
#2026 05 24 18:45:31.153#Z#DEBUG#3ea96a42-57a0-11f1-b455-eeee0a8493c0.field-task-cap-srv#flowable-async-job-executor-thread-13235#
[PollStartAppStatusExecution] 13d670fa-b3d9-45a2-a5fe-b1c4b2817661 [2026-05-24T18:45:22.870471] Downloading droplet... (STDOUT, CELL)#
#2026 05 24 18:45:31.153#Z#DEBUG#3ea96a42-57a0-11f1-b455-eeee0a8493c0.field-task-cap-srv#flowable-async-job-executor-thread-13235#
[PollStartAppStatusExecution] 13d670fa-b3d9-45a2-a5fe-b1c4b2817661 [2026-05-24T18:45:23.284880] Cell 77283d80-dfa7-40ba-ba4e-265aef112085 successfully destroyed container for instance 51524e9b-286d-47d2-47f4-ad67 (STDOUT, CELL)#
#2026 05 24 18:45:31.153#Z#DEBUG#3ea96a42-57a0-11f1-b455-eeee0a8493c0.field-task-cap-srv#flowable-async-job-executor-thread-13235#
[PollStartAppStatusExecution] 13d670fa-b3d9-45a2-a5fe-b1c4b2817661 [2026-05-24T18:45:24.528385] Downloaded droplet (STDOUT, CELL)#
#2026 05 24 18:45:31.153#Z#DEBUG#3ea96a42-57a0-11f1-b455-eeee0a8493c0.field-task-cap-srv#flowable-async-job-executor-thread-13235#
[PollStartAppStatusExecution] 13d670fa-b3d9-45a2-a5fe-b1c4b2817661 [2026-05-24T18:45:24.528521] Starting health monitoring of container (STDOUT, CELL)#
#2026 05 24 18:45:31.153#Z#DEBUG#3ea96a42-57a0-11f1-b455-eeee0a8493c0.field-task-cap-srv#flowable-async-job-executor-thread-13235#
[PollStartAppStatusExecution] 13d670fa-b3d9-45a2-a5fe-b1c4b2817661 [2026-05-24T18:45:24.662308] Invoking pre-start scripts. (STDOUT, APP/PROC/WEB)#
#2026 05 24 18:45:31.153#Z#DEBUG#3ea96a42-57a0-11f1-b455-eeee0a8493c0.field-task-cap-srv#flowable-async-job-executor-thread-13235#
[PollStartAppStatusExecution] 13d670fa-b3d9-45a2-a5fe-b1c4b2817661 [2026-05-24T18:45:24.870408] Invoking start command. (STDOUT, APP/PROC/WEB)#
#2026 05 24 18:45:31.153#Z#DEBUG#3ea96a42-57a0-11f1-b455-eeee0a8493c0.field-task-cap-srv#flowable-async-job-executor-thread-13235#
[PollStartAppStatusExecution] 13d670fa-b3d9-45a2-a5fe-b1c4b2817661 [2026-05-24T18:45:25.390251] > field-task-cap@1.0.0 start (STDOUT, APP/PROC/WEB)#
#2026 05 24 18:45:31.153#Z#DEBUG#3ea96a42-57a0-11f1-b455-eeee0a8493c0.field-task-cap-srv#flowable-async-job-executor-thread-13235#
[PollStartAppStatusExecution] 13d670fa-b3d9-45a2-a5fe-b1c4b2817661 [2026-05-24T18:45:25.390284] > cds-serve (STDOUT, APP/PROC/WEB)#
#2026 05 24 18:45:31.153#Z#DEBUG#3ea96a42-57a0-11f1-b455-eeee0a8493c0.field-task-cap-srv#flowable-async-job-executor-thread-13235#
[PollStartAppStatusExecution] 13d670fa-b3d9-45a2-a5fe-b1c4b2817661 [2026-05-24T18:45:25.697228] {"level":"info","logger":"cds","timestamp":"2026-05-24T18:45:25.695Z","layer":"cds","component_type":"application","container_id":"10.32.1.5","component_id":"13d670fa-b3d9-45a2-a5fe-b1c4b2817661","component_name":"field-task-cap-srv","component_instance":0,"source_instance":0,"organization_name":"ca469c8atrial","organization_id":"a0cee0f7-f2bc-42d8-a02f-0c584ac68d52","space_name":"dev","space_id":"46e1c057-a44f-4d17-9493-f13823b5dffd","msg":"loaded model from 1 file(s):\n ","type":"log"} (STDOUT, APP/PROC/WEB)#
#2026 05 24 18:45:31.153#Z#DEBUG#3ea96a42-57a0-11f1-b455-eeee0a8493c0.field-task-cap-srv#flowable-async-job-executor-thread-13235#
[PollStartAppStatusExecution] 13d670fa-b3d9-45a2-a5fe-b1c4b2817661 [2026-05-24T18:45:25.697687] srv/csn.json (STDOUT, APP/PROC/WEB)#
#2026 05 24 18:45:31.153#Z#DEBUG#3ea96a42-57a0-11f1-b455-eeee0a8493c0.field-task-cap-srv#flowable-async-job-executor-thread-13235#
[PollStartAppStatusExecution] 13d670fa-b3d9-45a2-a5fe-b1c4b2817661 [2026-05-24T18:45:25.948177] {"level":"info","logger":"cds","timestamp":"2026-05-24T18:45:25.947Z","layer":"cds","component_type":"application","container_id":"10.32.1.5","component_id":"13d670fa-b3d9-45a2-a5fe-b1c4b2817661","component_name":"field-task-cap-srv","component_instance":0,"source_instance":0,"organization_name":"ca469c8atrial","organization_id":"a0cee0f7-f2bc-42d8-a02f-0c584ac68d52","space_name":"dev","space_id":"46e1c057-a44f-4d17-9493-f13823b5dffd","msg":"connect to db > hana {\n  database_id: 'cce80a2f-4f4f-4028-b914-ca6f5fb4d213',\n  host: 'cce80a2f-4f4f-4028-b914-ca6f5fb4d213.hna1.prod-us10.hanacloud.ondemand.com',\n  port: '443',\n  driver: 'com.sap.db.jdbc.Driver',\n  url: 'jdbc:sap://cce80a2f-4f4f-4028-b914-ca6f5fb4d213.hna1.prod-us10.hanacloud.ondemand.com:443?encrypt=true&validateCertificate=true&currentschema=FB0B8281EC704BE6803F7CA795D2E5F9',\n  schema: 'FB0B8281EC704BE6803F7CA795D2E5F9',\n  certificate: '...',\n  hdi_user: 'FB0B8281EC704BE6803F7CA795D2E5F9_B2HL5V4RXNMSBTI9JQIZABY9O_DT',\n  hdi_password: '...',\n  user: 'FB0B8281EC704BE6803F7CA795D2E5F9_B2HL5V4RXNMSBTI9JQIZABY9O_RT',\n  password: '...'\n}","type":"log"} (STDOUT, APP/PROC/WEB)#
#2026 05 24 18:45:31.153#Z#DEBUG#3ea96a42-57a0-11f1-b455-eeee0a8493c0.field-task-cap-srv#flowable-async-job-executor-thread-13235#
[PollStartAppStatusExecution] 13d670fa-b3d9-45a2-a5fe-b1c4b2817661 [2026-05-24T18:45:25.978823] {"level":"info","logger":"cds","timestamp":"2026-05-24T18:45:25.978Z","layer":"cds","component_type":"application","container_id":"10.32.1.5","component_id":"13d670fa-b3d9-45a2-a5fe-b1c4b2817661","component_name":"field-task-cap-srv","component_instance":0,"source_instance":0,"organization_name":"ca469c8atrial","organization_id":"a0cee0f7-f2bc-42d8-a02f-0c584ac68d52","space_name":"dev","space_id":"46e1c057-a44f-4d17-9493-f13823b5dffd","msg":"using auth strategy { kind: 'jwt' }","type":"log"} (STDOUT, APP/PROC/WEB)#
#2026 05 24 18:45:31.153#Z#DEBUG#3ea96a42-57a0-11f1-b455-eeee0a8493c0.field-task-cap-srv#flowable-async-job-executor-thread-13235#
[PollStartAppStatusExecution] 13d670fa-b3d9-45a2-a5fe-b1c4b2817661 [2026-05-24T18:45:25.980771] node:internal/modules/cjs/loader:1421 (STDERR, APP/PROC/WEB)#
#2026 05 24 18:45:31.153#Z#DEBUG#3ea96a42-57a0-11f1-b455-eeee0a8493c0.field-task-cap-srv#flowable-async-job-executor-thread-13235#
[PollStartAppStatusExecution] 13d670fa-b3d9-45a2-a5fe-b1c4b2817661 [2026-05-24T18:45:25.980798] const err = new Error(message); (STDERR, APP/PROC/WEB)#
#2026 05 24 18:45:31.153#Z#DEBUG#3ea96a42-57a0-11f1-b455-eeee0a8493c0.field-task-cap-srv#flowable-async-job-executor-thread-13235#
[PollStartAppStatusExecution] 13d670fa-b3d9-45a2-a5fe-b1c4b2817661 [2026-05-24T18:45:25.980810] ^ (STDERR, APP/PROC/WEB)#
#2026 05 24 18:45:31.153#Z#DEBUG#3ea96a42-57a0-11f1-b455-eeee0a8493c0.field-task-cap-srv#flowable-async-job-executor-thread-13235#
[PollStartAppStatusExecution] 13d670fa-b3d9-45a2-a5fe-b1c4b2817661 [2026-05-24T18:45:25.980814] Error: Cannot find '@sap/xssec'. Make sure to install it with 'npm i @sap/xssec' (STDERR, APP/PROC/WEB)#
#2026 05 24 18:45:31.153#Z#DEBUG#3ea96a42-57a0-11f1-b455-eeee0a8493c0.field-task-cap-srv#flowable-async-job-executor-thread-13235#
[PollStartAppStatusExecution] 13d670fa-b3d9-45a2-a5fe-b1c4b2817661 [2026-05-24T18:45:25.980820] Cannot find module '@sap/xssec' (STDERR, APP/PROC/WEB)#
#2026 05 24 18:45:31.153#Z#DEBUG#3ea96a42-57a0-11f1-b455-eeee0a8493c0.field-task-cap-srv#flowable-async-job-executor-thread-13235#
[PollStartAppStatusExecution] 13d670fa-b3d9-45a2-a5fe-b1c4b2817661 [2026-05-24T18:45:25.980822] Require stack: (STDERR, APP/PROC/WEB)#
#2026 05 24 18:45:31.153#Z#DEBUG#3ea96a42-57a0-11f1-b455-eeee0a8493c0.field-task-cap-srv#flowable-async-job-executor-thread-13235#
[PollStartAppStatusExecution] 13d670fa-b3d9-45a2-a5fe-b1c4b2817661 [2026-05-24T18:45:25.980825] - /home/vcap/app/node_modules/@sap/cds/lib/srv/middlewares/auth/xssec.js (STDERR, APP/PROC/WEB)#
#2026 05 24 18:45:31.153#Z#DEBUG#3ea96a42-57a0-11f1-b455-eeee0a8493c0.field-task-cap-srv#flowable-async-job-executor-thread-13235#
[PollStartAppStatusExecution] 13d670fa-b3d9-45a2-a5fe-b1c4b2817661 [2026-05-24T18:45:25.980827] - /home/vcap/app/node_modules/@sap/cds/lib/srv/middlewares/auth/jwt-auth.js (STDERR, APP/PROC/WEB)#
#2026 05 24 18:45:31.153#Z#DEBUG#3ea96a42-57a0-11f1-b455-eeee0a8493c0.field-task-cap-srv#flowable-async-job-executor-thread-13235#
[PollStartAppStatusExecution] 13d670fa-b3d9-45a2-a5fe-b1c4b2817661 [2026-05-24T18:45:25.980829] - /home/vcap/app/node_modules/@sap/cds/lib/srv/middlewares/auth/index.js (STDERR, APP/PROC/WEB)#
#2026 05 24 18:45:31.153#Z#DEBUG#3ea96a42-57a0-11f1-b455-eeee0a8493c0.field-task-cap-srv#flowable-async-job-executor-thread-13235#
[PollStartAppStatusExecution] 13d670fa-b3d9-45a2-a5fe-b1c4b2817661 [2026-05-24T18:45:25.980831] - /home/vcap/app/node_modules/@sap/cds/lib/srv/middlewares/index.js (STDERR, APP/PROC/WEB)#
#2026 05 24 18:45:31.153#Z#DEBUG#3ea96a42-57a0-11f1-b455-eeee0a8493c0.field-task-cap-srv#flowable-async-job-executor-thread-13235#
[PollStartAppStatusExecution] 13d670fa-b3d9-45a2-a5fe-b1c4b2817661 [2026-05-24T18:45:25.980834] - /home/vcap/app/node_modules/@sap/cds/lib/index.js (STDERR, APP/PROC/WEB)#
#2026 05 24 18:45:31.153#Z#DEBUG#3ea96a42-57a0-11f1-b455-eeee0a8493c0.field-task-cap-srv#flowable-async-job-executor-thread-13235#
[PollStartAppStatusExecution] 13d670fa-b3d9-45a2-a5fe-b1c4b2817661 [2026-05-24T18:45:25.980836] - /home/vcap/app/node_modules/@sap/cds/bin/serve.js (STDERR, APP/PROC/WEB)#
#2026 05 24 18:45:31.153#Z#DEBUG#3ea96a42-57a0-11f1-b455-eeee0a8493c0.field-task-cap-srv#flowable-async-job-executor-thread-13235#
[PollStartAppStatusExecution] 13d670fa-b3d9-45a2-a5fe-b1c4b2817661 [2026-05-24T18:45:25.980839] at Module._resolveFilename (node:internal/modules/cjs/loader:1421:15) (STDERR, APP/PROC/WEB)#
#2026 05 24 18:45:31.153#Z#DEBUG#3ea96a42-57a0-11f1-b455-eeee0a8493c0.field-task-cap-srv#flowable-async-job-executor-thread-13235#
[PollStartAppStatusExecution] 13d670fa-b3d9-45a2-a5fe-b1c4b2817661 [2026-05-24T18:45:25.980841] at defaultResolveImpl (node:internal/modules/cjs/loader:1059:19) (STDERR, APP/PROC/WEB)#
#2026 05 24 18:45:31.153#Z#DEBUG#3ea96a42-57a0-11f1-b455-eeee0a8493c0.field-task-cap-srv#flowable-async-job-executor-thread-13235#
[PollStartAppStatusExecution] 13d670fa-b3d9-45a2-a5fe-b1c4b2817661 [2026-05-24T18:45:25.980843] at resolveForCJSWithHooks (node:internal/modules/cjs/loader:1064:22) (STDERR, APP/PROC/WEB)#
#2026 05 24 18:45:31.153#Z#DEBUG#3ea96a42-57a0-11f1-b455-eeee0a8493c0.field-task-cap-srv#flowable-async-job-executor-thread-13235#
[PollStartAppStatusExecution] 13d670fa-b3d9-45a2-a5fe-b1c4b2817661 [2026-05-24T18:45:25.980845] at Module._load (node:internal/modules/cjs/loader:1227:37) (STDERR, APP/PROC/WEB)#
#2026 05 24 18:45:31.153#Z#DEBUG#3ea96a42-57a0-11f1-b455-eeee0a8493c0.field-task-cap-srv#flowable-async-job-executor-thread-13235#
[PollStartAppStatusExecution] 13d670fa-b3d9-45a2-a5fe-b1c4b2817661 [2026-05-24T18:45:25.980847] at TracingChannel.traceSync (node:diagnostics_channel:328:14) (STDERR, APP/PROC/WEB)#
#2026 05 24 18:45:31.153#Z#DEBUG#3ea96a42-57a0-11f1-b455-eeee0a8493c0.field-task-cap-srv#flowable-async-job-executor-thread-13235#
[PollStartAppStatusExecution] 13d670fa-b3d9-45a2-a5fe-b1c4b2817661 [2026-05-24T18:45:25.980849] at wrapModuleLoad (node:internal/modules/cjs/loader:245:24) (STDERR, APP/PROC/WEB)#
#2026 05 24 18:45:31.153#Z#DEBUG#3ea96a42-57a0-11f1-b455-eeee0a8493c0.field-task-cap-srv#flowable-async-job-executor-thread-13235#
[PollStartAppStatusExecution] 13d670fa-b3d9-45a2-a5fe-b1c4b2817661 [2026-05-24T18:45:25.980853] at Module.require (node:internal/modules/cjs/loader:1504:12) (STDERR, APP/PROC/WEB)#
#2026 05 24 18:45:31.153#Z#DEBUG#3ea96a42-57a0-11f1-b455-eeee0a8493c0.field-task-cap-srv#flowable-async-job-executor-thread-13235#
[PollStartAppStatusExecution] 13d670fa-b3d9-45a2-a5fe-b1c4b2817661 [2026-05-24T18:45:25.980855] at require (node:internal/modules/helpers:152:16) (STDERR, APP/PROC/WEB)#
#2026 05 24 18:45:31.153#Z#DEBUG#3ea96a42-57a0-11f1-b455-eeee0a8493c0.field-task-cap-srv#flowable-async-job-executor-thread-13235#
[PollStartAppStatusExecution] 13d670fa-b3d9-45a2-a5fe-b1c4b2817661 [2026-05-24T18:45:25.980858] at Object.<anonymous> (/home/vcap/app/node_modules/@sap/cds/lib/srv/middlewares/auth/xssec.js:2:17) (STDERR, APP/PROC/WEB)#
#2026 05 24 18:45:31.153#Z#DEBUG#3ea96a42-57a0-11f1-b455-eeee0a8493c0.field-task-cap-srv#flowable-async-job-executor-thread-13235#
[PollStartAppStatusExecution] 13d670fa-b3d9-45a2-a5fe-b1c4b2817661 [2026-05-24T18:45:25.980860] at Module._compile (node:internal/modules/cjs/loader:1761:14) { (STDERR, APP/PROC/WEB)#
#2026 05 24 18:45:31.153#Z#DEBUG#3ea96a42-57a0-11f1-b455-eeee0a8493c0.field-task-cap-srv#flowable-async-job-executor-thread-13235#
[PollStartAppStatusExecution] 13d670fa-b3d9-45a2-a5fe-b1c4b2817661 [2026-05-24T18:45:25.980863] code: 'MODULE_NOT_FOUND', (STDERR, APP/PROC/WEB)#
#2026 05 24 18:45:31.153#Z#DEBUG#3ea96a42-57a0-11f1-b455-eeee0a8493c0.field-task-cap-srv#flowable-async-job-executor-thread-13235#
[PollStartAppStatusExecution] 13d670fa-b3d9-45a2-a5fe-b1c4b2817661 [2026-05-24T18:45:25.980865] requireStack: [ (STDERR, APP/PROC/WEB)#
#2026 05 24 18:45:31.153#Z#DEBUG#3ea96a42-57a0-11f1-b455-eeee0a8493c0.field-task-cap-srv#flowable-async-job-executor-thread-13235#
[PollStartAppStatusExecution] 13d670fa-b3d9-45a2-a5fe-b1c4b2817661 [2026-05-24T18:45:25.980867] '/home/vcap/app/node_modules/@sap/cds/lib/srv/middlewares/auth/xssec.js', (STDERR, APP/PROC/WEB)#
#2026 05 24 18:45:31.153#Z#DEBUG#3ea96a42-57a0-11f1-b455-eeee0a8493c0.field-task-cap-srv#flowable-async-job-executor-thread-13235#
[PollStartAppStatusExecution] 13d670fa-b3d9-45a2-a5fe-b1c4b2817661 [2026-05-24T18:45:25.980869] '/home/vcap/app/node_modules/@sap/cds/lib/srv/middlewares/auth/jwt-auth.js', (STDERR, APP/PROC/WEB)#
#2026 05 24 18:45:31.153#Z#DEBUG#3ea96a42-57a0-11f1-b455-eeee0a8493c0.field-task-cap-srv#flowable-async-job-executor-thread-13235#
[PollStartAppStatusExecution] 13d670fa-b3d9-45a2-a5fe-b1c4b2817661 [2026-05-24T18:45:25.980872] '/home/vcap/app/node_modules/@sap/cds/lib/srv/middlewares/auth/index.js', (STDERR, APP/PROC/WEB)#
#2026 05 24 18:45:31.153#Z#DEBUG#3ea96a42-57a0-11f1-b455-eeee0a8493c0.field-task-cap-srv#flowable-async-job-executor-thread-13235#
[PollStartAppStatusExecution] 13d670fa-b3d9-45a2-a5fe-b1c4b2817661 [2026-05-24T18:45:25.980873] '/home/vcap/app/node_modules/@sap/cds/lib/srv/middlewares/index.js', (STDERR, APP/PROC/WEB)#
#2026 05 24 18:45:31.153#Z#DEBUG#3ea96a42-57a0-11f1-b455-eeee0a8493c0.field-task-cap-srv#flowable-async-job-executor-thread-13235#
[PollStartAppStatusExecution] 13d670fa-b3d9-45a2-a5fe-b1c4b2817661 [2026-05-24T18:45:25.980879] '/home/vcap/app/node_modules/@sap/cds/lib/index.js', (STDERR, APP/PROC/WEB)#
#2026 05 24 18:45:31.153#Z#DEBUG#3ea96a42-57a0-11f1-b455-eeee0a8493c0.field-task-cap-srv#flowable-async-job-executor-thread-13235#
[PollStartAppStatusExecution] 13d670fa-b3d9-45a2-a5fe-b1c4b2817661 [2026-05-24T18:45:25.980883] '/home/vcap/app/node_modules/@sap/cds/bin/serve.js' (STDERR, APP/PROC/WEB)#
#2026 05 24 18:45:31.153#Z#DEBUG#3ea96a42-57a0-11f1-b455-eeee0a8493c0.field-task-cap-srv#flowable-async-job-executor-thread-13235#
[PollStartAppStatusExecution] 13d670fa-b3d9-45a2-a5fe-b1c4b2817661 [2026-05-24T18:45:25.980885] ] (STDERR, APP/PROC/WEB)#
#2026 05 24 18:45:31.153#Z#DEBUG#3ea96a42-57a0-11f1-b455-eeee0a8493c0.field-task-cap-srv#flowable-async-job-executor-thread-13235#
[PollStartAppStatusExecution] 13d670fa-b3d9-45a2-a5fe-b1c4b2817661 [2026-05-24T18:45:25.980888] } (STDERR, APP/PROC/WEB)#
#2026 05 24 18:45:31.153#Z#DEBUG#3ea96a42-57a0-11f1-b455-eeee0a8493c0.field-task-cap-srv#flowable-async-job-executor-thread-13235#
[PollStartAppStatusExecution] 13d670fa-b3d9-45a2-a5fe-b1c4b2817661 [2026-05-24T18:45:25.980892] Node.js v24.13.0 (STDERR, APP/PROC/WEB)#
#2026 05 24 18:45:31.153#Z#DEBUG#3ea96a42-57a0-11f1-b455-eeee0a8493c0.field-task-cap-srv#flowable-async-job-executor-thread-13235#
[PollStartAppStatusExecution] 13d670fa-b3d9-45a2-a5fe-b1c4b2817661 [2026-05-24T18:45:25.996999] npm notice (STDERR, APP/PROC/WEB)#
#2026 05 24 18:45:31.153#Z#DEBUG#3ea96a42-57a0-11f1-b455-eeee0a8493c0.field-task-cap-srv#flowable-async-job-executor-thread-13235#
[PollStartAppStatusExecution] 13d670fa-b3d9-45a2-a5fe-b1c4b2817661 [2026-05-24T18:45:25.997032] npm notice New minor version of npm available! 11.6.2 -> 11.15.0 (STDERR, APP/PROC/WEB)#
#2026 05 24 18:45:31.153#Z#DEBUG#3ea96a42-57a0-11f1-b455-eeee0a8493c0.field-task-cap-srv#flowable-async-job-executor-thread-13235#
[PollStartAppStatusExecution] 13d670fa-b3d9-45a2-a5fe-b1c4b2817661 [2026-05-24T18:45:25.997039] npm notice Changelog: https://github.com/npm/cli/releases/tag/v11.15.0 (STDERR, APP/PROC/WEB)#
#2026 05 24 18:45:31.153#Z#DEBUG#3ea96a42-57a0-11f1-b455-eeee0a8493c0.field-task-cap-srv#flowable-async-job-executor-thread-13235#
[PollStartAppStatusExecution] 13d670fa-b3d9-45a2-a5fe-b1c4b2817661 [2026-05-24T18:45:25.997041] npm notice To update run: npm install -g npm@11.15.0 (STDERR, APP/PROC/WEB)#
#2026 05 24 18:45:31.153#Z#DEBUG#3ea96a42-57a0-11f1-b455-eeee0a8493c0.field-task-cap-srv#flowable-async-job-executor-thread-13235#
[PollStartAppStatusExecution] 13d670fa-b3d9-45a2-a5fe-b1c4b2817661 [2026-05-24T18:45:25.997044] npm notice (STDERR, APP/PROC/WEB)#
#2026 05 24 18:45:31.153#Z#DEBUG#3ea96a42-57a0-11f1-b455-eeee0a8493c0.field-task-cap-srv#flowable-async-job-executor-thread-13235#
[PollStartAppStatusExecution] 13d670fa-b3d9-45a2-a5fe-b1c4b2817661 [2026-05-24T18:45:26.082643] Exit status 1 (STDOUT, APP/PROC/WEB)#
#2026 05 24 18:45:41.141#Z#DEBUG#3ea96a42-57a0-11f1-b455-eeee0a8493c0.field-task-cap-srv#flowable-async-job-executor-thread-13237#
[PollStartAppStatusExecution] 13d670fa-b3d9-45a2-a5fe-b1c4b2817661 [2026-05-24T18:45:32.673903] Cell d1cc041a-d5a1-41d6-b9f6-6cda736ce3f0 stopping instance 7f1d7010-b307-4829-65cd-26d8 (STDOUT, CELL)#
#2026 05 24 18:45:41.141#Z#DEBUG#3ea96a42-57a0-11f1-b455-eeee0a8493c0.field-task-cap-srv#flowable-async-job-executor-thread-13237#
[PollStartAppStatusExecution] 13d670fa-b3d9-45a2-a5fe-b1c4b2817661 [2026-05-24T18:45:32.673965] Cell d1cc041a-d5a1-41d6-b9f6-6cda736ce3f0 destroying container for instance 7f1d7010-b307-4829-65cd-26d8 (STDOUT, CELL)#
#2026 05 24 18:45:41.141#Z#DEBUG#3ea96a42-57a0-11f1-b455-eeee0a8493c0.field-task-cap-srv#flowable-async-job-executor-thread-13237#
[PollStartAppStatusExecution] 13d670fa-b3d9-45a2-a5fe-b1c4b2817661 [2026-05-24T18:45:32.693701] Process has crashed with type: "web" (STDOUT, API)#
#2026 05 24 18:45:41.141#Z#DEBUG#3ea96a42-57a0-11f1-b455-eeee0a8493c0.field-task-cap-srv#flowable-async-job-executor-thread-13237#
[PollStartAppStatusExecution] 13d670fa-b3d9-45a2-a5fe-b1c4b2817661 [2026-05-24T18:45:32.705654] App instance exited with guid 13d670fa-b3d9-45a2-a5fe-b1c4b2817661 payload: {"instance"=>"7f1d7010-b307-4829-65cd-26d8", "index"=>0, "cell_id"=>"d1cc041a-d5a1-41d6-b9f6-6cda736ce3f0", "reason"=>"CRASHED", "exit_description"=>"APP/PROC/WEB: Exited with status 1", "crash_count"=>3, "crash_timestamp"=>1779648332670023302, "version"=>"eb4a7af6-e04b-4bd0-8b23-bb7b739d268b"} (STDOUT, API)#
#2026 05 24 18:45:41.141#Z#DEBUG#3ea96a42-57a0-11f1-b455-eeee0a8493c0.field-task-cap-srv#flowable-async-job-executor-thread-13237#
[PollStartAppStatusExecution] 13d670fa-b3d9-45a2-a5fe-b1c4b2817661 [2026-05-24T18:45:32.923781] Exit status 137 (STDOUT, PROXY)#
#2026 05 24 18:45:41.141#Z#DEBUG#3ea96a42-57a0-11f1-b455-eeee0a8493c0.field-task-cap-srv#flowable-async-job-executor-thread-13237#
[PollStartAppStatusExecution] 13d670fa-b3d9-45a2-a5fe-b1c4b2817661 [2026-05-24T18:45:35.322845] Cell d1cc041a-d5a1-41d6-b9f6-6cda736ce3f0 successfully destroyed container for instance 7f1d7010-b307-4829-65cd-26d8 (STDOUT, CELL)#
#2026 05 24 18:45:51.164#Z#DEBUG#3ea96a42-57a0-11f1-b455-eeee0a8493c0.field-task-cap-srv#flowable-async-job-executor-thread-13240#
[PollStartAppStatusExecution] 13d670fa-b3d9-45a2-a5fe-b1c4b2817661 [2026-05-24T18:45:32.673903] Cell d1cc041a-d5a1-41d6-b9f6-6cda736ce3f0 stopping instance 7f1d7010-b307-4829-65cd-26d8 (STDOUT, CELL)#
#2026 05 24 18:45:51.164#Z#DEBUG#3ea96a42-57a0-11f1-b455-eeee0a8493c0.field-task-cap-srv#flowable-async-job-executor-thread-13240#
[PollStartAppStatusExecution] 13d670fa-b3d9-45a2-a5fe-b1c4b2817661 [2026-05-24T18:45:32.673965] Cell d1cc041a-d5a1-41d6-b9f6-6cda736ce3f0 destroying container for instance 7f1d7010-b307-4829-65cd-26d8 (STDOUT, CELL)#
#2026 05 24 18:45:51.164#Z#DEBUG#3ea96a42-57a0-11f1-b455-eeee0a8493c0.field-task-cap-srv#flowable-async-job-executor-thread-13240#
[PollStartAppStatusExecution] 13d670fa-b3d9-45a2-a5fe-b1c4b2817661 [2026-05-24T18:45:32.693701] Process has crashed with type: "web" (STDOUT, API)#
#2026 05 24 18:45:51.164#Z#DEBUG#3ea96a42-57a0-11f1-b455-eeee0a8493c0.field-task-cap-srv#flowable-async-job-executor-thread-13240#
[PollStartAppStatusExecution] 13d670fa-b3d9-45a2-a5fe-b1c4b2817661 [2026-05-24T18:45:32.705654] App instance exited with guid 13d670fa-b3d9-45a2-a5fe-b1c4b2817661 payload: {"instance"=>"7f1d7010-b307-4829-65cd-26d8", "index"=>0, "cell_id"=>"d1cc041a-d5a1-41d6-b9f6-6cda736ce3f0", "reason"=>"CRASHED", "exit_description"=>"APP/PROC/WEB: Exited with status 1", "crash_count"=>3, "crash_timestamp"=>1779648332670023302, "version"=>"eb4a7af6-e04b-4bd0-8b23-bb7b739d268b"} (STDOUT, API)#
#2026 05 24 18:45:51.164#Z#DEBUG#3ea96a42-57a0-11f1-b455-eeee0a8493c0.field-task-cap-srv#flowable-async-job-executor-thread-13240#
[PollStartAppStatusExecution] 13d670fa-b3d9-45a2-a5fe-b1c4b2817661 [2026-05-24T18:45:32.923781] Exit status 137 (STDOUT, PROXY)#
#2026 05 24 18:45:51.164#Z#DEBUG#3ea96a42-57a0-11f1-b455-eeee0a8493c0.field-task-cap-srv#flowable-async-job-executor-thread-13240#
[PollStartAppStatusExecution] 13d670fa-b3d9-45a2-a5fe-b1c4b2817661 [2026-05-24T18:45:35.322845] Cell d1cc041a-d5a1-41d6-b9f6-6cda736ce3f0 successfully destroyed container for instance 7f1d7010-b307-4829-65cd-26d8 (STDOUT, CELL)#
#2026 05 24 18:45:51.164#Z#DEBUG#3ea96a42-57a0-11f1-b455-eeee0a8493c0.field-task-cap-srv#flowable-async-job-executor-thread-13240#
[PollStartAppStatusExecution] 13d670fa-b3d9-45a2-a5fe-b1c4b2817661 [2026-05-24T18:45:43.144725] Stopping app with guid 13d670fa-b3d9-45a2-a5fe-b1c4b2817661 (STDOUT, API)#
#2026 05 24 18:45:51.164#Z#DEBUG#3ea96a42-57a0-11f1-b455-eeee0a8493c0.field-task-cap-srv#flowable-async-job-executor-thread-13240#
[PollStartAppStatusExecution] 13d670fa-b3d9-45a2-a5fe-b1c4b2817661 [2026-05-24T18:45:43.303035] Starting app with guid 13d670fa-b3d9-45a2-a5fe-b1c4b2817661 (STDOUT, API)#
#2026 05 24 18:45:51.164#Z#DEBUG#3ea96a42-57a0-11f1-b455-eeee0a8493c0.field-task-cap-srv#flowable-async-job-executor-thread-13240#
[PollStartAppStatusExecution] 13d670fa-b3d9-45a2-a5fe-b1c4b2817661 [2026-05-24T18:45:43.546879] Cell 77283d80-dfa7-40ba-ba4e-265aef112085 creating container for instance 4cae6687-5c5f-440c-646d-00d2 (STDOUT, CELL)#
#2026 05 24 18:45:51.164#Z#DEBUG#3ea96a42-57a0-11f1-b455-eeee0a8493c0.field-task-cap-srv#flowable-async-job-executor-thread-13240#
[PollStartAppStatusExecution] 13d670fa-b3d9-45a2-a5fe-b1c4b2817661 [2026-05-24T18:45:44.367969] Security group rules were updated (STDOUT, CELL)#
#2026 05 24 18:45:51.164#Z#DEBUG#3ea96a42-57a0-11f1-b455-eeee0a8493c0.field-task-cap-srv#flowable-async-job-executor-thread-13240#
[PollStartAppStatusExecution] 13d670fa-b3d9-45a2-a5fe-b1c4b2817661 [2026-05-24T18:45:44.452890] Cell 77283d80-dfa7-40ba-ba4e-265aef112085 successfully created container for instance 4cae6687-5c5f-440c-646d-00d2 (STDOUT, CELL)#
#2026 05 24 18:45:51.164#Z#DEBUG#3ea96a42-57a0-11f1-b455-eeee0a8493c0.field-task-cap-srv#flowable-async-job-executor-thread-13240#
[PollStartAppStatusExecution] 13d670fa-b3d9-45a2-a5fe-b1c4b2817661 [2026-05-24T18:45:44.855662] Downloading droplet... (STDOUT, CELL)#
#2026 05 24 18:45:51.164#Z#DEBUG#3ea96a42-57a0-11f1-b455-eeee0a8493c0.field-task-cap-srv#flowable-async-job-executor-thread-13240#
[PollStartAppStatusExecution] 13d670fa-b3d9-45a2-a5fe-b1c4b2817661 [2026-05-24T18:45:49.774640] Downloaded droplet (59.1M) (STDOUT, CELL)#
#2026 05 24 18:45:51.164#Z#DEBUG#3ea96a42-57a0-11f1-b455-eeee0a8493c0.field-task-cap-srv#flowable-async-job-executor-thread-13240#
[PollStartAppStatusExecution] 13d670fa-b3d9-45a2-a5fe-b1c4b2817661 [2026-05-24T18:45:49.775045] Starting health monitoring of container (STDOUT, CELL)#
#2026 05 24 18:45:51.164#Z#DEBUG#3ea96a42-57a0-11f1-b455-eeee0a8493c0.field-task-cap-srv#flowable-async-job-executor-thread-13240#
[PollStartAppStatusExecution] 13d670fa-b3d9-45a2-a5fe-b1c4b2817661 [2026-05-24T18:45:49.898716] Invoking pre-start scripts. (STDOUT, APP/PROC/WEB)#
#2026 05 24 18:45:51.164#Z#DEBUG#3ea96a42-57a0-11f1-b455-eeee0a8493c0.field-task-cap-srv#flowable-async-job-executor-thread-13240#
[PollStartAppStatusExecution] 13d670fa-b3d9-45a2-a5fe-b1c4b2817661 [2026-05-24T18:45:50.113973] Invoking start command. (STDOUT, APP/PROC/WEB)#
#2026 05 24 18:45:51.164#Z#DEBUG#3ea96a42-57a0-11f1-b455-eeee0a8493c0.field-task-cap-srv#flowable-async-job-executor-thread-13240#
[PollStartAppStatusExecution] 13d670fa-b3d9-45a2-a5fe-b1c4b2817661 [2026-05-24T18:45:50.639592] > field-task-cap@1.0.0 start (STDOUT, APP/PROC/WEB)#
#2026 05 24 18:45:51.164#Z#DEBUG#3ea96a42-57a0-11f1-b455-eeee0a8493c0.field-task-cap-srv#flowable-async-job-executor-thread-13240#
[PollStartAppStatusExecution] 13d670fa-b3d9-45a2-a5fe-b1c4b2817661 [2026-05-24T18:45:50.639622] > cds-serve (STDOUT, APP/PROC/WEB)#
#2026 05 24 18:46:01.166#Z#DEBUG#3ea96a42-57a0-11f1-b455-eeee0a8493c0.field-task-cap-srv#flowable-async-job-executor-thread-13242#
[PollStartAppStatusExecution] 13d670fa-b3d9-45a2-a5fe-b1c4b2817661 [2026-05-24T18:45:50.976175] {"level":"info","logger":"cds","timestamp":"2026-05-24T18:45:50.974Z","layer":"cds","component_type":"application","container_id":"10.32.3.6","component_id":"13d670fa-b3d9-45a2-a5fe-b1c4b2817661","component_name":"field-task-cap-srv","component_instance":0,"source_instance":0,"organization_name":"ca469c8atrial","organization_id":"a0cee0f7-f2bc-42d8-a02f-0c584ac68d52","space_name":"dev","space_id":"46e1c057-a44f-4d17-9493-f13823b5dffd","msg":"loaded model from 1 file(s):\n ","type":"log"} (STDOUT, APP/PROC/WEB)#
#2026 05 24 18:46:01.166#Z#DEBUG#3ea96a42-57a0-11f1-b455-eeee0a8493c0.field-task-cap-srv#flowable-async-job-executor-thread-13242#
[PollStartAppStatusExecution] 13d670fa-b3d9-45a2-a5fe-b1c4b2817661 [2026-05-24T18:45:50.976599] srv/csn.json (STDOUT, APP/PROC/WEB)#
#2026 05 24 18:46:01.166#Z#DEBUG#3ea96a42-57a0-11f1-b455-eeee0a8493c0.field-task-cap-srv#flowable-async-job-executor-thread-13242#
[PollStartAppStatusExecution] 13d670fa-b3d9-45a2-a5fe-b1c4b2817661 [2026-05-24T18:45:51.251667] {"level":"info","logger":"cds","timestamp":"2026-05-24T18:45:51.250Z","layer":"cds","component_type":"application","container_id":"10.32.3.6","component_id":"13d670fa-b3d9-45a2-a5fe-b1c4b2817661","component_name":"field-task-cap-srv","component_instance":0,"source_instance":0,"organization_name":"ca469c8atrial","organization_id":"a0cee0f7-f2bc-42d8-a02f-0c584ac68d52","space_name":"dev","space_id":"46e1c057-a44f-4d17-9493-f13823b5dffd","msg":"connect to db > hana {\n  database_id: 'cce80a2f-4f4f-4028-b914-ca6f5fb4d213',\n  host: 'cce80a2f-4f4f-4028-b914-ca6f5fb4d213.hna1.prod-us10.hanacloud.ondemand.com',\n  port: '443',\n  driver: 'com.sap.db.jdbc.Driver',\n  url: 'jdbc:sap://cce80a2f-4f4f-4028-b914-ca6f5fb4d213.hna1.prod-us10.hanacloud.ondemand.com:443?encrypt=true&validateCertificate=true&currentschema=FB0B8281EC704BE6803F7CA795D2E5F9',\n  schema: 'FB0B8281EC704BE6803F7CA795D2E5F9',\n  certificate: '...',\n  hdi_user: 'FB0B8281EC704BE6803F7CA795D2E5F9_B2HL5V4RXNMSBTI9JQIZABY9O_DT',\n  hdi_password: '...',\n  user: 'FB0B8281EC704BE6803F7CA795D2E5F9_B2HL5V4RXNMSBTI9JQIZABY9O_RT',\n  password: '...'\n}","type":"log"} (STDOUT, APP/PROC/WEB)#
#2026 05 24 18:46:01.166#Z#DEBUG#3ea96a42-57a0-11f1-b455-eeee0a8493c0.field-task-cap-srv#flowable-async-job-executor-thread-13242#
[PollStartAppStatusExecution] 13d670fa-b3d9-45a2-a5fe-b1c4b2817661 [2026-05-24T18:45:51.291210] {"level":"info","logger":"cds","timestamp":"2026-05-24T18:45:51.290Z","layer":"cds","component_type":"application","container_id":"10.32.3.6","component_id":"13d670fa-b3d9-45a2-a5fe-b1c4b2817661","component_name":"field-task-cap-srv","component_instance":0,"source_instance":0,"organization_name":"ca469c8atrial","organization_id":"a0cee0f7-f2bc-42d8-a02f-0c584ac68d52","space_name":"dev","space_id":"46e1c057-a44f-4d17-9493-f13823b5dffd","msg":"using auth strategy { kind: 'jwt' }","type":"log"} (STDOUT, APP/PROC/WEB)#
#2026 05 24 18:46:01.166#Z#DEBUG#3ea96a42-57a0-11f1-b455-eeee0a8493c0.field-task-cap-srv#flowable-async-job-executor-thread-13242#
[PollStartAppStatusExecution] 13d670fa-b3d9-45a2-a5fe-b1c4b2817661 [2026-05-24T18:45:51.293449] node:internal/modules/cjs/loader:1421 (STDERR, APP/PROC/WEB)#
#2026 05 24 18:46:01.166#Z#DEBUG#3ea96a42-57a0-11f1-b455-eeee0a8493c0.field-task-cap-srv#flowable-async-job-executor-thread-13242#
[PollStartAppStatusExecution] 13d670fa-b3d9-45a2-a5fe-b1c4b2817661 [2026-05-24T18:45:51.293476] const err = new Error(message); (STDERR, APP/PROC/WEB)#
#2026 05 24 18:46:01.166#Z#DEBUG#3ea96a42-57a0-11f1-b455-eeee0a8493c0.field-task-cap-srv#flowable-async-job-executor-thread-13242#
[PollStartAppStatusExecution] 13d670fa-b3d9-45a2-a5fe-b1c4b2817661 [2026-05-24T18:45:51.293481] ^ (STDERR, APP/PROC/WEB)#
#2026 05 24 18:46:01.166#Z#DEBUG#3ea96a42-57a0-11f1-b455-eeee0a8493c0.field-task-cap-srv#flowable-async-job-executor-thread-13242#
[PollStartAppStatusExecution] 13d670fa-b3d9-45a2-a5fe-b1c4b2817661 [2026-05-24T18:45:51.293485] Error: Cannot find '@sap/xssec'. Make sure to install it with 'npm i @sap/xssec' (STDERR, APP/PROC/WEB)#
#2026 05 24 18:46:01.166#Z#DEBUG#3ea96a42-57a0-11f1-b455-eeee0a8493c0.field-task-cap-srv#flowable-async-job-executor-thread-13242#
[PollStartAppStatusExecution] 13d670fa-b3d9-45a2-a5fe-b1c4b2817661 [2026-05-24T18:45:51.293488] Cannot find module '@sap/xssec' (STDERR, APP/PROC/WEB)#
#2026 05 24 18:46:01.166#Z#DEBUG#3ea96a42-57a0-11f1-b455-eeee0a8493c0.field-task-cap-srv#flowable-async-job-executor-thread-13242#
[PollStartAppStatusExecution] 13d670fa-b3d9-45a2-a5fe-b1c4b2817661 [2026-05-24T18:45:51.293490] Require stack: (STDERR, APP/PROC/WEB)#
#2026 05 24 18:46:01.166#Z#DEBUG#3ea96a42-57a0-11f1-b455-eeee0a8493c0.field-task-cap-srv#flowable-async-job-executor-thread-13242#
[PollStartAppStatusExecution] 13d670fa-b3d9-45a2-a5fe-b1c4b2817661 [2026-05-24T18:45:51.293493] - /home/vcap/app/node_modules/@sap/cds/lib/srv/middlewares/auth/xssec.js (STDERR, APP/PROC/WEB)#
#2026 05 24 18:46:01.166#Z#DEBUG#3ea96a42-57a0-11f1-b455-eeee0a8493c0.field-task-cap-srv#flowable-async-job-executor-thread-13242#
[PollStartAppStatusExecution] 13d670fa-b3d9-45a2-a5fe-b1c4b2817661 [2026-05-24T18:45:51.293496] - /home/vcap/app/node_modules/@sap/cds/lib/srv/middlewares/auth/jwt-auth.js (STDERR, APP/PROC/WEB)#
#2026 05 24 18:46:01.166#Z#DEBUG#3ea96a42-57a0-11f1-b455-eeee0a8493c0.field-task-cap-srv#flowable-async-job-executor-thread-13242#
[PollStartAppStatusExecution] 13d670fa-b3d9-45a2-a5fe-b1c4b2817661 [2026-05-24T18:45:51.293499] - /home/vcap/app/node_modules/@sap/cds/lib/srv/middlewares/auth/index.js (STDERR, APP/PROC/WEB)#
#2026 05 24 18:46:01.166#Z#DEBUG#3ea96a42-57a0-11f1-b455-eeee0a8493c0.field-task-cap-srv#flowable-async-job-executor-thread-13242#
[PollStartAppStatusExecution] 13d670fa-b3d9-45a2-a5fe-b1c4b2817661 [2026-05-24T18:45:51.293501] - /home/vcap/app/node_modules/@sap/cds/lib/srv/middlewares/index.js (STDERR, APP/PROC/WEB)#
#2026 05 24 18:46:01.166#Z#DEBUG#3ea96a42-57a0-11f1-b455-eeee0a8493c0.field-task-cap-srv#flowable-async-job-executor-thread-13242#
[PollStartAppStatusExecution] 13d670fa-b3d9-45a2-a5fe-b1c4b2817661 [2026-05-24T18:45:51.293510] - /home/vcap/app/node_modules/@sap/cds/lib/index.js (STDERR, APP/PROC/WEB)#
#2026 05 24 18:46:01.166#Z#DEBUG#3ea96a42-57a0-11f1-b455-eeee0a8493c0.field-task-cap-srv#flowable-async-job-executor-thread-13242#
[PollStartAppStatusExecution] 13d670fa-b3d9-45a2-a5fe-b1c4b2817661 [2026-05-24T18:45:51.293516] - /home/vcap/app/node_modules/@sap/cds/bin/serve.js (STDERR, APP/PROC/WEB)#
#2026 05 24 18:46:01.166#Z#DEBUG#3ea96a42-57a0-11f1-b455-eeee0a8493c0.field-task-cap-srv#flowable-async-job-executor-thread-13242#
[PollStartAppStatusExecution] 13d670fa-b3d9-45a2-a5fe-b1c4b2817661 [2026-05-24T18:45:51.293518] at Module._resolveFilename (node:internal/modules/cjs/loader:1421:15) (STDERR, APP/PROC/WEB)#
#2026 05 24 18:46:01.166#Z#DEBUG#3ea96a42-57a0-11f1-b455-eeee0a8493c0.field-task-cap-srv#flowable-async-job-executor-thread-13242#
[PollStartAppStatusExecution] 13d670fa-b3d9-45a2-a5fe-b1c4b2817661 [2026-05-24T18:45:51.293521] at defaultResolveImpl (node:internal/modules/cjs/loader:1059:19) (STDERR, APP/PROC/WEB)#
#2026 05 24 18:46:01.166#Z#DEBUG#3ea96a42-57a0-11f1-b455-eeee0a8493c0.field-task-cap-srv#flowable-async-job-executor-thread-13242#
[PollStartAppStatusExecution] 13d670fa-b3d9-45a2-a5fe-b1c4b2817661 [2026-05-24T18:45:51.293529] at resolveForCJSWithHooks (node:internal/modules/cjs/loader:1064:22) (STDERR, APP/PROC/WEB)#
#2026 05 24 18:46:01.166#Z#DEBUG#3ea96a42-57a0-11f1-b455-eeee0a8493c0.field-task-cap-srv#flowable-async-job-executor-thread-13242#
[PollStartAppStatusExecution] 13d670fa-b3d9-45a2-a5fe-b1c4b2817661 [2026-05-24T18:45:51.293532] at Module._load (node:internal/modules/cjs/loader:1227:37) (STDERR, APP/PROC/WEB)#
#2026 05 24 18:46:01.166#Z#DEBUG#3ea96a42-57a0-11f1-b455-eeee0a8493c0.field-task-cap-srv#flowable-async-job-executor-thread-13242#
[PollStartAppStatusExecution] 13d670fa-b3d9-45a2-a5fe-b1c4b2817661 [2026-05-24T18:45:51.293537] at TracingChannel.traceSync (node:diagnostics_channel:328:14) (STDERR, APP/PROC/WEB)#
#2026 05 24 18:46:01.166#Z#DEBUG#3ea96a42-57a0-11f1-b455-eeee0a8493c0.field-task-cap-srv#flowable-async-job-executor-thread-13242#
[PollStartAppStatusExecution] 13d670fa-b3d9-45a2-a5fe-b1c4b2817661 [2026-05-24T18:45:51.293540] at wrapModuleLoad (node:internal/modules/cjs/loader:245:24) (STDERR, APP/PROC/WEB)#
#2026 05 24 18:46:01.166#Z#DEBUG#3ea96a42-57a0-11f1-b455-eeee0a8493c0.field-task-cap-srv#flowable-async-job-executor-thread-13242#
[PollStartAppStatusExecution] 13d670fa-b3d9-45a2-a5fe-b1c4b2817661 [2026-05-24T18:45:51.293543] at Module.require (node:internal/modules/cjs/loader:1504:12) (STDERR, APP/PROC/WEB)#
#2026 05 24 18:46:01.166#Z#DEBUG#3ea96a42-57a0-11f1-b455-eeee0a8493c0.field-task-cap-srv#flowable-async-job-executor-thread-13242#
[PollStartAppStatusExecution] 13d670fa-b3d9-45a2-a5fe-b1c4b2817661 [2026-05-24T18:45:51.293546] at require (node:internal/modules/helpers:152:16) (STDERR, APP/PROC/WEB)#
#2026 05 24 18:46:01.166#Z#DEBUG#3ea96a42-57a0-11f1-b455-eeee0a8493c0.field-task-cap-srv#flowable-async-job-executor-thread-13242#
[PollStartAppStatusExecution] 13d670fa-b3d9-45a2-a5fe-b1c4b2817661 [2026-05-24T18:45:51.293549] at Object.<anonymous> (/home/vcap/app/node_modules/@sap/cds/lib/srv/middlewares/auth/xssec.js:2:17) (STDERR, APP/PROC/WEB)#
#2026 05 24 18:46:01.166#Z#DEBUG#3ea96a42-57a0-11f1-b455-eeee0a8493c0.field-task-cap-srv#flowable-async-job-executor-thread-13242#
[PollStartAppStatusExecution] 13d670fa-b3d9-45a2-a5fe-b1c4b2817661 [2026-05-24T18:45:51.293551] at Module._compile (node:internal/modules/cjs/loader:1761:14) { (STDERR, APP/PROC/WEB)#
#2026 05 24 18:46:01.166#Z#DEBUG#3ea96a42-57a0-11f1-b455-eeee0a8493c0.field-task-cap-srv#flowable-async-job-executor-thread-13242#
[PollStartAppStatusExecution] 13d670fa-b3d9-45a2-a5fe-b1c4b2817661 [2026-05-24T18:45:51.293554] code: 'MODULE_NOT_FOUND', (STDERR, APP/PROC/WEB)#
#2026 05 24 18:46:01.166#Z#DEBUG#3ea96a42-57a0-11f1-b455-eeee0a8493c0.field-task-cap-srv#flowable-async-job-executor-thread-13242#
[PollStartAppStatusExecution] 13d670fa-b3d9-45a2-a5fe-b1c4b2817661 [2026-05-24T18:45:51.293557] requireStack: [ (STDERR, APP/PROC/WEB)#
#2026 05 24 18:46:01.166#Z#DEBUG#3ea96a42-57a0-11f1-b455-eeee0a8493c0.field-task-cap-srv#flowable-async-job-executor-thread-13242#
[PollStartAppStatusExecution] 13d670fa-b3d9-45a2-a5fe-b1c4b2817661 [2026-05-24T18:45:51.293559] '/home/vcap/app/node_modules/@sap/cds/lib/srv/middlewares/auth/xssec.js', (STDERR, APP/PROC/WEB)#
#2026 05 24 18:46:01.166#Z#DEBUG#3ea96a42-57a0-11f1-b455-eeee0a8493c0.field-task-cap-srv#flowable-async-job-executor-thread-13242#
[PollStartAppStatusExecution] 13d670fa-b3d9-45a2-a5fe-b1c4b2817661 [2026-05-24T18:45:51.293562] '/home/vcap/app/node_modules/@sap/cds/lib/srv/middlewares/auth/jwt-auth.js', (STDERR, APP/PROC/WEB)#
#2026 05 24 18:46:01.166#Z#DEBUG#3ea96a42-57a0-11f1-b455-eeee0a8493c0.field-task-cap-srv#flowable-async-job-executor-thread-13242#
[PollStartAppStatusExecution] 13d670fa-b3d9-45a2-a5fe-b1c4b2817661 [2026-05-24T18:45:51.293564] '/home/vcap/app/node_modules/@sap/cds/lib/srv/middlewares/auth/index.js', (STDERR, APP/PROC/WEB)#
#2026 05 24 18:46:01.166#Z#DEBUG#3ea96a42-57a0-11f1-b455-eeee0a8493c0.field-task-cap-srv#flowable-async-job-executor-thread-13242#
[PollStartAppStatusExecution] 13d670fa-b3d9-45a2-a5fe-b1c4b2817661 [2026-05-24T18:45:51.293570] '/home/vcap/app/node_modules/@sap/cds/lib/srv/middlewares/index.js', (STDERR, APP/PROC/WEB)#
#2026 05 24 18:46:01.166#Z#DEBUG#3ea96a42-57a0-11f1-b455-eeee0a8493c0.field-task-cap-srv#flowable-async-job-executor-thread-13242#
[PollStartAppStatusExecution] 13d670fa-b3d9-45a2-a5fe-b1c4b2817661 [2026-05-24T18:45:51.293573] '/home/vcap/app/node_modules/@sap/cds/lib/index.js', (STDERR, APP/PROC/WEB)#
#2026 05 24 18:46:01.166#Z#DEBUG#3ea96a42-57a0-11f1-b455-eeee0a8493c0.field-task-cap-srv#flowable-async-job-executor-thread-13242#
[PollStartAppStatusExecution] 13d670fa-b3d9-45a2-a5fe-b1c4b2817661 [2026-05-24T18:45:51.293576] '/home/vcap/app/node_modules/@sap/cds/bin/serve.js' (STDERR, APP/PROC/WEB)#
#2026 05 24 18:46:01.166#Z#DEBUG#3ea96a42-57a0-11f1-b455-eeee0a8493c0.field-task-cap-srv#flowable-async-job-executor-thread-13242#
[PollStartAppStatusExecution] 13d670fa-b3d9-45a2-a5fe-b1c4b2817661 [2026-05-24T18:45:51.293578] ] (STDERR, APP/PROC/WEB)#
#2026 05 24 18:46:01.166#Z#DEBUG#3ea96a42-57a0-11f1-b455-eeee0a8493c0.field-task-cap-srv#flowable-async-job-executor-thread-13242#
[PollStartAppStatusExecution] 13d670fa-b3d9-45a2-a5fe-b1c4b2817661 [2026-05-24T18:45:51.293581] } (STDERR, APP/PROC/WEB)#
#2026 05 24 18:46:01.166#Z#DEBUG#3ea96a42-57a0-11f1-b455-eeee0a8493c0.field-task-cap-srv#flowable-async-job-executor-thread-13242#
[PollStartAppStatusExecution] 13d670fa-b3d9-45a2-a5fe-b1c4b2817661 [2026-05-24T18:45:51.293585] Node.js v24.13.0 (STDERR, APP/PROC/WEB)#
#2026 05 24 18:46:01.166#Z#DEBUG#3ea96a42-57a0-11f1-b455-eeee0a8493c0.field-task-cap-srv#flowable-async-job-executor-thread-13242#
[PollStartAppStatusExecution] 13d670fa-b3d9-45a2-a5fe-b1c4b2817661 [2026-05-24T18:45:51.313723] npm notice (STDERR, APP/PROC/WEB)#
#2026 05 24 18:46:01.166#Z#DEBUG#3ea96a42-57a0-11f1-b455-eeee0a8493c0.field-task-cap-srv#flowable-async-job-executor-thread-13242#
[PollStartAppStatusExecution] 13d670fa-b3d9-45a2-a5fe-b1c4b2817661 [2026-05-24T18:45:51.313755] npm notice New minor version of npm available! 11.6.2 -> 11.15.0 (STDERR, APP/PROC/WEB)#
#2026 05 24 18:46:01.166#Z#DEBUG#3ea96a42-57a0-11f1-b455-eeee0a8493c0.field-task-cap-srv#flowable-async-job-executor-thread-13242#
[PollStartAppStatusExecution] 13d670fa-b3d9-45a2-a5fe-b1c4b2817661 [2026-05-24T18:45:51.313760] npm notice Changelog: https://github.com/npm/cli/releases/tag/v11.15.0 (STDERR, APP/PROC/WEB)#
#2026 05 24 18:46:01.166#Z#DEBUG#3ea96a42-57a0-11f1-b455-eeee0a8493c0.field-task-cap-srv#flowable-async-job-executor-thread-13242#
[PollStartAppStatusExecution] 13d670fa-b3d9-45a2-a5fe-b1c4b2817661 [2026-05-24T18:45:51.313763] npm notice To update run: npm install -g npm@11.15.0 (STDERR, APP/PROC/WEB)#
#2026 05 24 18:46:01.166#Z#DEBUG#3ea96a42-57a0-11f1-b455-eeee0a8493c0.field-task-cap-srv#flowable-async-job-executor-thread-13242#
[PollStartAppStatusExecution] 13d670fa-b3d9-45a2-a5fe-b1c4b2817661 [2026-05-24T18:45:51.313765] npm notice (STDERR, APP/PROC/WEB)#
#2026 05 24 18:46:01.166#Z#DEBUG#3ea96a42-57a0-11f1-b455-eeee0a8493c0.field-task-cap-srv#flowable-async-job-executor-thread-13242#
[PollStartAppStatusExecution] 13d670fa-b3d9-45a2-a5fe-b1c4b2817661 [2026-05-24T18:45:51.399767] Exit status 1 (STDOUT, APP/PROC/WEB)#
#2026 05 24 18:46:01.166#Z#DEBUG#3ea96a42-57a0-11f1-b455-eeee0a8493c0.field-task-cap-srv#flowable-async-job-executor-thread-13242#
[PollStartAppStatusExecution] 13d670fa-b3d9-45a2-a5fe-b1c4b2817661 [2026-05-24T18:45:57.689003] Cell 77283d80-dfa7-40ba-ba4e-265aef112085 stopping instance 4cae6687-5c5f-440c-646d-00d2 (STDOUT, CELL)#
#2026 05 24 18:46:01.166#Z#DEBUG#3ea96a42-57a0-11f1-b455-eeee0a8493c0.field-task-cap-srv#flowable-async-job-executor-thread-13242#
[PollStartAppStatusExecution] 13d670fa-b3d9-45a2-a5fe-b1c4b2817661 [2026-05-24T18:45:57.689066] Cell 77283d80-dfa7-40ba-ba4e-265aef112085 destroying container for instance 4cae6687-5c5f-440c-646d-00d2 (STDOUT, CELL)#
#2026 05 24 18:46:01.166#Z#DEBUG#3ea96a42-57a0-11f1-b455-eeee0a8493c0.field-task-cap-srv#flowable-async-job-executor-thread-13242#
[PollStartAppStatusExecution] 13d670fa-b3d9-45a2-a5fe-b1c4b2817661 [2026-05-24T18:45:57.698757] Process has crashed with type: "web" (STDOUT, API)#
#2026 05 24 18:46:01.166#Z#DEBUG#3ea96a42-57a0-11f1-b455-eeee0a8493c0.field-task-cap-srv#flowable-async-job-executor-thread-13242#
[PollStartAppStatusExecution] 13d670fa-b3d9-45a2-a5fe-b1c4b2817661 [2026-05-24T18:45:57.711860] App instance exited with guid 13d670fa-b3d9-45a2-a5fe-b1c4b2817661 payload: {"instance"=>"4cae6687-5c5f-440c-646d-00d2", "index"=>0, "cell_id"=>"77283d80-dfa7-40ba-ba4e-265aef112085", "reason"=>"CRASHED", "exit_description"=>"APP/PROC/WEB: Exited with status 1", "crash_count"=>1, "crash_timestamp"=>1779648357672508614, "version"=>"e13e8992-ffab-481e-b442-0f72f8a75d1f"} (STDOUT, API)#
#2026 05 24 18:46:01.166#Z#DEBUG#3ea96a42-57a0-11f1-b455-eeee0a8493c0.field-task-cap-srv#flowable-async-job-executor-thread-13242#
[PollStartAppStatusExecution] 13d670fa-b3d9-45a2-a5fe-b1c4b2817661 [2026-05-24T18:45:57.827333] Cell d1cc041a-d5a1-41d6-b9f6-6cda736ce3f0 creating container for instance b1ae98d4-3bc1-46ae-4b2d-ca29 (STDOUT, CELL)#
#2026 05 24 18:46:01.166#Z#DEBUG#3ea96a42-57a0-11f1-b455-eeee0a8493c0.field-task-cap-srv#flowable-async-job-executor-thread-13242#
[PollStartAppStatusExecution] 13d670fa-b3d9-45a2-a5fe-b1c4b2817661 [2026-05-24T18:45:57.909829] Exit status 137 (STDOUT, PROXY)#
#2026 05 24 18:46:01.166#Z#DEBUG#3ea96a42-57a0-11f1-b455-eeee0a8493c0.field-task-cap-srv#flowable-async-job-executor-thread-13242#
[PollStartAppStatusExecution] 13d670fa-b3d9-45a2-a5fe-b1c4b2817661 [2026-05-24T18:45:58.784662] Security group rules were updated (STDOUT, CELL)#
#2026 05 24 18:46:01.166#Z#DEBUG#3ea96a42-57a0-11f1-b455-eeee0a8493c0.field-task-cap-srv#flowable-async-job-executor-thread-13242#
[PollStartAppStatusExecution] 13d670fa-b3d9-45a2-a5fe-b1c4b2817661 [2026-05-24T18:45:58.878127] Cell d1cc041a-d5a1-41d6-b9f6-6cda736ce3f0 successfully created container for instance b1ae98d4-3bc1-46ae-4b2d-ca29 (STDOUT, CELL)#
#2026 05 24 18:46:01.166#Z#DEBUG#3ea96a42-57a0-11f1-b455-eeee0a8493c0.field-task-cap-srv#flowable-async-job-executor-thread-13242#
[PollStartAppStatusExecution] 13d670fa-b3d9-45a2-a5fe-b1c4b2817661 [2026-05-24T18:45:59.682200] Downloading droplet... (STDOUT, CELL)#
#2026 05 24 18:46:01.166#Z#DEBUG#3ea96a42-57a0-11f1-b455-eeee0a8493c0.field-task-cap-srv#flowable-async-job-executor-thread-13242#
[PollStartAppStatusExecution] 13d670fa-b3d9-45a2-a5fe-b1c4b2817661 [2026-05-24T18:46:00.167183] Cell 77283d80-dfa7-40ba-ba4e-265aef112085 successfully destroyed container for instance 4cae6687-5c5f-440c-646d-00d2 (STDOUT, CELL)#
#2026 05 24 18:46:11.204#Z#DEBUG#3ea96a42-57a0-11f1-b455-eeee0a8493c0.field-task-cap-srv#flowable-async-job-executor-thread-13253#
[PollStartAppStatusExecution] 13d670fa-b3d9-45a2-a5fe-b1c4b2817661 [2026-05-24T18:46:04.133790] Downloaded droplet (59.1M) (STDOUT, CELL)#
#2026 05 24 18:46:11.204#Z#DEBUG#3ea96a42-57a0-11f1-b455-eeee0a8493c0.field-task-cap-srv#flowable-async-job-executor-thread-13253#
[PollStartAppStatusExecution] 13d670fa-b3d9-45a2-a5fe-b1c4b2817661 [2026-05-24T18:46:04.133985] Starting health monitoring of container (STDOUT, CELL)#
#2026 05 24 18:46:11.204#Z#DEBUG#3ea96a42-57a0-11f1-b455-eeee0a8493c0.field-task-cap-srv#flowable-async-job-executor-thread-13253#
[PollStartAppStatusExecution] 13d670fa-b3d9-45a2-a5fe-b1c4b2817661 [2026-05-24T18:46:04.260416] Invoking pre-start scripts. (STDOUT, APP/PROC/WEB)#
#2026 05 24 18:46:11.204#Z#DEBUG#3ea96a42-57a0-11f1-b455-eeee0a8493c0.field-task-cap-srv#flowable-async-job-executor-thread-13253#
[PollStartAppStatusExecution] 13d670fa-b3d9-45a2-a5fe-b1c4b2817661 [2026-05-24T18:46:04.501208] Invoking start command. (STDOUT, APP/PROC/WEB)#
#2026 05 24 18:46:11.204#Z#DEBUG#3ea96a42-57a0-11f1-b455-eeee0a8493c0.field-task-cap-srv#flowable-async-job-executor-thread-13253#
[PollStartAppStatusExecution] 13d670fa-b3d9-45a2-a5fe-b1c4b2817661 [2026-05-24T18:46:04.944073] > field-task-cap@1.0.0 start (STDOUT, APP/PROC/WEB)#
#2026 05 24 18:46:11.204#Z#DEBUG#3ea96a42-57a0-11f1-b455-eeee0a8493c0.field-task-cap-srv#flowable-async-job-executor-thread-13253#
[PollStartAppStatusExecution] 13d670fa-b3d9-45a2-a5fe-b1c4b2817661 [2026-05-24T18:46:04.944105] > cds-serve (STDOUT, APP/PROC/WEB)#
#2026 05 24 18:46:11.204#Z#DEBUG#3ea96a42-57a0-11f1-b455-eeee0a8493c0.field-task-cap-srv#flowable-async-job-executor-thread-13253#
[PollStartAppStatusExecution] 13d670fa-b3d9-45a2-a5fe-b1c4b2817661 [2026-05-24T18:46:05.240239] {"level":"info","logger":"cds","timestamp":"2026-05-24T18:46:05.238Z","layer":"cds","component_type":"application","container_id":"10.32.1.5","component_id":"13d670fa-b3d9-45a2-a5fe-b1c4b2817661","component_name":"field-task-cap-srv","component_instance":0,"source_instance":0,"organization_name":"ca469c8atrial","organization_id":"a0cee0f7-f2bc-42d8-a02f-0c584ac68d52","space_name":"dev","space_id":"46e1c057-a44f-4d17-9493-f13823b5dffd","msg":"loaded model from 1 file(s):\n ","type":"log"} (STDOUT, APP/PROC/WEB)#
#2026 05 24 18:46:11.204#Z#DEBUG#3ea96a42-57a0-11f1-b455-eeee0a8493c0.field-task-cap-srv#flowable-async-job-executor-thread-13253#
[PollStartAppStatusExecution] 13d670fa-b3d9-45a2-a5fe-b1c4b2817661 [2026-05-24T18:46:05.240597] srv/csn.json (STDOUT, APP/PROC/WEB)#
#2026 05 24 18:46:11.204#Z#DEBUG#3ea96a42-57a0-11f1-b455-eeee0a8493c0.field-task-cap-srv#flowable-async-job-executor-thread-13253#
[PollStartAppStatusExecution] 13d670fa-b3d9-45a2-a5fe-b1c4b2817661 [2026-05-24T18:46:05.448639] {"level":"info","logger":"cds","timestamp":"2026-05-24T18:46:05.447Z","layer":"cds","component_type":"application","container_id":"10.32.1.5","component_id":"13d670fa-b3d9-45a2-a5fe-b1c4b2817661","component_name":"field-task-cap-srv","component_instance":0,"source_instance":0,"organization_name":"ca469c8atrial","organization_id":"a0cee0f7-f2bc-42d8-a02f-0c584ac68d52","space_name":"dev","space_id":"46e1c057-a44f-4d17-9493-f13823b5dffd","msg":"connect to db > hana {\n  database_id: 'cce80a2f-4f4f-4028-b914-ca6f5fb4d213',\n  host: 'cce80a2f-4f4f-4028-b914-ca6f5fb4d213.hna1.prod-us10.hanacloud.ondemand.com',\n  port: '443',\n  driver: 'com.sap.db.jdbc.Driver',\n  url: 'jdbc:sap://cce80a2f-4f4f-4028-b914-ca6f5fb4d213.hna1.prod-us10.hanacloud.ondemand.com:443?encrypt=true&validateCertificate=true&currentschema=FB0B8281EC704BE6803F7CA795D2E5F9',\n  schema: 'FB0B8281EC704BE6803F7CA795D2E5F9',\n  certificate: '...',\n  hdi_user: 'FB0B8281EC704BE6803F7CA795D2E5F9_B2HL5V4RXNMSBTI9JQIZABY9O_DT',\n  hdi_password: '...',\n  user: 'FB0B8281EC704BE6803F7CA795D2E5F9_B2HL5V4RXNMSBTI9JQIZABY9O_RT',\n  password: '...'\n}","type":"log"} (STDOUT, APP/PROC/WEB)#
#2026 05 24 18:46:11.204#Z#DEBUG#3ea96a42-57a0-11f1-b455-eeee0a8493c0.field-task-cap-srv#flowable-async-job-executor-thread-13253#
[PollStartAppStatusExecution] 13d670fa-b3d9-45a2-a5fe-b1c4b2817661 [2026-05-24T18:46:05.479577] {"level":"info","logger":"cds","timestamp":"2026-05-24T18:46:05.479Z","layer":"cds","component_type":"application","container_id":"10.32.1.5","component_id":"13d670fa-b3d9-45a2-a5fe-b1c4b2817661","component_name":"field-task-cap-srv","component_instance":0,"source_instance":0,"organization_name":"ca469c8atrial","organization_id":"a0cee0f7-f2bc-42d8-a02f-0c584ac68d52","space_name":"dev","space_id":"46e1c057-a44f-4d17-9493-f13823b5dffd","msg":"using auth strategy { kind: 'jwt' }","type":"log"} (STDOUT, APP/PROC/WEB)#
#2026 05 24 18:46:11.204#Z#DEBUG#3ea96a42-57a0-11f1-b455-eeee0a8493c0.field-task-cap-srv#flowable-async-job-executor-thread-13253#
[PollStartAppStatusExecution] 13d670fa-b3d9-45a2-a5fe-b1c4b2817661 [2026-05-24T18:46:05.481530] node:internal/modules/cjs/loader:1421 (STDERR, APP/PROC/WEB)#
#2026 05 24 18:46:11.204#Z#DEBUG#3ea96a42-57a0-11f1-b455-eeee0a8493c0.field-task-cap-srv#flowable-async-job-executor-thread-13253#
[PollStartAppStatusExecution] 13d670fa-b3d9-45a2-a5fe-b1c4b2817661 [2026-05-24T18:46:05.481554] const err = new Error(message); (STDERR, APP/PROC/WEB)#
#2026 05 24 18:46:11.204#Z#DEBUG#3ea96a42-57a0-11f1-b455-eeee0a8493c0.field-task-cap-srv#flowable-async-job-executor-thread-13253#
[PollStartAppStatusExecution] 13d670fa-b3d9-45a2-a5fe-b1c4b2817661 [2026-05-24T18:46:05.481558] ^ (STDERR, APP/PROC/WEB)#
#2026 05 24 18:46:11.204#Z#DEBUG#3ea96a42-57a0-11f1-b455-eeee0a8493c0.field-task-cap-srv#flowable-async-job-executor-thread-13253#
[PollStartAppStatusExecution] 13d670fa-b3d9-45a2-a5fe-b1c4b2817661 [2026-05-24T18:46:05.481561] Error: Cannot find '@sap/xssec'. Make sure to install it with 'npm i @sap/xssec' (STDERR, APP/PROC/WEB)#
#2026 05 24 18:46:11.204#Z#DEBUG#3ea96a42-57a0-11f1-b455-eeee0a8493c0.field-task-cap-srv#flowable-async-job-executor-thread-13253#
[PollStartAppStatusExecution] 13d670fa-b3d9-45a2-a5fe-b1c4b2817661 [2026-05-24T18:46:05.481568] Cannot find module '@sap/xssec' (STDERR, APP/PROC/WEB)#
#2026 05 24 18:46:11.204#Z#DEBUG#3ea96a42-57a0-11f1-b455-eeee0a8493c0.field-task-cap-srv#flowable-async-job-executor-thread-13253#
[PollStartAppStatusExecution] 13d670fa-b3d9-45a2-a5fe-b1c4b2817661 [2026-05-24T18:46:05.481575] Require stack: (STDERR, APP/PROC/WEB)#
#2026 05 24 18:46:11.204#Z#DEBUG#3ea96a42-57a0-11f1-b455-eeee0a8493c0.field-task-cap-srv#flowable-async-job-executor-thread-13253#
[PollStartAppStatusExecution] 13d670fa-b3d9-45a2-a5fe-b1c4b2817661 [2026-05-24T18:46:05.481577] - /home/vcap/app/node_modules/@sap/cds/lib/srv/middlewares/auth/xssec.js (STDERR, APP/PROC/WEB)#
#2026 05 24 18:46:11.204#Z#DEBUG#3ea96a42-57a0-11f1-b455-eeee0a8493c0.field-task-cap-srv#flowable-async-job-executor-thread-13253#
[PollStartAppStatusExecution] 13d670fa-b3d9-45a2-a5fe-b1c4b2817661 [2026-05-24T18:46:05.481580] - /home/vcap/app/node_modules/@sap/cds/lib/srv/middlewares/auth/jwt-auth.js (STDERR, APP/PROC/WEB)#
#2026 05 24 18:46:11.204#Z#DEBUG#3ea96a42-57a0-11f1-b455-eeee0a8493c0.field-task-cap-srv#flowable-async-job-executor-thread-13253#
[PollStartAppStatusExecution] 13d670fa-b3d9-45a2-a5fe-b1c4b2817661 [2026-05-24T18:46:05.481582] - /home/vcap/app/node_modules/@sap/cds/lib/srv/middlewares/auth/index.js (STDERR, APP/PROC/WEB)#
#2026 05 24 18:46:11.204#Z#DEBUG#3ea96a42-57a0-11f1-b455-eeee0a8493c0.field-task-cap-srv#flowable-async-job-executor-thread-13253#
[PollStartAppStatusExecution] 13d670fa-b3d9-45a2-a5fe-b1c4b2817661 [2026-05-24T18:46:05.481584] - /home/vcap/app/node_modules/@sap/cds/lib/srv/middlewares/index.js (STDERR, APP/PROC/WEB)#
#2026 05 24 18:46:11.204#Z#DEBUG#3ea96a42-57a0-11f1-b455-eeee0a8493c0.field-task-cap-srv#flowable-async-job-executor-thread-13253#
[PollStartAppStatusExecution] 13d670fa-b3d9-45a2-a5fe-b1c4b2817661 [2026-05-24T18:46:05.481591] - /home/vcap/app/node_modules/@sap/cds/lib/index.js (STDERR, APP/PROC/WEB)#
#2026 05 24 18:46:11.204#Z#DEBUG#3ea96a42-57a0-11f1-b455-eeee0a8493c0.field-task-cap-srv#flowable-async-job-executor-thread-13253#
[PollStartAppStatusExecution] 13d670fa-b3d9-45a2-a5fe-b1c4b2817661 [2026-05-24T18:46:05.481594] - /home/vcap/app/node_modules/@sap/cds/bin/serve.js (STDERR, APP/PROC/WEB)#
#2026 05 24 18:46:11.204#Z#DEBUG#3ea96a42-57a0-11f1-b455-eeee0a8493c0.field-task-cap-srv#flowable-async-job-executor-thread-13253#
[PollStartAppStatusExecution] 13d670fa-b3d9-45a2-a5fe-b1c4b2817661 [2026-05-24T18:46:05.481595] at Module._resolveFilename (node:internal/modules/cjs/loader:1421:15) (STDERR, APP/PROC/WEB)#
#2026 05 24 18:46:11.204#Z#DEBUG#3ea96a42-57a0-11f1-b455-eeee0a8493c0.field-task-cap-srv#flowable-async-job-executor-thread-13253#
[PollStartAppStatusExecution] 13d670fa-b3d9-45a2-a5fe-b1c4b2817661 [2026-05-24T18:46:05.481598] at defaultResolveImpl (node:internal/modules/cjs/loader:1059:19) (STDERR, APP/PROC/WEB)#
#2026 05 24 18:46:11.204#Z#DEBUG#3ea96a42-57a0-11f1-b455-eeee0a8493c0.field-task-cap-srv#flowable-async-job-executor-thread-13253#
[PollStartAppStatusExecution] 13d670fa-b3d9-45a2-a5fe-b1c4b2817661 [2026-05-24T18:46:05.481600] at resolveForCJSWithHooks (node:internal/modules/cjs/loader:1064:22) (STDERR, APP/PROC/WEB)#
#2026 05 24 18:46:11.204#Z#DEBUG#3ea96a42-57a0-11f1-b455-eeee0a8493c0.field-task-cap-srv#flowable-async-job-executor-thread-13253#
[PollStartAppStatusExecution] 13d670fa-b3d9-45a2-a5fe-b1c4b2817661 [2026-05-24T18:46:05.481602] at Module._load (node:internal/modules/cjs/loader:1227:37) (STDERR, APP/PROC/WEB)#
#2026 05 24 18:46:11.204#Z#DEBUG#3ea96a42-57a0-11f1-b455-eeee0a8493c0.field-task-cap-srv#flowable-async-job-executor-thread-13253#
[PollStartAppStatusExecution] 13d670fa-b3d9-45a2-a5fe-b1c4b2817661 [2026-05-24T18:46:05.481605] at TracingChannel.traceSync (node:diagnostics_channel:328:14) (STDERR, APP/PROC/WEB)#
#2026 05 24 18:46:11.204#Z#DEBUG#3ea96a42-57a0-11f1-b455-eeee0a8493c0.field-task-cap-srv#flowable-async-job-executor-thread-13253#
[PollStartAppStatusExecution] 13d670fa-b3d9-45a2-a5fe-b1c4b2817661 [2026-05-24T18:46:05.481608] at wrapModuleLoad (node:internal/modules/cjs/loader:245:24) (STDERR, APP/PROC/WEB)#
#2026 05 24 18:46:11.204#Z#DEBUG#3ea96a42-57a0-11f1-b455-eeee0a8493c0.field-task-cap-srv#flowable-async-job-executor-thread-13253#
[PollStartAppStatusExecution] 13d670fa-b3d9-45a2-a5fe-b1c4b2817661 [2026-05-24T18:46:05.481610] at Module.require (node:internal/modules/cjs/loader:1504:12) (STDERR, APP/PROC/WEB)#
#2026 05 24 18:46:11.204#Z#DEBUG#3ea96a42-57a0-11f1-b455-eeee0a8493c0.field-task-cap-srv#flowable-async-job-executor-thread-13253#
[PollStartAppStatusExecution] 13d670fa-b3d9-45a2-a5fe-b1c4b2817661 [2026-05-24T18:46:05.481615] at require (node:internal/modules/helpers:152:16) (STDERR, APP/PROC/WEB)#
#2026 05 24 18:46:11.204#Z#DEBUG#3ea96a42-57a0-11f1-b455-eeee0a8493c0.field-task-cap-srv#flowable-async-job-executor-thread-13253#
[PollStartAppStatusExecution] 13d670fa-b3d9-45a2-a5fe-b1c4b2817661 [2026-05-24T18:46:05.481618] at Object.<anonymous> (/home/vcap/app/node_modules/@sap/cds/lib/srv/middlewares/auth/xssec.js:2:17) (STDERR, APP/PROC/WEB)#
#2026 05 24 18:46:11.204#Z#DEBUG#3ea96a42-57a0-11f1-b455-eeee0a8493c0.field-task-cap-srv#flowable-async-job-executor-thread-13253#
[PollStartAppStatusExecution] 13d670fa-b3d9-45a2-a5fe-b1c4b2817661 [2026-05-24T18:46:05.481620] at Module._compile (node:internal/modules/cjs/loader:1761:14) { (STDERR, APP/PROC/WEB)#
#2026 05 24 18:46:11.204#Z#DEBUG#3ea96a42-57a0-11f1-b455-eeee0a8493c0.field-task-cap-srv#flowable-async-job-executor-thread-13253#
[PollStartAppStatusExecution] 13d670fa-b3d9-45a2-a5fe-b1c4b2817661 [2026-05-24T18:46:05.481625] code: 'MODULE_NOT_FOUND', (STDERR, APP/PROC/WEB)#
#2026 05 24 18:46:11.204#Z#DEBUG#3ea96a42-57a0-11f1-b455-eeee0a8493c0.field-task-cap-srv#flowable-async-job-executor-thread-13253#
[PollStartAppStatusExecution] 13d670fa-b3d9-45a2-a5fe-b1c4b2817661 [2026-05-24T18:46:05.481628] requireStack: [ (STDERR, APP/PROC/WEB)#
#2026 05 24 18:46:11.204#Z#DEBUG#3ea96a42-57a0-11f1-b455-eeee0a8493c0.field-task-cap-srv#flowable-async-job-executor-thread-13253#
[PollStartAppStatusExecution] 13d670fa-b3d9-45a2-a5fe-b1c4b2817661 [2026-05-24T18:46:05.481631] '/home/vcap/app/node_modules/@sap/cds/lib/srv/middlewares/auth/xssec.js', (STDERR, APP/PROC/WEB)#
#2026 05 24 18:46:11.204#Z#DEBUG#3ea96a42-57a0-11f1-b455-eeee0a8493c0.field-task-cap-srv#flowable-async-job-executor-thread-13253#
[PollStartAppStatusExecution] 13d670fa-b3d9-45a2-a5fe-b1c4b2817661 [2026-05-24T18:46:05.481634] '/home/vcap/app/node_modules/@sap/cds/lib/srv/middlewares/auth/jwt-auth.js', (STDERR, APP/PROC/WEB)#
#2026 05 24 18:46:11.204#Z#DEBUG#3ea96a42-57a0-11f1-b455-eeee0a8493c0.field-task-cap-srv#flowable-async-job-executor-thread-13253#
[PollStartAppStatusExecution] 13d670fa-b3d9-45a2-a5fe-b1c4b2817661 [2026-05-24T18:46:05.481636] '/home/vcap/app/node_modules/@sap/cds/lib/srv/middlewares/auth/index.js', (STDERR, APP/PROC/WEB)#
#2026 05 24 18:46:11.204#Z#DEBUG#3ea96a42-57a0-11f1-b455-eeee0a8493c0.field-task-cap-srv#flowable-async-job-executor-thread-13253#
[PollStartAppStatusExecution] 13d670fa-b3d9-45a2-a5fe-b1c4b2817661 [2026-05-24T18:46:05.481638] '/home/vcap/app/node_modules/@sap/cds/lib/srv/middlewares/index.js', (STDERR, APP/PROC/WEB)#
#2026 05 24 18:46:11.204#Z#DEBUG#3ea96a42-57a0-11f1-b455-eeee0a8493c0.field-task-cap-srv#flowable-async-job-executor-thread-13253#
[PollStartAppStatusExecution] 13d670fa-b3d9-45a2-a5fe-b1c4b2817661 [2026-05-24T18:46:05.481640] '/home/vcap/app/node_modules/@sap/cds/lib/index.js', (STDERR, APP/PROC/WEB)#
#2026 05 24 18:46:11.204#Z#DEBUG#3ea96a42-57a0-11f1-b455-eeee0a8493c0.field-task-cap-srv#flowable-async-job-executor-thread-13253#
[PollStartAppStatusExecution] 13d670fa-b3d9-45a2-a5fe-b1c4b2817661 [2026-05-24T18:46:05.481642] '/home/vcap/app/node_modules/@sap/cds/bin/serve.js' (STDERR, APP/PROC/WEB)#
#2026 05 24 18:46:11.204#Z#DEBUG#3ea96a42-57a0-11f1-b455-eeee0a8493c0.field-task-cap-srv#flowable-async-job-executor-thread-13253#
[PollStartAppStatusExecution] 13d670fa-b3d9-45a2-a5fe-b1c4b2817661 [2026-05-24T18:46:05.481644] ] (STDERR, APP/PROC/WEB)#
#2026 05 24 18:46:11.204#Z#DEBUG#3ea96a42-57a0-11f1-b455-eeee0a8493c0.field-task-cap-srv#flowable-async-job-executor-thread-13253#
[PollStartAppStatusExecution] 13d670fa-b3d9-45a2-a5fe-b1c4b2817661 [2026-05-24T18:46:05.481646] } (STDERR, APP/PROC/WEB)#
#2026 05 24 18:46:11.204#Z#DEBUG#3ea96a42-57a0-11f1-b455-eeee0a8493c0.field-task-cap-srv#flowable-async-job-executor-thread-13253#
[PollStartAppStatusExecution] 13d670fa-b3d9-45a2-a5fe-b1c4b2817661 [2026-05-24T18:46:05.481648] Node.js v24.13.0 (STDERR, APP/PROC/WEB)#
#2026 05 24 18:46:11.204#Z#DEBUG#3ea96a42-57a0-11f1-b455-eeee0a8493c0.field-task-cap-srv#flowable-async-job-executor-thread-13253#
[PollStartAppStatusExecution] 13d670fa-b3d9-45a2-a5fe-b1c4b2817661 [2026-05-24T18:46:05.499267] npm notice (STDERR, APP/PROC/WEB)#
#2026 05 24 18:46:11.204#Z#DEBUG#3ea96a42-57a0-11f1-b455-eeee0a8493c0.field-task-cap-srv#flowable-async-job-executor-thread-13253#
[PollStartAppStatusExecution] 13d670fa-b3d9-45a2-a5fe-b1c4b2817661 [2026-05-24T18:46:05.499296] npm notice New minor version of npm available! 11.6.2 -> 11.15.0 (STDERR, APP/PROC/WEB)#
#2026 05 24 18:46:11.204#Z#DEBUG#3ea96a42-57a0-11f1-b455-eeee0a8493c0.field-task-cap-srv#flowable-async-job-executor-thread-13253#
[PollStartAppStatusExecution] 13d670fa-b3d9-45a2-a5fe-b1c4b2817661 [2026-05-24T18:46:05.499301] npm notice Changelog: https://github.com/npm/cli/releases/tag/v11.15.0 (STDERR, APP/PROC/WEB)#
#2026 05 24 18:46:11.204#Z#DEBUG#3ea96a42-57a0-11f1-b455-eeee0a8493c0.field-task-cap-srv#flowable-async-job-executor-thread-13253#
[PollStartAppStatusExecution] 13d670fa-b3d9-45a2-a5fe-b1c4b2817661 [2026-05-24T18:46:05.499308] npm notice To update run: npm install -g npm@11.15.0 (STDERR, APP/PROC/WEB)#
#2026 05 24 18:46:11.204#Z#DEBUG#3ea96a42-57a0-11f1-b455-eeee0a8493c0.field-task-cap-srv#flowable-async-job-executor-thread-13253#
[PollStartAppStatusExecution] 13d670fa-b3d9-45a2-a5fe-b1c4b2817661 [2026-05-24T18:46:05.499311] npm notice (STDERR, APP/PROC/WEB)#
#2026 05 24 18:46:11.204#Z#DEBUG#3ea96a42-57a0-11f1-b455-eeee0a8493c0.field-task-cap-srv#flowable-async-job-executor-thread-13253#
[PollStartAppStatusExecution] 13d670fa-b3d9-45a2-a5fe-b1c4b2817661 [2026-05-24T18:46:05.578761] Exit status 1 (STDOUT, APP/PROC/WEB)#
#2026 05 24 18:46:21.215#Z#DEBUG#3ea96a42-57a0-11f1-b455-eeee0a8493c0.field-task-cap-srv#flowable-async-job-executor-thread-13259#
[PollStartAppStatusExecution] 13d670fa-b3d9-45a2-a5fe-b1c4b2817661 [2026-05-24T18:46:12.481062] Cell d1cc041a-d5a1-41d6-b9f6-6cda736ce3f0 stopping instance b1ae98d4-3bc1-46ae-4b2d-ca29 (STDOUT, CELL)#
#2026 05 24 18:46:21.215#Z#DEBUG#3ea96a42-57a0-11f1-b455-eeee0a8493c0.field-task-cap-srv#flowable-async-job-executor-thread-13259#
[PollStartAppStatusExecution] 13d670fa-b3d9-45a2-a5fe-b1c4b2817661 [2026-05-24T18:46:12.481126] Cell d1cc041a-d5a1-41d6-b9f6-6cda736ce3f0 destroying container for instance b1ae98d4-3bc1-46ae-4b2d-ca29 (STDOUT, CELL)#
#2026 05 24 18:46:21.215#Z#DEBUG#3ea96a42-57a0-11f1-b455-eeee0a8493c0.field-task-cap-srv#flowable-async-job-executor-thread-13259#
[PollStartAppStatusExecution] 13d670fa-b3d9-45a2-a5fe-b1c4b2817661 [2026-05-24T18:46:12.491713] Process has crashed with type: "web" (STDOUT, API)#
#2026 05 24 18:46:21.215#Z#DEBUG#3ea96a42-57a0-11f1-b455-eeee0a8493c0.field-task-cap-srv#flowable-async-job-executor-thread-13259#
[PollStartAppStatusExecution] 13d670fa-b3d9-45a2-a5fe-b1c4b2817661 [2026-05-24T18:46:12.504317] App instance exited with guid 13d670fa-b3d9-45a2-a5fe-b1c4b2817661 payload: {"instance"=>"b1ae98d4-3bc1-46ae-4b2d-ca29", "index"=>0, "cell_id"=>"d1cc041a-d5a1-41d6-b9f6-6cda736ce3f0", "reason"=>"CRASHED", "exit_description"=>"APP/PROC/WEB: Exited with status 1", "crash_count"=>2, "crash_timestamp"=>1779648372463974050, "version"=>"e13e8992-ffab-481e-b442-0f72f8a75d1f"} (STDOUT, API)#
#2026 05 24 18:46:21.215#Z#DEBUG#3ea96a42-57a0-11f1-b455-eeee0a8493c0.field-task-cap-srv#flowable-async-job-executor-thread-13259#
[PollStartAppStatusExecution] 13d670fa-b3d9-45a2-a5fe-b1c4b2817661 [2026-05-24T18:46:12.612060] Cell c839c7b1-088e-41af-b9b7-66256aacd457 creating container for instance ea129931-d40b-4b6f-7eb1-5ce8 (STDOUT, CELL)#
#2026 05 24 18:46:21.215#Z#DEBUG#3ea96a42-57a0-11f1-b455-eeee0a8493c0.field-task-cap-srv#flowable-async-job-executor-thread-13259#
[PollStartAppStatusExecution] 13d670fa-b3d9-45a2-a5fe-b1c4b2817661 [2026-05-24T18:46:12.711435] Exit status 137 (STDOUT, PROXY)#
#2026 05 24 18:46:21.215#Z#DEBUG#3ea96a42-57a0-11f1-b455-eeee0a8493c0.field-task-cap-srv#flowable-async-job-executor-thread-13259#
[PollStartAppStatusExecution] 13d670fa-b3d9-45a2-a5fe-b1c4b2817661 [2026-05-24T18:46:13.472822] Security group rules were updated (STDOUT, CELL)#
#2026 05 24 18:46:21.215#Z#DEBUG#3ea96a42-57a0-11f1-b455-eeee0a8493c0.field-task-cap-srv#flowable-async-job-executor-thread-13259#
[PollStartAppStatusExecution] 13d670fa-b3d9-45a2-a5fe-b1c4b2817661 [2026-05-24T18:46:13.581971] Cell c839c7b1-088e-41af-b9b7-66256aacd457 successfully created container for instance ea129931-d40b-4b6f-7eb1-5ce8 (STDOUT, CELL)#
#2026 05 24 18:46:21.215#Z#DEBUG#3ea96a42-57a0-11f1-b455-eeee0a8493c0.field-task-cap-srv#flowable-async-job-executor-thread-13259#
[PollStartAppStatusExecution] 13d670fa-b3d9-45a2-a5fe-b1c4b2817661 [2026-05-24T18:46:14.815135] Downloading droplet... (STDOUT, CELL)#
#2026 05 24 18:46:21.215#Z#DEBUG#3ea96a42-57a0-11f1-b455-eeee0a8493c0.field-task-cap-srv#flowable-async-job-executor-thread-13259#
[PollStartAppStatusExecution] 13d670fa-b3d9-45a2-a5fe-b1c4b2817661 [2026-05-24T18:46:15.050569] Cell d1cc041a-d5a1-41d6-b9f6-6cda736ce3f0 successfully destroyed container for instance b1ae98d4-3bc1-46ae-4b2d-ca29 (STDOUT, CELL)#
#2026 05 24 18:46:21.215#Z#DEBUG#3ea96a42-57a0-11f1-b455-eeee0a8493c0.field-task-cap-srv#flowable-async-job-executor-thread-13259#
[PollStartAppStatusExecution] 13d670fa-b3d9-45a2-a5fe-b1c4b2817661 [2026-05-24T18:46:19.200966] Downloaded droplet (59.1M) (STDOUT, CELL)#
#2026 05 24 18:46:21.215#Z#DEBUG#3ea96a42-57a0-11f1-b455-eeee0a8493c0.field-task-cap-srv#flowable-async-job-executor-thread-13259#
[PollStartAppStatusExecution] 13d670fa-b3d9-45a2-a5fe-b1c4b2817661 [2026-05-24T18:46:19.201109] Starting health monitoring of container (STDOUT, CELL)#
#2026 05 24 18:46:21.215#Z#DEBUG#3ea96a42-57a0-11f1-b455-eeee0a8493c0.field-task-cap-srv#flowable-async-job-executor-thread-13259#
[PollStartAppStatusExecution] 13d670fa-b3d9-45a2-a5fe-b1c4b2817661 [2026-05-24T18:46:19.332918] Invoking pre-start scripts. (STDOUT, APP/PROC/WEB)#
#2026 05 24 18:46:21.215#Z#DEBUG#3ea96a42-57a0-11f1-b455-eeee0a8493c0.field-task-cap-srv#flowable-async-job-executor-thread-13259#
[PollStartAppStatusExecution] 13d670fa-b3d9-45a2-a5fe-b1c4b2817661 [2026-05-24T18:46:19.542150] Invoking start command. (STDOUT, APP/PROC/WEB)#
#2026 05 24 18:46:21.215#Z#DEBUG#3ea96a42-57a0-11f1-b455-eeee0a8493c0.field-task-cap-srv#flowable-async-job-executor-thread-13259#
[PollStartAppStatusExecution] 13d670fa-b3d9-45a2-a5fe-b1c4b2817661 [2026-05-24T18:46:20.015171] > field-task-cap@1.0.0 start (STDOUT, APP/PROC/WEB)#
#2026 05 24 18:46:21.215#Z#DEBUG#3ea96a42-57a0-11f1-b455-eeee0a8493c0.field-task-cap-srv#flowable-async-job-executor-thread-13259#
[PollStartAppStatusExecution] 13d670fa-b3d9-45a2-a5fe-b1c4b2817661 [2026-05-24T18:46:20.015211] > cds-serve (STDOUT, APP/PROC/WEB)#
#2026 05 24 18:46:21.215#Z#DEBUG#3ea96a42-57a0-11f1-b455-eeee0a8493c0.field-task-cap-srv#flowable-async-job-executor-thread-13259#
[PollStartAppStatusExecution] 13d670fa-b3d9-45a2-a5fe-b1c4b2817661 [2026-05-24T18:46:20.322448] {"level":"info","logger":"cds","timestamp":"2026-05-24T18:46:20.321Z","layer":"cds","component_type":"application","container_id":"10.32.2.6","component_id":"13d670fa-b3d9-45a2-a5fe-b1c4b2817661","component_name":"field-task-cap-srv","component_instance":0,"source_instance":0,"organization_name":"ca469c8atrial","organization_id":"a0cee0f7-f2bc-42d8-a02f-0c584ac68d52","space_name":"dev","space_id":"46e1c057-a44f-4d17-9493-f13823b5dffd","msg":"loaded model from 1 file(s):\n ","type":"log"} (STDOUT, APP/PROC/WEB)#
#2026 05 24 18:46:21.215#Z#DEBUG#3ea96a42-57a0-11f1-b455-eeee0a8493c0.field-task-cap-srv#flowable-async-job-executor-thread-13259#
[PollStartAppStatusExecution] 13d670fa-b3d9-45a2-a5fe-b1c4b2817661 [2026-05-24T18:46:20.323005] srv/csn.json (STDOUT, APP/PROC/WEB)#
#2026 05 24 18:46:21.215#Z#DEBUG#3ea96a42-57a0-11f1-b455-eeee0a8493c0.field-task-cap-srv#flowable-async-job-executor-thread-13259#
[PollStartAppStatusExecution] 13d670fa-b3d9-45a2-a5fe-b1c4b2817661 [2026-05-24T18:46:20.539553] {"level":"info","logger":"cds","timestamp":"2026-05-24T18:46:20.538Z","layer":"cds","component_type":"application","container_id":"10.32.2.6","component_id":"13d670fa-b3d9-45a2-a5fe-b1c4b2817661","component_name":"field-task-cap-srv","component_instance":0,"source_instance":0,"organization_name":"ca469c8atrial","organization_id":"a0cee0f7-f2bc-42d8-a02f-0c584ac68d52","space_name":"dev","space_id":"46e1c057-a44f-4d17-9493-f13823b5dffd","msg":"connect to db > hana {\n  database_id: 'cce80a2f-4f4f-4028-b914-ca6f5fb4d213',\n  host: 'cce80a2f-4f4f-4028-b914-ca6f5fb4d213.hna1.prod-us10.hanacloud.ondemand.com',\n  port: '443',\n  driver: 'com.sap.db.jdbc.Driver',\n  url: 'jdbc:sap://cce80a2f-4f4f-4028-b914-ca6f5fb4d213.hna1.prod-us10.hanacloud.ondemand.com:443?encrypt=true&validateCertificate=true&currentschema=FB0B8281EC704BE6803F7CA795D2E5F9',\n  schema: 'FB0B8281EC704BE6803F7CA795D2E5F9',\n  certificate: '...',\n  hdi_user: 'FB0B8281EC704BE6803F7CA795D2E5F9_B2HL5V4RXNMSBTI9JQIZABY9O_DT',\n  hdi_password: '...',\n  user: 'FB0B8281EC704BE6803F7CA795D2E5F9_B2HL5V4RXNMSBTI9JQIZABY9O_RT',\n  password: '...'\n}","type":"log"} (STDOUT, APP/PROC/WEB)#
#2026 05 24 18:46:21.215#Z#DEBUG#3ea96a42-57a0-11f1-b455-eeee0a8493c0.field-task-cap-srv#flowable-async-job-executor-thread-13259#
[PollStartAppStatusExecution] 13d670fa-b3d9-45a2-a5fe-b1c4b2817661 [2026-05-24T18:46:20.574442] {"level":"info","logger":"cds","timestamp":"2026-05-24T18:46:20.573Z","layer":"cds","component_type":"application","container_id":"10.32.2.6","component_id":"13d670fa-b3d9-45a2-a5fe-b1c4b2817661","component_name":"field-task-cap-srv","component_instance":0,"source_instance":0,"organization_name":"ca469c8atrial","organization_id":"a0cee0f7-f2bc-42d8-a02f-0c584ac68d52","space_name":"dev","space_id":"46e1c057-a44f-4d17-9493-f13823b5dffd","msg":"using auth strategy { kind: 'jwt' }","type":"log"} (STDOUT, APP/PROC/WEB)#
#2026 05 24 18:46:21.215#Z#DEBUG#3ea96a42-57a0-11f1-b455-eeee0a8493c0.field-task-cap-srv#flowable-async-job-executor-thread-13259#
[PollStartAppStatusExecution] 13d670fa-b3d9-45a2-a5fe-b1c4b2817661 [2026-05-24T18:46:20.576377] node:internal/modules/cjs/loader:1421 (STDERR, APP/PROC/WEB)#
#2026 05 24 18:46:21.215#Z#DEBUG#3ea96a42-57a0-11f1-b455-eeee0a8493c0.field-task-cap-srv#flowable-async-job-executor-thread-13259#
[PollStartAppStatusExecution] 13d670fa-b3d9-45a2-a5fe-b1c4b2817661 [2026-05-24T18:46:20.576399] const err = new Error(message); (STDERR, APP/PROC/WEB)#
#2026 05 24 18:46:21.215#Z#DEBUG#3ea96a42-57a0-11f1-b455-eeee0a8493c0.field-task-cap-srv#flowable-async-job-executor-thread-13259#
[PollStartAppStatusExecution] 13d670fa-b3d9-45a2-a5fe-b1c4b2817661 [2026-05-24T18:46:20.576405] ^ (STDERR, APP/PROC/WEB)#
#2026 05 24 18:46:21.215#Z#DEBUG#3ea96a42-57a0-11f1-b455-eeee0a8493c0.field-task-cap-srv#flowable-async-job-executor-thread-13259#
[PollStartAppStatusExecution] 13d670fa-b3d9-45a2-a5fe-b1c4b2817661 [2026-05-24T18:46:20.576410] Error: Cannot find '@sap/xssec'. Make sure to install it with 'npm i @sap/xssec' (STDERR, APP/PROC/WEB)#
#2026 05 24 18:46:21.215#Z#DEBUG#3ea96a42-57a0-11f1-b455-eeee0a8493c0.field-task-cap-srv#flowable-async-job-executor-thread-13259#
[PollStartAppStatusExecution] 13d670fa-b3d9-45a2-a5fe-b1c4b2817661 [2026-05-24T18:46:20.576414] Cannot find module '@sap/xssec' (STDERR, APP/PROC/WEB)#
#2026 05 24 18:46:21.215#Z#DEBUG#3ea96a42-57a0-11f1-b455-eeee0a8493c0.field-task-cap-srv#flowable-async-job-executor-thread-13259#
[PollStartAppStatusExecution] 13d670fa-b3d9-45a2-a5fe-b1c4b2817661 [2026-05-24T18:46:20.576417] Require stack: (STDERR, APP/PROC/WEB)#
#2026 05 24 18:46:21.215#Z#DEBUG#3ea96a42-57a0-11f1-b455-eeee0a8493c0.field-task-cap-srv#flowable-async-job-executor-thread-13259#
[PollStartAppStatusExecution] 13d670fa-b3d9-45a2-a5fe-b1c4b2817661 [2026-05-24T18:46:20.576419] - /home/vcap/app/node_modules/@sap/cds/lib/srv/middlewares/auth/xssec.js (STDERR, APP/PROC/WEB)#
#2026 05 24 18:46:21.215#Z#DEBUG#3ea96a42-57a0-11f1-b455-eeee0a8493c0.field-task-cap-srv#flowable-async-job-executor-thread-13259#
[PollStartAppStatusExecution] 13d670fa-b3d9-45a2-a5fe-b1c4b2817661 [2026-05-24T18:46:20.576430] - /home/vcap/app/node_modules/@sap/cds/lib/srv/middlewares/auth/jwt-auth.js (STDERR, APP/PROC/WEB)#
#2026 05 24 18:46:21.215#Z#DEBUG#3ea96a42-57a0-11f1-b455-eeee0a8493c0.field-task-cap-srv#flowable-async-job-executor-thread-13259#
[PollStartAppStatusExecution] 13d670fa-b3d9-45a2-a5fe-b1c4b2817661 [2026-05-24T18:46:20.576433] - /home/vcap/app/node_modules/@sap/cds/lib/srv/middlewares/auth/index.js (STDERR, APP/PROC/WEB)#
#2026 05 24 18:46:21.215#Z#DEBUG#3ea96a42-57a0-11f1-b455-eeee0a8493c0.field-task-cap-srv#flowable-async-job-executor-thread-13259#
[PollStartAppStatusExecution] 13d670fa-b3d9-45a2-a5fe-b1c4b2817661 [2026-05-24T18:46:20.576436] - /home/vcap/app/node_modules/@sap/cds/lib/srv/middlewares/index.js (STDERR, APP/PROC/WEB)#
#2026 05 24 18:46:21.215#Z#DEBUG#3ea96a42-57a0-11f1-b455-eeee0a8493c0.field-task-cap-srv#flowable-async-job-executor-thread-13259#
[PollStartAppStatusExecution] 13d670fa-b3d9-45a2-a5fe-b1c4b2817661 [2026-05-24T18:46:20.576443] - /home/vcap/app/node_modules/@sap/cds/lib/index.js (STDERR, APP/PROC/WEB)#
#2026 05 24 18:46:21.215#Z#DEBUG#3ea96a42-57a0-11f1-b455-eeee0a8493c0.field-task-cap-srv#flowable-async-job-executor-thread-13259#
[PollStartAppStatusExecution] 13d670fa-b3d9-45a2-a5fe-b1c4b2817661 [2026-05-24T18:46:20.576446] - /home/vcap/app/node_modules/@sap/cds/bin/serve.js (STDERR, APP/PROC/WEB)#
#2026 05 24 18:46:21.215#Z#DEBUG#3ea96a42-57a0-11f1-b455-eeee0a8493c0.field-task-cap-srv#flowable-async-job-executor-thread-13259#
[PollStartAppStatusExecution] 13d670fa-b3d9-45a2-a5fe-b1c4b2817661 [2026-05-24T18:46:20.576449] at Module._resolveFilename (node:internal/modules/cjs/loader:1421:15) (STDERR, APP/PROC/WEB)#
#2026 05 24 18:46:21.215#Z#DEBUG#3ea96a42-57a0-11f1-b455-eeee0a8493c0.field-task-cap-srv#flowable-async-job-executor-thread-13259#
[PollStartAppStatusExecution] 13d670fa-b3d9-45a2-a5fe-b1c4b2817661 [2026-05-24T18:46:20.576452] at defaultResolveImpl (node:internal/modules/cjs/loader:1059:19) (STDERR, APP/PROC/WEB)#
#2026 05 24 18:46:21.215#Z#DEBUG#3ea96a42-57a0-11f1-b455-eeee0a8493c0.field-task-cap-srv#flowable-async-job-executor-thread-13259#
[PollStartAppStatusExecution] 13d670fa-b3d9-45a2-a5fe-b1c4b2817661 [2026-05-24T18:46:20.576454] at resolveForCJSWithHooks (node:internal/modules/cjs/loader:1064:22) (STDERR, APP/PROC/WEB)#
#2026 05 24 18:46:21.215#Z#DEBUG#3ea96a42-57a0-11f1-b455-eeee0a8493c0.field-task-cap-srv#flowable-async-job-executor-thread-13259#
[PollStartAppStatusExecution] 13d670fa-b3d9-45a2-a5fe-b1c4b2817661 [2026-05-24T18:46:20.576460] at Module._load (node:internal/modules/cjs/loader:1227:37) (STDERR, APP/PROC/WEB)#
#2026 05 24 18:46:21.215#Z#DEBUG#3ea96a42-57a0-11f1-b455-eeee0a8493c0.field-task-cap-srv#flowable-async-job-executor-thread-13259#
[PollStartAppStatusExecution] 13d670fa-b3d9-45a2-a5fe-b1c4b2817661 [2026-05-24T18:46:20.576463] at TracingChannel.traceSync (node:diagnostics_channel:328:14) (STDERR, APP/PROC/WEB)#
#2026 05 24 18:46:21.215#Z#DEBUG#3ea96a42-57a0-11f1-b455-eeee0a8493c0.field-task-cap-srv#flowable-async-job-executor-thread-13259#
[PollStartAppStatusExecution] 13d670fa-b3d9-45a2-a5fe-b1c4b2817661 [2026-05-24T18:46:20.576466] at wrapModuleLoad (node:internal/modules/cjs/loader:245:24) (STDERR, APP/PROC/WEB)#
#2026 05 24 18:46:21.215#Z#DEBUG#3ea96a42-57a0-11f1-b455-eeee0a8493c0.field-task-cap-srv#flowable-async-job-executor-thread-13259#
[PollStartAppStatusExecution] 13d670fa-b3d9-45a2-a5fe-b1c4b2817661 [2026-05-24T18:46:20.576468] at Module.require (node:internal/modules/cjs/loader:1504:12) (STDERR, APP/PROC/WEB)#
#2026 05 24 18:46:21.215#Z#DEBUG#3ea96a42-57a0-11f1-b455-eeee0a8493c0.field-task-cap-srv#flowable-async-job-executor-thread-13259#
[PollStartAppStatusExecution] 13d670fa-b3d9-45a2-a5fe-b1c4b2817661 [2026-05-24T18:46:20.576471] at require (node:internal/modules/helpers:152:16) (STDERR, APP/PROC/WEB)#
#2026 05 24 18:46:21.215#Z#DEBUG#3ea96a42-57a0-11f1-b455-eeee0a8493c0.field-task-cap-srv#flowable-async-job-executor-thread-13259#
[PollStartAppStatusExecution] 13d670fa-b3d9-45a2-a5fe-b1c4b2817661 [2026-05-24T18:46:20.576474] at Object.<anonymous> (/home/vcap/app/node_modules/@sap/cds/lib/srv/middlewares/auth/xssec.js:2:17) (STDERR, APP/PROC/WEB)#
#2026 05 24 18:46:21.215#Z#DEBUG#3ea96a42-57a0-11f1-b455-eeee0a8493c0.field-task-cap-srv#flowable-async-job-executor-thread-13259#
[PollStartAppStatusExecution] 13d670fa-b3d9-45a2-a5fe-b1c4b2817661 [2026-05-24T18:46:20.576479] at Module._compile (node:internal/modules/cjs/loader:1761:14) { (STDERR, APP/PROC/WEB)#
#2026 05 24 18:46:21.215#Z#DEBUG#3ea96a42-57a0-11f1-b455-eeee0a8493c0.field-task-cap-srv#flowable-async-job-executor-thread-13259#
[PollStartAppStatusExecution] 13d670fa-b3d9-45a2-a5fe-b1c4b2817661 [2026-05-24T18:46:20.576481] code: 'MODULE_NOT_FOUND', (STDERR, APP/PROC/WEB)#
#2026 05 24 18:46:21.215#Z#DEBUG#3ea96a42-57a0-11f1-b455-eeee0a8493c0.field-task-cap-srv#flowable-async-job-executor-thread-13259#
[PollStartAppStatusExecution] 13d670fa-b3d9-45a2-a5fe-b1c4b2817661 [2026-05-24T18:46:20.576489] requireStack: [ (STDERR, APP/PROC/WEB)#
#2026 05 24 18:46:21.215#Z#DEBUG#3ea96a42-57a0-11f1-b455-eeee0a8493c0.field-task-cap-srv#flowable-async-job-executor-thread-13259#
[PollStartAppStatusExecution] 13d670fa-b3d9-45a2-a5fe-b1c4b2817661 [2026-05-24T18:46:20.576491] '/home/vcap/app/node_modules/@sap/cds/lib/srv/middlewares/auth/xssec.js', (STDERR, APP/PROC/WEB)#
#2026 05 24 18:46:21.215#Z#DEBUG#3ea96a42-57a0-11f1-b455-eeee0a8493c0.field-task-cap-srv#flowable-async-job-executor-thread-13259#
[PollStartAppStatusExecution] 13d670fa-b3d9-45a2-a5fe-b1c4b2817661 [2026-05-24T18:46:20.576494] '/home/vcap/app/node_modules/@sap/cds/lib/srv/middlewares/auth/jwt-auth.js', (STDERR, APP/PROC/WEB)#
#2026 05 24 18:46:21.215#Z#DEBUG#3ea96a42-57a0-11f1-b455-eeee0a8493c0.field-task-cap-srv#flowable-async-job-executor-thread-13259#
[PollStartAppStatusExecution] 13d670fa-b3d9-45a2-a5fe-b1c4b2817661 [2026-05-24T18:46:20.576496] '/home/vcap/app/node_modules/@sap/cds/lib/srv/middlewares/auth/index.js', (STDERR, APP/PROC/WEB)#
#2026 05 24 18:46:21.215#Z#DEBUG#3ea96a42-57a0-11f1-b455-eeee0a8493c0.field-task-cap-srv#flowable-async-job-executor-thread-13259#
[PollStartAppStatusExecution] 13d670fa-b3d9-45a2-a5fe-b1c4b2817661 [2026-05-24T18:46:20.576498] '/home/vcap/app/node_modules/@sap/cds/lib/srv/middlewares/index.js', (STDERR, APP/PROC/WEB)#
#2026 05 24 18:46:21.215#Z#DEBUG#3ea96a42-57a0-11f1-b455-eeee0a8493c0.field-task-cap-srv#flowable-async-job-executor-thread-13259#
[PollStartAppStatusExecution] 13d670fa-b3d9-45a2-a5fe-b1c4b2817661 [2026-05-24T18:46:20.576501] '/home/vcap/app/node_modules/@sap/cds/lib/index.js', (STDERR, APP/PROC/WEB)#
#2026 05 24 18:46:21.215#Z#DEBUG#3ea96a42-57a0-11f1-b455-eeee0a8493c0.field-task-cap-srv#flowable-async-job-executor-thread-13259#
[PollStartAppStatusExecution] 13d670fa-b3d9-45a2-a5fe-b1c4b2817661 [2026-05-24T18:46:20.576503] '/home/vcap/app/node_modules/@sap/cds/bin/serve.js' (STDERR, APP/PROC/WEB)#
#2026 05 24 18:46:21.215#Z#DEBUG#3ea96a42-57a0-11f1-b455-eeee0a8493c0.field-task-cap-srv#flowable-async-job-executor-thread-13259#
[PollStartAppStatusExecution] 13d670fa-b3d9-45a2-a5fe-b1c4b2817661 [2026-05-24T18:46:20.576506] ] (STDERR, APP/PROC/WEB)#
#2026 05 24 18:46:21.215#Z#DEBUG#3ea96a42-57a0-11f1-b455-eeee0a8493c0.field-task-cap-srv#flowable-async-job-executor-thread-13259#
[PollStartAppStatusExecution] 13d670fa-b3d9-45a2-a5fe-b1c4b2817661 [2026-05-24T18:46:20.576509] } (STDERR, APP/PROC/WEB)#
#2026 05 24 18:46:21.215#Z#DEBUG#3ea96a42-57a0-11f1-b455-eeee0a8493c0.field-task-cap-srv#flowable-async-job-executor-thread-13259#
[PollStartAppStatusExecution] 13d670fa-b3d9-45a2-a5fe-b1c4b2817661 [2026-05-24T18:46:20.576512] Node.js v24.13.0 (STDERR, APP/PROC/WEB)#
#2026 05 24 18:46:21.215#Z#DEBUG#3ea96a42-57a0-11f1-b455-eeee0a8493c0.field-task-cap-srv#flowable-async-job-executor-thread-13259#
[PollStartAppStatusExecution] 13d670fa-b3d9-45a2-a5fe-b1c4b2817661 [2026-05-24T18:46:20.594456] npm notice (STDERR, APP/PROC/WEB)#
#2026 05 24 18:46:21.215#Z#DEBUG#3ea96a42-57a0-11f1-b455-eeee0a8493c0.field-task-cap-srv#flowable-async-job-executor-thread-13259#
[PollStartAppStatusExecution] 13d670fa-b3d9-45a2-a5fe-b1c4b2817661 [2026-05-24T18:46:20.594483] npm notice New minor version of npm available! 11.6.2 -> 11.15.0 (STDERR, APP/PROC/WEB)#
#2026 05 24 18:46:21.215#Z#DEBUG#3ea96a42-57a0-11f1-b455-eeee0a8493c0.field-task-cap-srv#flowable-async-job-executor-thread-13259#
[PollStartAppStatusExecution] 13d670fa-b3d9-45a2-a5fe-b1c4b2817661 [2026-05-24T18:46:20.594488] npm notice Changelog: https://github.com/npm/cli/releases/tag/v11.15.0 (STDERR, APP/PROC/WEB)#
#2026 05 24 18:46:21.215#Z#DEBUG#3ea96a42-57a0-11f1-b455-eeee0a8493c0.field-task-cap-srv#flowable-async-job-executor-thread-13259#
[PollStartAppStatusExecution] 13d670fa-b3d9-45a2-a5fe-b1c4b2817661 [2026-05-24T18:46:20.594491] npm notice To update run: npm install -g npm@11.15.0 (STDERR, APP/PROC/WEB)#
#2026 05 24 18:46:21.215#Z#DEBUG#3ea96a42-57a0-11f1-b455-eeee0a8493c0.field-task-cap-srv#flowable-async-job-executor-thread-13259#
[PollStartAppStatusExecution] 13d670fa-b3d9-45a2-a5fe-b1c4b2817661 [2026-05-24T18:46:20.594493] npm notice (STDERR, APP/PROC/WEB)#
#2026 05 24 18:46:21.215#Z#DEBUG#3ea96a42-57a0-11f1-b455-eeee0a8493c0.field-task-cap-srv#flowable-async-job-executor-thread-13259#
[PollStartAppStatusExecution] 13d670fa-b3d9-45a2-a5fe-b1c4b2817661 [2026-05-24T18:46:20.678572] Exit status 1 (STDOUT, APP/PROC/WEB)#
#2026 05 24 18:46:31.248#Z#DEBUG#3ea96a42-57a0-11f1-b455-eeee0a8493c0.field-task-cap-srv#flowable-async-job-executor-thread-13268#
[PollStartAppStatusExecution] 13d670fa-b3d9-45a2-a5fe-b1c4b2817661 [2026-05-24T18:46:26.786730] Cell c839c7b1-088e-41af-b9b7-66256aacd457 stopping instance ea129931-d40b-4b6f-7eb1-5ce8 (STDOUT, CELL)#
#2026 05 24 18:46:31.249#Z#DEBUG#3ea96a42-57a0-11f1-b455-eeee0a8493c0.field-task-cap-srv#flowable-async-job-executor-thread-13268#
[PollStartAppStatusExecution] 13d670fa-b3d9-45a2-a5fe-b1c4b2817661 [2026-05-24T18:46:26.786771] Cell c839c7b1-088e-41af-b9b7-66256aacd457 destroying container for instance ea129931-d40b-4b6f-7eb1-5ce8 (STDOUT, CELL)#
#2026 05 24 18:46:31.249#Z#DEBUG#3ea96a42-57a0-11f1-b455-eeee0a8493c0.field-task-cap-srv#flowable-async-job-executor-thread-13268#
[PollStartAppStatusExecution] 13d670fa-b3d9-45a2-a5fe-b1c4b2817661 [2026-05-24T18:46:26.803994] Process has crashed with type: "web" (STDOUT, API)#
#2026 05 24 18:46:31.249#Z#DEBUG#3ea96a42-57a0-11f1-b455-eeee0a8493c0.field-task-cap-srv#flowable-async-job-executor-thread-13268#
[PollStartAppStatusExecution] 13d670fa-b3d9-45a2-a5fe-b1c4b2817661 [2026-05-24T18:46:26.818358] App instance exited with guid 13d670fa-b3d9-45a2-a5fe-b1c4b2817661 payload: {"instance"=>"ea129931-d40b-4b6f-7eb1-5ce8", "index"=>0, "cell_id"=>"c839c7b1-088e-41af-b9b7-66256aacd457", "reason"=>"CRASHED", "exit_description"=>"APP/PROC/WEB: Exited with status 1", "crash_count"=>3, "crash_timestamp"=>1779648386781591664, "version"=>"e13e8992-ffab-481e-b442-0f72f8a75d1f"} (STDOUT, API)#
#2026 05 24 18:46:31.249#Z#DEBUG#3ea96a42-57a0-11f1-b455-eeee0a8493c0.field-task-cap-srv#flowable-async-job-executor-thread-13268#
[PollStartAppStatusExecution] 13d670fa-b3d9-45a2-a5fe-b1c4b2817661 [2026-05-24T18:46:26.987908] Exit status 137 (STDOUT, PROXY)#
#2026 05 24 18:46:31.249#Z#DEBUG#3ea96a42-57a0-11f1-b455-eeee0a8493c0.field-task-cap-srv#flowable-async-job-executor-thread-13268#
[PollStartAppStatusExecution] 13d670fa-b3d9-45a2-a5fe-b1c4b2817661 [2026-05-24T18:46:29.527534] Cell c839c7b1-088e-41af-b9b7-66256aacd457 successfully destroyed container for instance ea129931-d40b-4b6f-7eb1-5ce8 (STDOUT, CELL)#
