#2026 05 24 18:41:58.287#Z#INFO#3ea96a42-57a0-11f1-b455-eeee0a8493c0.OPERATION#http-nio-0.0.0.0-8080-exec-5#
[XS2StartProcessListener] Operation ID: 3ea96a42-57a0-11f1-b455-eeee0a8493c0#
#2026 05 24 18:41:58.307#Z#DEBUG#3ea96a42-57a0-11f1-b455-eeee0a8493c0.OPERATION#http-nio-0.0.0.0-8080-exec-5#
[XS2StartProcessListener] Process environment: {
  "SKIP_SSL_VALIDATION" : "false",
  "FLOWABLE_JOB_EXECUTOR_MAX_THREADS" : "32",
  "VERSION" : "2.45.0",
  "BASIC_AUTH_ENABLED" : "true",
  "FLOWABLE_JOB_EXECUTOR_QUEUE_CAPACITY" : "16",
  "FLOWABLE_JOB_EXECUTOR_CORE_THREADS" : "8"
}#
#2026 05 24 18:41:58.307#Z#DEBUG#3ea96a42-57a0-11f1-b455-eeee0a8493c0.OPERATION#http-nio-0.0.0.0-8080-exec-5#
[XS2StartProcessListener] Current user: yahya.elgataa@emsi-edu.ma#
#2026 05 24 18:41:58.307#Z#DEBUG#3ea96a42-57a0-11f1-b455-eeee0a8493c0.OPERATION#http-nio-0.0.0.0-8080-exec-5#
[XS2StartProcessListener] Client space: dev#
#2026 05 24 18:41:58.307#Z#DEBUG#3ea96a42-57a0-11f1-b455-eeee0a8493c0.OPERATION#http-nio-0.0.0.0-8080-exec-5#
[XS2StartProcessListener] Client organization: ca469c8atrial#
#2026 05 24 18:41:58.308#Z#INFO#3ea96a42-57a0-11f1-b455-eeee0a8493c0.OPERATION#http-nio-0.0.0.0-8080-exec-5#
[XS2StartProcessListener] Process variables: {
  "keepFiles" : false,
  "skipAppDigestCalculation" : false,
  "abortOnError" : false,
  "mtaId" : "field-task-cap",
  "noFailOnMissingPermissions" : false,
  "isSecurityEnabled" : false,
  "apiRequestPath" : "https://deploy-service.cf.us10-001.hana.ondemand.com/api/v1/spaces/46e1c057-a44f-4d17-9493-f13823b5dffd/operations",
  "deleteServiceBrokers" : false,
  "appArchiveId" : "f2db1dfb-24cd-4c81-bdb7-b5eefa3a20aa",
  "isDisposableUserProvidedServiceEnabled" : false,
  "deleteServiceKeys" : false,
  "noRestartSubscribedApps" : false,
  "noStart" : false,
  "deleteServices" : false
}#
#2026 05 24 18:41:58.354#Z#DEBUG#3ea96a42-57a0-11f1-b455-eeee0a8493c0.OPERATION#flowable-async-job-executor-thread-13119#
[ValidateDeployParametersStep] Executing task "validateParametersTask" of process "3ea96a68-57a0-11f1-b455-eeee0a8493c0"...#
#2026 05 24 18:41:58.354#Z#DEBUG#3ea96a42-57a0-11f1-b455-eeee0a8493c0.OPERATION#flowable-async-job-executor-thread-13119#
[ValidateDeployParametersStep] Validating parameters...#
#2026 05 24 18:41:58.355#Z#INFO#3ea96a42-57a0-11f1-b455-eeee0a8493c0.OPERATION#flowable-async-job-executor-thread-13119#
[ValidateDeployParametersStep] Size of mtars is 5,535,990 and size of extension descriptors is 0#
#2026 05 24 18:41:58.383#Z#INFO#3ea96a42-57a0-11f1-b455-eeee0a8493c0.OPERATION#flowable-async-job-executor-thread-13119#
[ValidateDeployParametersStep] Archive was not split! Total size in bytes: 5,535,990#
#2026 05 24 18:41:58.383#Z#INFO#3ea96a42-57a0-11f1-b455-eeee0a8493c0.OPERATION#flowable-async-job-executor-thread-13119#
[ValidateDeployParametersStep] Deploying in org "ca469c8atrial" and space "dev"#
#2026 05 24 18:41:58.388#Z#DEBUG#3ea96a42-57a0-11f1-b455-eeee0a8493c0.OPERATION#flowable-async-job-executor-thread-13119#
[ValidateDeployParametersStep] Parameters validated#
#2026 05 24 18:41:58.388#Z#DEBUG#3ea96a42-57a0-11f1-b455-eeee0a8493c0.OPERATION#flowable-async-job-executor-thread-13119#
Step "Validate Parameters" finished#
#2026 05 24 18:41:58.413#Z#DEBUG#3ea96a42-57a0-11f1-b455-eeee0a8493c0.OPERATION#flowable-async-job-executor-thread-13120#
[DeleteRemainingFileParts] Executing task "deleteRemainingFileParts" of process "3ea96a68-57a0-11f1-b455-eeee0a8493c0"...#
#2026 05 24 18:41:58.414#Z#DEBUG#3ea96a42-57a0-11f1-b455-eeee0a8493c0.OPERATION#flowable-async-job-executor-thread-13120#
Step "Delete Remaining File Parts" finished#
#2026 05 24 18:41:58.437#Z#DEBUG#3ea96a42-57a0-11f1-b455-eeee0a8493c0.OPERATION#flowable-async-job-executor-thread-13121#
[XS2ProcessMtaArchiveStep] Executing task "processArchiveTask" of process "3ea96a68-57a0-11f1-b455-eeee0a8493c0"...#
#2026 05 24 18:41:58.438#Z#DEBUG#3ea96a42-57a0-11f1-b455-eeee0a8493c0.OPERATION#flowable-async-job-executor-thread-13121#
[XS2ProcessMtaArchiveStep] Processing MTA archive...#
#2026 05 24 18:41:58.438#Z#DEBUG#3ea96a42-57a0-11f1-b455-eeee0a8493c0.OPERATION#flowable-async-job-executor-thread-13121#
[XS2ProcessMtaArchiveStep] MTA Archive ID: f2db1dfb-24cd-4c81-bdb7-b5eefa3a20aa#
#2026 05 24 18:41:58.606#Z#DEBUG#3ea96a42-57a0-11f1-b455-eeee0a8493c0.OPERATION#flowable-async-job-executor-thread-13121#
[XS2ProcessMtaArchiveStep] MTA Descriptor length: 830#
#2026 05 24 18:41:58.606#Z#DEBUG#3ea96a42-57a0-11f1-b455-eeee0a8493c0.OPERATION#flowable-async-job-executor-thread-13121#
[XS2ProcessMtaArchiveStep] MTA Archive Modules: [field-task-cap-srv, field-task-cap-db-deployer]#
#2026 05 24 18:41:58.606#Z#DEBUG#3ea96a42-57a0-11f1-b455-eeee0a8493c0.OPERATION#flowable-async-job-executor-thread-13121#
[XS2ProcessMtaArchiveStep] MTA Archive Requires: []#
#2026 05 24 18:41:58.606#Z#DEBUG#3ea96a42-57a0-11f1-b455-eeee0a8493c0.OPERATION#flowable-async-job-executor-thread-13121#
[XS2ProcessMtaArchiveStep] MTA Archive Resources: []#
#2026 05 24 18:41:58.614#Z#DEBUG#3ea96a42-57a0-11f1-b455-eeee0a8493c0.OPERATION#flowable-async-job-executor-thread-13121#
[XS2ProcessMtaArchiveStep] MTA archive processed#
#2026 05 24 18:41:58.614#Z#DEBUG#3ea96a42-57a0-11f1-b455-eeee0a8493c0.OPERATION#flowable-async-job-executor-thread-13121#
Step "Process Archive" finished#
#2026 05 24 18:41:58.649#Z#DEBUG#3ea96a42-57a0-11f1-b455-eeee0a8493c0.OPERATION#flowable-async-job-executor-thread-13122#
[ProcessMtaExtensionDescriptorsStep] Executing task "processExtensionDescriptorsTask" of process "3ea96a68-57a0-11f1-b455-eeee0a8493c0"...#
#2026 05 24 18:41:58.649#Z#DEBUG#3ea96a42-57a0-11f1-b455-eeee0a8493c0.OPERATION#flowable-async-job-executor-thread-13122#
[ProcessMtaExtensionDescriptorsStep] Processing MTA extension descriptors...#
#2026 05 24 18:41:58.650#Z#DEBUG#3ea96a42-57a0-11f1-b455-eeee0a8493c0.OPERATION#flowable-async-job-executor-thread-13122#
[ProcessMtaExtensionDescriptorsStep] Provided extension descriptors: [ ]#
#2026 05 24 18:41:58.650#Z#DEBUG#3ea96a42-57a0-11f1-b455-eeee0a8493c0.OPERATION#flowable-async-job-executor-thread-13122#
[ProcessMtaExtensionDescriptorsStep] No extension descriptors in use#
#2026 05 24 18:41:58.650#Z#DEBUG#3ea96a42-57a0-11f1-b455-eeee0a8493c0.OPERATION#flowable-async-job-executor-thread-13122#
[ProcessMtaExtensionDescriptorsStep] MTA extension descriptors processed#
#2026 05 24 18:41:58.650#Z#DEBUG#3ea96a42-57a0-11f1-b455-eeee0a8493c0.OPERATION#flowable-async-job-executor-thread-13122#
Step "Process Extension Descriptors" finished#
#2026 05 24 18:41:58.677#Z#DEBUG#3ea96a42-57a0-11f1-b455-eeee0a8493c0.OPERATION#flowable-async-job-executor-thread-13123#
[XS2DetectMtaSchemaVersionStep] Executing task "detectSchemaVersionTask" of process "3ea96a68-57a0-11f1-b455-eeee0a8493c0"...#
#2026 05 24 18:41:58.678#Z#DEBUG#3ea96a42-57a0-11f1-b455-eeee0a8493c0.OPERATION#flowable-async-job-executor-thread-13123#
[XS2DetectMtaSchemaVersionStep] Detecting MTA major schema version...#
#2026 05 24 18:41:58.679#Z#INFO#3ea96a42-57a0-11f1-b455-eeee0a8493c0.OPERATION#flowable-async-job-executor-thread-13123#
[XS2DetectMtaSchemaVersionStep] Detected MTA schema version: "3"#
#2026 05 24 18:41:58.683#Z#DEBUG#3ea96a42-57a0-11f1-b455-eeee0a8493c0.OPERATION#flowable-async-job-executor-thread-13123#
Step "Detect Schema Version" finished#
#2026 05 24 18:41:58.710#Z#DEBUG#3ea96a42-57a0-11f1-b455-eeee0a8493c0.OPERATION#flowable-async-job-executor-thread-13124#
[MergeDescriptorsStep] Executing task "mergeDescriptorsTask" of process "3ea96a68-57a0-11f1-b455-eeee0a8493c0"...#
#2026 05 24 18:41:58.710#Z#DEBUG#3ea96a42-57a0-11f1-b455-eeee0a8493c0.OPERATION#flowable-async-job-executor-thread-13124#
[MergeDescriptorsStep] Validating and merging descriptors...#
#2026 05 24 18:41:58.712#Z#DEBUG#3ea96a42-57a0-11f1-b455-eeee0a8493c0.OPERATION#flowable-async-job-executor-thread-13124#
[MergeDescriptorsStep] Merged deployment descriptor: {
  "majorSchemaVersion" : 3,
  "schemaVersion" : "3.3.0",
  "id" : "field-task-cap",
  "version" : "1.0.0",
  "modules" : [ {
    "majorSchemaVersion" : 3,
    "name" : "field-task-cap-srv",
    "type" : "javascript.nodejs",
    "path" : "field-task-cap-srv",
    "properties" : { },
    "parameters" : {
      "buildpack" : "nodejs_buildpack",
      "instances" : 1
    },
    "requiredDependencies" : [ {
      "majorSchemaVersion" : 3,
      "name" : "field-task-cap-db",
      "properties" : { },
      "parameters" : { },
      "propertiesMetadata" : {
        "metadata" : { }
      },
      "parametersMetadata" : {
        "metadata" : { }
      }
    } ],
    "providedDependencies" : [ {
      "majorSchemaVersion" : 3,
      "name" : "srv-api",
      "isPublic" : false,
      "properties" : {
        "srv-url" : "${default-url}"
      },
      "parameters" : { },
      "propertiesMetadata" : {
        "metadata" : { }
      },
      "parametersMetadata" : {
        "metadata" : { }
      }
    }, {
      "majorSchemaVersion" : 3,
      "name" : "field-task-cap-srv",
      "isPublic" : false,
      "properties" : { },
      "parameters" : { },
      "propertiesMetadata" : {
        "metadata" : { }
      },
      "parametersMetadata" : {
        "metadata" : { }
      }
    } ],
    "propertiesMetadata" : {
      "metadata" : { }
    },
    "parametersMetadata" : {
      "metadata" : { }
    },
    "hooks" : [ ]
  }, {
    "majorSchemaVersion" : 3,
    "name" : "field-task-cap-db-deployer",
    "type" : "com.sap.xs.hdi",
    "path" : "field-task-cap-db-deployer",
    "properties" : {
      "EXIT" : 1
    },
    "parameters" : {
      "memory" : "256M",
      "buildpack" : "nodejs_buildpack",
      "no-route" : true,
      "dependency-type" : "hard",
      "tasks" : [ {
        "name" : "deploy",
        "memory" : "256M",
        "command" : "npm start"
      } ],
      "no-start" : true
    },
    "requiredDependencies" : [ {
      "majorSchemaVersion" : 3,
      "name" : "field-task-cap-db",
      "properties" : { },
      "parameters" : { },
      "propertiesMetadata" : {
        "metadata" : { }
      },
      "parametersMetadata" : {
        "metadata" : { }
      }
    } ],
    "providedDependencies" : [ {
      "majorSchemaVersion" : 3,
      "name" : "field-task-cap-db-deployer",
      "isPublic" : false,
      "properties" : { },
      "parameters" : { },
      "propertiesMetadata" : {
        "metadata" : { }
      },
      "parametersMetadata" : {
        "metadata" : { }
      }
    } ],
    "propertiesMetadata" : {
      "metadata" : { }
    },
    "parametersMetadata" : {
      "metadata" : { }
    },
    "hooks" : [ ]
  } ],
  "resources" : [ {
    "majorSchemaVersion" : 3,
    "name" : "field-task-cap-db",
    "type" : "com.sap.xs.hdi-container",
    "properties" : { },
    "parameters" : {
      "type" : "managed-service",
      "service" : "hana",
      "service-plan" : "hdi-shared"
    },
    "isActive" : true,
    "isOptional" : false,
    "propertiesMetadata" : {
      "metadata" : { }
    },
    "parametersMetadata" : {
      "metadata" : { }
    },
    "requiredDependencies" : [ ],
    "processedAfter" : [ ]
  } ],
  "parameters" : {
    "enable-parallel-deployments" : true
  },
  "parametersMetadata" : {
    "metadata" : { }
  }
}#
#2026 05 24 18:41:58.713#Z#DEBUG#3ea96a42-57a0-11f1-b455-eeee0a8493c0.OPERATION#flowable-async-job-executor-thread-13124#
[MergeDescriptorsStep] Descriptors validated and merged#
#2026 05 24 18:41:58.713#Z#DEBUG#3ea96a42-57a0-11f1-b455-eeee0a8493c0.OPERATION#flowable-async-job-executor-thread-13124#
Step "Merge Descriptors" finished#
#2026 05 24 18:41:58.740#Z#DEBUG#3ea96a42-57a0-11f1-b455-eeee0a8493c0.OPERATION#flowable-async-job-executor-thread-13125#
[DetectDeployedMtaStep] Executing task "detectDeployedMtaTask" of process "3ea96a68-57a0-11f1-b455-eeee0a8493c0"...#
#2026 05 24 18:41:58.741#Z#DEBUG#3ea96a42-57a0-11f1-b455-eeee0a8493c0.OPERATION#flowable-async-job-executor-thread-13125#
[DetectDeployedMtaStep] Detecting deployed MTA...#
#2026 05 24 18:41:58.819#Z#DEBUG#3ea96a42-57a0-11f1-b455-eeee0a8493c0.OPERATION#flowable-async-job-executor-thread-13125#
[DetectDeployedMtaStep] Detecting MTA by id field-task-cap and namespace null#
#2026 05 24 18:41:58.820#Z#DEBUG#3ea96a42-57a0-11f1-b455-eeee0a8493c0.OPERATION#flowable-async-job-executor-thread-13125#
[DetectDeployedMtaStep] Getting applications by metadata label selector "mta_id=7ee5f4dd5c7a15f3296a65998ebe47e6,!mta_namespace"...#
#2026 05 24 18:41:58.869#Z#DEBUG#3ea96a42-57a0-11f1-b455-eeee0a8493c0.OPERATION#flowable-async-job-executor-thread-13125#
[DetectDeployedMtaStep] Getting service instances by metadata label selector "mta_id=7ee5f4dd5c7a15f3296a65998ebe47e6,!mta_namespace"...#
#2026 05 24 18:41:58.900#Z#INFO#3ea96a42-57a0-11f1-b455-eeee0a8493c0.OPERATION#flowable-async-job-executor-thread-13125#
[DetectDeployedMtaStep] No deployed MTA detected - this is initial deployment of MTA with ID "field-task-cap"#
#2026 05 24 18:41:58.905#Z#DEBUG#3ea96a42-57a0-11f1-b455-eeee0a8493c0.OPERATION#flowable-async-job-executor-thread-13125#
[DetectDeployedMtaStep] Detecting backup mta by id "field-task-cap" and namespace "null"#
#2026 05 24 18:41:58.905#Z#DEBUG#3ea96a42-57a0-11f1-b455-eeee0a8493c0.OPERATION#flowable-async-job-executor-thread-13125#
[DetectDeployedMtaStep] Getting applications by metadata label selector "mta_id=7ee5f4dd5c7a15f3296a65998ebe47e6,mta_namespace=b698114a0995e936895b9598a6c19a2c"...#
#2026 05 24 18:41:58.948#Z#DEBUG#3ea96a42-57a0-11f1-b455-eeee0a8493c0.OPERATION#flowable-async-job-executor-thread-13125#
[DetectDeployedMtaStep] Getting service instances by metadata label selector "mta_id=7ee5f4dd5c7a15f3296a65998ebe47e6,mta_namespace=b698114a0995e936895b9598a6c19a2c"...#
#2026 05 24 18:41:58.981#Z#DEBUG#3ea96a42-57a0-11f1-b455-eeee0a8493c0.OPERATION#flowable-async-job-executor-thread-13125#
[DetectDeployedMtaStep] Deployed MTA service keys: [ ]#
#2026 05 24 18:41:58.981#Z#DEBUG#3ea96a42-57a0-11f1-b455-eeee0a8493c0.OPERATION#flowable-async-job-executor-thread-13125#
Step "Detect Deployed MTA" finished#
#2026 05 24 18:41:59.014#Z#DEBUG#3ea96a42-57a0-11f1-b455-eeee0a8493c0.OPERATION#flowable-async-job-executor-thread-13126#
[XS2CollectSystemParametersStep] Executing task "collectSystemParametersTask" of process "3ea96a68-57a0-11f1-b455-eeee0a8493c0"...#
#2026 05 24 18:41:59.015#Z#DEBUG#3ea96a42-57a0-11f1-b455-eeee0a8493c0.OPERATION#flowable-async-job-executor-thread-13126#
[XS2CollectSystemParametersStep] Collecting system parameters...#
#2026 05 24 18:41:59.015#Z#DEBUG#3ea96a42-57a0-11f1-b455-eeee0a8493c0.OPERATION#flowable-async-job-executor-thread-13126#
[XS2CollectSystemParametersStep] Getting default domain...#
#2026 05 24 18:41:59.045#Z#DEBUG#3ea96a42-57a0-11f1-b455-eeee0a8493c0.OPERATION#flowable-async-job-executor-thread-13126#
[XS2CollectSystemParametersStep] Default domain: cfapps.us10-001.hana.ondemand.com#
#2026 05 24 18:41:59.045#Z#DEBUG#3ea96a42-57a0-11f1-b455-eeee0a8493c0.OPERATION#flowable-async-job-executor-thread-13126#
[XS2CollectSystemParametersStep] Checking for overwriting read-only parameters for mta with id: "field-task-cap"#
#2026 05 24 18:41:59.045#Z#DEBUG#3ea96a42-57a0-11f1-b455-eeee0a8493c0.OPERATION#flowable-async-job-executor-thread-13126#
[XS2CollectSystemParametersStep] No read-only parameters are overwritten#
#2026 05 24 18:41:59.070#Z#DEBUG#3ea96a42-57a0-11f1-b455-eeee0a8493c0.OPERATION#flowable-async-job-executor-thread-13126#
[XS2CollectSystemParametersStep] Descriptor with system parameters: {
  "majorSchemaVersion" : 3,
  "schemaVersion" : "3.3.0",
  "id" : "field-task-cap",
  "version" : "1.0.0",
  "modules" : [ {
    "majorSchemaVersion" : 3,
    "name" : "field-task-cap-srv",
    "type" : "javascript.nodejs",
    "path" : "field-task-cap-srv",
    "properties" : { },
    "parameters" : {
      "default-url" : "${protocol}://${default-uri}",
      "default-app-name" : "field-task-cap-srv",
      "generated-password" : "********",
      "default-live-url" : "${protocol}://${default-live-uri}",
      "default-uri" : "${host}.${domain}",
      "default-instances" : 1,
      "default-live-host" : "ca469c8atrial-dev-field-task-cap-srv",
      "instances" : 1,
      "buildpack" : "nodejs_buildpack",
      "default-host" : "ca469c8atrial-dev-field-task-cap-srv",
      "app-name" : "${default-app-name}",
      "default-live-uri" : "ca469c8atrial-dev-field-task-cap-srv.${domain}",
      "protocol" : "https",
      "default-live-app-name" : "field-task-cap-srv",
      "default-live-domain" : "cfapps.us10-001.hana.ondemand.com",
      "domain" : "${default-domain}",
      "host" : "${default-host}",
      "generated-user" : "********"
    },
    "requiredDependencies" : [ {
      "majorSchemaVersion" : 3,
      "name" : "field-task-cap-db",
      "properties" : { },
      "parameters" : { },
      "propertiesMetadata" : {
        "metadata" : { }
      },
      "parametersMetadata" : {
        "metadata" : { }
      }
    } ],
    "providedDependencies" : [ {
      "majorSchemaVersion" : 3,
      "name" : "srv-api",
      "isPublic" : false,
      "properties" : {
        "srv-url" : "${default-url}"
      },
      "parameters" : { },
      "propertiesMetadata" : {
        "metadata" : { }
      },
      "parametersMetadata" : {
        "metadata" : { }
      }
    }, {
      "majorSchemaVersion" : 3,
      "name" : "field-task-cap-srv",
      "isPublic" : false,
      "properties" : { },
      "parameters" : { },
      "propertiesMetadata" : {
        "metadata" : { }
      },
      "parametersMetadata" : {
        "metadata" : { }
      }
    } ],
    "propertiesMetadata" : {
      "metadata" : { }
    },
    "parametersMetadata" : {
      "metadata" : { }
    },
    "hooks" : [ ]
  }, {
    "majorSchemaVersion" : 3,
    "name" : "field-task-cap-db-deployer",
    "type" : "com.sap.xs.hdi",
    "path" : "field-task-cap-db-deployer",
    "properties" : {
      "EXIT" : 1
    },
    "parameters" : {
      "default-url" : "${protocol}://${default-uri}",
      "default-app-name" : "field-task-cap-db-deployer",
      "generated-password" : "********",
      "default-live-url" : "${protocol}://${default-live-uri}",
      "default-uri" : "${host}.${domain}",
      "memory" : "256M",
      "default-instances" : 1,
      "no-route" : true,
      "default-live-host" : "ca469c8atrial-dev-field-task-cap-db-deployer",
      "instances" : "${default-instances}",
      "buildpack" : "nodejs_buildpack",
      "default-host" : "ca469c8atrial-dev-field-task-cap-db-deployer",
      "app-name" : "${default-app-name}",
      "default-live-uri" : "ca469c8atrial-dev-field-task-cap-db-deployer.${domain}",
      "protocol" : "https",
      "default-live-app-name" : "field-task-cap-db-deployer",
      "default-live-domain" : "cfapps.us10-001.hana.ondemand.com",
      "dependency-type" : "hard",
      "domain" : "${default-domain}",
      "host" : "${default-host}",
      "generated-user" : "********",
      "tasks" : [ {
        "name" : "deploy",
        "memory" : "256M",
        "command" : "npm start"
      } ],
      "no-start" : true
    },
    "requiredDependencies" : [ {
      "majorSchemaVersion" : 3,
      "name" : "field-task-cap-db",
      "properties" : { },
      "parameters" : { },
      "propertiesMetadata" : {
        "metadata" : { }
      },
      "parametersMetadata" : {
        "metadata" : { }
      }
    } ],
    "providedDependencies" : [ {
      "majorSchemaVersion" : 3,
      "name" : "field-task-cap-db-deployer",
      "isPublic" : false,
      "properties" : { },
      "parameters" : { },
      "propertiesMetadata" : {
        "metadata" : { }
      },
      "parametersMetadata" : {
        "metadata" : { }
      }
    } ],
    "propertiesMetadata" : {
      "metadata" : { }
    },
    "parametersMetadata" : {
      "metadata" : { }
    },
    "hooks" : [ ]
  } ],
  "resources" : [ {
    "majorSchemaVersion" : 3,
    "name" : "field-task-cap-db",
    "type" : "com.sap.xs.hdi-container",
    "properties" : { },
    "parameters" : {
      "generated-password" : "********",
      "service-name" : "${default-service-name}",
      "service-plan" : "hdi-shared",
      "service" : "hana",
      "generated-user" : "********",
      "default-xsappname" : "field-task-cap-db",
      "type" : "managed-service",
      "default-service-name" : "field-task-cap-db",
      "default-container-name" : "CA469C8ATRIAL_DEV_FIELD_TASK_CAP_DB"
    },
    "isActive" : true,
    "isOptional" : false,
    "propertiesMetadata" : {
      "metadata" : { }
    },
    "parametersMetadata" : {
      "metadata" : { }
    },
    "requiredDependencies" : [ ],
    "processedAfter" : [ ]
  } ],
  "parameters" : {
    "mta-id" : "field-task-cap",
    "authorization-url" : "********",
    "org-guid" : "a0cee0f7-f2bc-42d8-a02f-0c584ac68d52",
    "org" : "ca469c8atrial",
    "deploy-target" : "ca469c8atrial dev",
    "enable-parallel-deployments" : true,
    "space" : "dev",
    "xs-api-url" : "https://api.cf.us10-001.hana.ondemand.com",
    "deploy-url" : "deploy-service.cfapps.us10-001.hana.ondemand.com",
    "xs-type" : "CF",
    "default-domain" : "cfapps.us10-001.hana.ondemand.com",
    "mta-version" : "1.0.0",
    "xs-auth-url" : "********",
    "space-guid" : "46e1c057-a44f-4d17-9493-f13823b5dffd",
    "user" : "********",
    "controller-url" : "https://api.cf.us10-001.hana.ondemand.com",
    "timestamp" : "20260524184158"
  },
  "parametersMetadata" : {
    "metadata" : { }
  }
}#
#2026 05 24 18:41:59.070#Z#DEBUG#3ea96a42-57a0-11f1-b455-eeee0a8493c0.OPERATION#flowable-async-job-executor-thread-13126#
[XS2CollectSystemParametersStep] Version rule: SAME_HIGHER#
#2026 05 24 18:41:59.070#Z#INFO#3ea96a42-57a0-11f1-b455-eeee0a8493c0.OPERATION#flowable-async-job-executor-thread-13126#
[XS2CollectSystemParametersStep] Detected new MTA version: "1.0.0"#
#2026 05 24 18:41:59.074#Z#DEBUG#3ea96a42-57a0-11f1-b455-eeee0a8493c0.OPERATION#flowable-async-job-executor-thread-13126#
[XS2CollectSystemParametersStep] MTA accepted for deployment#
#2026 05 24 18:41:59.075#Z#DEBUG#3ea96a42-57a0-11f1-b455-eeee0a8493c0.OPERATION#flowable-async-job-executor-thread-13126#
[XS2CollectSystemParametersStep] System parameters collected#
#2026 05 24 18:41:59.075#Z#DEBUG#3ea96a42-57a0-11f1-b455-eeee0a8493c0.OPERATION#flowable-async-job-executor-thread-13126#
Step "Collect System Parameters" finished#
#2026 05 24 18:41:59.100#Z#DEBUG#3ea96a42-57a0-11f1-b455-eeee0a8493c0.OPERATION#flowable-async-job-executor-thread-13126#
[ProcessDescriptorStep] Executing task "processDescriptorTask" of process "3ea96a68-57a0-11f1-b455-eeee0a8493c0"...#
#2026 05 24 18:41:59.101#Z#DEBUG#3ea96a42-57a0-11f1-b455-eeee0a8493c0.OPERATION#flowable-async-job-executor-thread-13126#
[ProcessDescriptorStep] Resolving properties and parameters in merged descriptor...#
#2026 05 24 18:41:59.104#Z#DEBUG#3ea96a42-57a0-11f1-b455-eeee0a8493c0.OPERATION#flowable-async-job-executor-thread-13126#
[ProcessDescriptorStep] Subscriptions: [ ]#
#2026 05 24 18:41:59.104#Z#DEBUG#3ea96a42-57a0-11f1-b455-eeee0a8493c0.OPERATION#flowable-async-job-executor-thread-13126#
[ProcessDescriptorStep] MTA modules: [field-task-cap-srv, field-task-cap-db-deployer]#
#2026 05 24 18:41:59.104#Z#DEBUG#3ea96a42-57a0-11f1-b455-eeee0a8493c0.OPERATION#flowable-async-job-executor-thread-13126#
[ProcessDescriptorStep] Resolved deployment descriptor: {
  "majorSchemaVersion" : 3,
  "schemaVersion" : "3.3.0",
  "id" : "field-task-cap",
  "version" : "1.0.0",
  "modules" : [ {
    "majorSchemaVersion" : 3,
    "name" : "field-task-cap-srv",
    "type" : "javascript.nodejs",
    "path" : "field-task-cap-srv",
    "properties" : { },
    "parameters" : {
      "default-url" : "https://ca469c8atrial-dev-field-task-cap-srv.cfapps.us10-001.hana.ondemand.com",
      "default-app-name" : "field-task-cap-srv",
      "generated-password" : "********",
      "default-live-url" : "https://ca469c8atrial-dev-field-task-cap-srv.cfapps.us10-001.hana.ondemand.com",
      "default-uri" : "ca469c8atrial-dev-field-task-cap-srv.cfapps.us10-001.hana.ondemand.com",
      "default-instances" : 1,
      "default-live-host" : "ca469c8atrial-dev-field-task-cap-srv",
      "instances" : 1,
      "buildpack" : "nodejs_buildpack",
      "default-host" : "ca469c8atrial-dev-field-task-cap-srv",
      "app-name" : "field-task-cap-srv",
      "default-live-uri" : "ca469c8atrial-dev-field-task-cap-srv.cfapps.us10-001.hana.ondemand.com",
      "protocol" : "https",
      "default-live-app-name" : "field-task-cap-srv",
      "default-live-domain" : "cfapps.us10-001.hana.ondemand.com",
      "domain" : "cfapps.us10-001.hana.ondemand.com",
      "host" : "ca469c8atrial-dev-field-task-cap-srv",
      "generated-user" : "********"
    },
    "requiredDependencies" : [ {
      "majorSchemaVersion" : 3,
      "name" : "field-task-cap-db",
      "properties" : { },
      "parameters" : { },
      "propertiesMetadata" : {
        "metadata" : { }
      },
      "parametersMetadata" : {
        "metadata" : { }
      }
    } ],
    "providedDependencies" : [ {
      "majorSchemaVersion" : 3,
      "name" : "srv-api",
      "isPublic" : false,
      "properties" : {
        "srv-url" : "https://ca469c8atrial-dev-field-task-cap-srv.cfapps.us10-001.hana.ondemand.com"
      },
      "parameters" : { },
      "propertiesMetadata" : {
        "metadata" : { }
      },
      "parametersMetadata" : {
        "metadata" : { }
      }
    }, {
      "majorSchemaVersion" : 3,
      "name" : "field-task-cap-srv",
      "isPublic" : false,
      "properties" : { },
      "parameters" : { },
      "propertiesMetadata" : {
        "metadata" : { }
      },
      "parametersMetadata" : {
        "metadata" : { }
      }
    } ],
    "propertiesMetadata" : {
      "metadata" : { }
    },
    "parametersMetadata" : {
      "metadata" : { }
    },
    "hooks" : [ ]
  }, {
    "majorSchemaVersion" : 3,
    "name" : "field-task-cap-db-deployer",
    "type" : "com.sap.xs.hdi",
    "path" : "field-task-cap-db-deployer",
    "properties" : {
      "EXIT" : 1
    },
    "parameters" : {
      "default-url" : "https://ca469c8atrial-dev-field-task-cap-db-deployer.cfapps.us10-001.hana.ondemand.com",
      "default-app-name" : "field-task-cap-db-deployer",
      "generated-password" : "********",
      "default-live-url" : "https://ca469c8atrial-dev-field-task-cap-db-deployer.cfapps.us10-001.hana.ondemand.com",
      "default-uri" : "ca469c8atrial-dev-field-task-cap-db-deployer.cfapps.us10-001.hana.ondemand.com",
      "memory" : "256M",
      "default-instances" : 1,
      "no-route" : true,
      "default-live-host" : "ca469c8atrial-dev-field-task-cap-db-deployer",
      "instances" : 1,
      "buildpack" : "nodejs_buildpack",
      "default-host" : "ca469c8atrial-dev-field-task-cap-db-deployer",
      "app-name" : "field-task-cap-db-deployer",
      "default-live-uri" : "ca469c8atrial-dev-field-task-cap-db-deployer.cfapps.us10-001.hana.ondemand.com",
      "protocol" : "https",
      "default-live-app-name" : "field-task-cap-db-deployer",
      "default-live-domain" : "cfapps.us10-001.hana.ondemand.com",
      "dependency-type" : "hard",
      "domain" : "cfapps.us10-001.hana.ondemand.com",
      "host" : "ca469c8atrial-dev-field-task-cap-db-deployer",
      "generated-user" : "********",
      "tasks" : [ {
        "command" : "npm start",
        "memory" : "256M",
        "name" : "deploy"
      } ],
      "no-start" : true
    },
    "requiredDependencies" : [ {
      "majorSchemaVersion" : 3,
      "name" : "field-task-cap-db",
      "properties" : { },
      "parameters" : { },
      "propertiesMetadata" : {
        "metadata" : { }
      },
      "parametersMetadata" : {
        "metadata" : { }
      }
    } ],
    "providedDependencies" : [ {
      "majorSchemaVersion" : 3,
      "name" : "field-task-cap-db-deployer",
      "isPublic" : false,
      "properties" : { },
      "parameters" : { },
      "propertiesMetadata" : {
        "metadata" : { }
      },
      "parametersMetadata" : {
        "metadata" : { }
      }
    } ],
    "propertiesMetadata" : {
      "metadata" : { }
    },
    "parametersMetadata" : {
      "metadata" : { }
    },
    "hooks" : [ ]
  } ],
  "resources" : [ {
    "majorSchemaVersion" : 3,
    "name" : "field-task-cap-db",
    "type" : "com.sap.xs.hdi-container",
    "properties" : { },
    "parameters" : {
      "generated-password" : "********",
      "service-name" : "field-task-cap-db",
      "service-plan" : "hdi-shared",
      "service" : "hana",
      "generated-user" : "********",
      "default-xsappname" : "field-task-cap-db",
      "type" : "managed-service",
      "default-service-name" : "field-task-cap-db",
      "default-container-name" : "CA469C8ATRIAL_DEV_FIELD_TASK_CAP_DB"
    },
    "isActive" : true,
    "isOptional" : false,
    "propertiesMetadata" : {
      "metadata" : { }
    },
    "parametersMetadata" : {
      "metadata" : { }
    },
    "requiredDependencies" : [ ],
    "processedAfter" : [ ]
  } ],
  "parameters" : {
    "mta-id" : "field-task-cap",
    "authorization-url" : "********",
    "org-guid" : "a0cee0f7-f2bc-42d8-a02f-0c584ac68d52",
    "org" : "ca469c8atrial",
    "deploy-target" : "ca469c8atrial dev",
    "enable-parallel-deployments" : true,
    "region-primary-domain" : "us10.hana.ondemand.com",
    "space" : "dev",
    "region-domain" : "us10-001.hana.ondemand.com",
    "xs-api-url" : "https://api.cf.us10-001.hana.ondemand.com",
    "deploy-url" : "deploy-service.cfapps.us10-001.hana.ondemand.com",
    "xs-type" : "CF",
    "default-domain" : "cfapps.us10-001.hana.ondemand.com",
    "mta-version" : "1.0.0",
    "xs-auth-url" : "********",
    "space-guid" : "46e1c057-a44f-4d17-9493-f13823b5dffd",
    "user" : "********",
    "controller-url" : "https://api.cf.us10-001.hana.ondemand.com",
    "timestamp" : "20260524184158"
  },
  "parametersMetadata" : {
    "metadata" : { }
  }
}#
#2026 05 24 18:41:59.104#Z#DEBUG#3ea96a42-57a0-11f1-b455-eeee0a8493c0.OPERATION#flowable-async-job-executor-thread-13126#
[ProcessDescriptorStep] Merged descriptor properties and parameters resolved#
#2026 05 24 18:41:59.104#Z#DEBUG#3ea96a42-57a0-11f1-b455-eeee0a8493c0.OPERATION#flowable-async-job-executor-thread-13126#
Step "Process Descriptor Step" finished#
#2026 05 24 18:41:59.134#Z#DEBUG#3ea96a42-57a0-11f1-b455-eeee0a8493c0.OPERATION#flowable-async-job-executor-thread-13126#
[XS2BuildCloudDeployModelStep] Executing task "buildDeployModelTask" of process "3ea96a68-57a0-11f1-b455-eeee0a8493c0"...#
#2026 05 24 18:41:59.137#Z#DEBUG#3ea96a42-57a0-11f1-b455-eeee0a8493c0.OPERATION#flowable-async-job-executor-thread-13126#
[XS2BuildCloudDeployModelStep] Service keys defined for content deployment grouped by service name: { }#
#2026 05 24 18:41:59.137#Z#DEBUG#3ea96a42-57a0-11f1-b455-eeee0a8493c0.OPERATION#flowable-async-job-executor-thread-13126#
[XS2BuildCloudDeployModelStep] Building cloud deployment model...#
#2026 05 24 18:41:59.137#Z#DEBUG#3ea96a42-57a0-11f1-b455-eeee0a8493c0.OPERATION#flowable-async-job-executor-thread-13126#
[XS2BuildCloudDeployModelStep] MTA archive modules: [field-task-cap-srv, field-task-cap-db-deployer]#
#2026 05 24 18:41:59.137#Z#DEBUG#3ea96a42-57a0-11f1-b455-eeee0a8493c0.OPERATION#flowable-async-job-executor-thread-13126#
[XS2BuildCloudDeployModelStep] Deployed modules: []#
#2026 05 24 18:41:59.138#Z#DEBUG#3ea96a42-57a0-11f1-b455-eeee0a8493c0.OPERATION#flowable-async-job-executor-thread-13126#
[XS2BuildCloudDeployModelStep] MTA modules: [field-task-cap-srv, field-task-cap-db-deployer]#
#2026 05 24 18:41:59.138#Z#DEBUG#3ea96a42-57a0-11f1-b455-eeee0a8493c0.OPERATION#flowable-async-job-executor-thread-13126#
[XS2BuildCloudDeployModelStep] Service keys to create: {
  "field-task-cap-db" : [ ]
}#
#2026 05 24 18:41:59.138#Z#DEBUG#3ea96a42-57a0-11f1-b455-eeee0a8493c0.OPERATION#flowable-async-job-executor-thread-13126#
[XS2BuildCloudDeployModelStep] Modules to deploy: [{
  "majorSchemaVersion" : 3,
  "name" : "field-task-cap-srv",
  "type" : "javascript.nodejs",
  "path" : "field-task-cap-srv",
  "properties" : { },
  "parameters" : {
    "default-url" : "https://ca469c8atrial-dev-field-task-cap-srv.cfapps.us10-001.hana.ondemand.com",
    "default-app-name" : "field-task-cap-srv",
    "generated-password" : "********",
    "default-live-url" : "https://ca469c8atrial-dev-field-task-cap-srv.cfapps.us10-001.hana.ondemand.com",
    "default-uri" : "ca469c8atrial-dev-field-task-cap-srv.cfapps.us10-001.hana.ondemand.com",
    "default-instances" : 1,
    "default-live-host" : "ca469c8atrial-dev-field-task-cap-srv",
    "instances" : 1,
    "buildpack" : "nodejs_buildpack",
    "default-host" : "ca469c8atrial-dev-field-task-cap-srv",
    "app-name" : "field-task-cap-srv",
    "default-live-uri" : "ca469c8atrial-dev-field-task-cap-srv.cfapps.us10-001.hana.ondemand.com",
    "protocol" : "https",
    "default-live-app-name" : "field-task-cap-srv",
    "default-live-domain" : "cfapps.us10-001.hana.ondemand.com",
    "dependency-type" : "soft",
    "domain" : "cfapps.us10-001.hana.ondemand.com",
    "host" : "ca469c8atrial-dev-field-task-cap-srv",
    "generated-user" : "********"
  },
  "requiredDependencies" : [ {
    "majorSchemaVersion" : 3,
    "name" : "field-task-cap-db",
    "properties" : { },
    "parameters" : { },
    "propertiesMetadata" : {
      "metadata" : { }
    },
    "parametersMetadata" : {
      "metadata" : { }
    }
  } ],
  "providedDependencies" : [ {
    "majorSchemaVersion" : 3,
    "name" : "srv-api",
    "isPublic" : false,
    "properties" : {
      "srv-url" : "https://ca469c8atrial-dev-field-task-cap-srv.cfapps.us10-001.hana.ondemand.com"
    },
    "parameters" : { },
    "propertiesMetadata" : {
      "metadata" : { }
    },
    "parametersMetadata" : {
      "metadata" : { }
    }
  }, {
    "majorSchemaVersion" : 3,
    "name" : "field-task-cap-srv",
    "isPublic" : false,
    "properties" : { },
    "parameters" : { },
    "propertiesMetadata" : {
      "metadata" : { }
    },
    "parametersMetadata" : {
      "metadata" : { }
    }
  } ],
  "propertiesMetadata" : {
    "metadata" : { }
  },
  "parametersMetadata" : {
    "metadata" : { }
  },
  "deployedAfter" : [ ],
  "hooks" : [ ]
}, {
  "majorSchemaVersion" : 3,
  "name" : "field-task-cap-db-deployer",
  "type" : "com.sap.xs.hdi",
  "path" : "field-task-cap-db-deployer",
  "properties" : {
    "EXIT" : 1
  },
  "parameters" : {
    "default-url" : "https://ca469c8atrial-dev-field-task-cap-db-deployer.cfapps.us10-001.hana.ondemand.com",
    "default-app-name" : "field-task-cap-db-deployer",
    "generated-password" : "********",
    "default-live-url" : "https://ca469c8atrial-dev-field-task-cap-db-deployer.cfapps.us10-001.hana.ondemand.com",
    "default-uri" : "ca469c8atrial-dev-field-task-cap-db-deployer.cfapps.us10-001.hana.ondemand.com",
    "memory" : "256M",
    "default-instances" : 1,
    "no-route" : true,
    "default-live-host" : "ca469c8atrial-dev-field-task-cap-db-deployer",
    "instances" : 1,
    "buildpack" : "nodejs_buildpack",
    "default-host" : "ca469c8atrial-dev-field-task-cap-db-deployer",
    "app-name" : "field-task-cap-db-deployer",
    "default-live-uri" : "ca469c8atrial-dev-field-task-cap-db-deployer.cfapps.us10-001.hana.ondemand.com",
    "protocol" : "https",
    "default-live-app-name" : "field-task-cap-db-deployer",
    "default-live-domain" : "cfapps.us10-001.hana.ondemand.com",
    "dependency-type" : "hard",
    "domain" : "cfapps.us10-001.hana.ondemand.com",
    "host" : "ca469c8atrial-dev-field-task-cap-db-deployer",
    "generated-user" : "********",
    "tasks" : [ {
      "command" : "npm start",
      "memory" : "256M",
      "name" : "deploy"
    } ],
    "no-start" : true
  },
  "requiredDependencies" : [ {
    "majorSchemaVersion" : 3,
    "name" : "field-task-cap-db",
    "properties" : { },
    "parameters" : { },
    "propertiesMetadata" : {
      "metadata" : { }
    },
    "parametersMetadata" : {
      "metadata" : { }
    }
  } ],
  "providedDependencies" : [ {
    "majorSchemaVersion" : 3,
    "name" : "field-task-cap-db-deployer",
    "isPublic" : false,
    "properties" : { },
    "parameters" : { },
    "propertiesMetadata" : {
      "metadata" : { }
    },
    "parametersMetadata" : {
      "metadata" : { }
    }
  } ],
  "propertiesMetadata" : {
    "metadata" : { }
  },
  "parametersMetadata" : {
    "metadata" : { }
  },
  "deployedAfter" : [ ],
  "hooks" : [ ]
}]#
#2026 05 24 18:41:59.139#Z#DEBUG#3ea96a42-57a0-11f1-b455-eeee0a8493c0.OPERATION#flowable-async-job-executor-thread-13126#
[XS2BuildCloudDeployModelStep] Custom domains: []#
#2026 05 24 18:41:59.141#Z#DEBUG#3ea96a42-57a0-11f1-b455-eeee0a8493c0.OPERATION#flowable-async-job-executor-thread-13126#
[XS2BuildCloudDeployModelStep] Calculating resource batches...#
#2026 05 24 18:41:59.141#Z#DEBUG#3ea96a42-57a0-11f1-b455-eeee0a8493c0.OPERATION#flowable-async-job-executor-thread-13126#
[XS2BuildCloudDeployModelStep] Calculating resource batches completed.#
#2026 05 24 18:41:59.141#Z#DEBUG#3ea96a42-57a0-11f1-b455-eeee0a8493c0.OPERATION#flowable-async-job-executor-thread-13126#
[XS2BuildCloudDeployModelStep] Cloud deployment model built#
#2026 05 24 18:41:59.141#Z#DEBUG#3ea96a42-57a0-11f1-b455-eeee0a8493c0.OPERATION#flowable-async-job-executor-thread-13126#
Step "Build Deploy Model" finished#
#2026 05 24 18:41:59.174#Z#DEBUG#3ea96a42-57a0-11f1-b455-eeee0a8493c0.OPERATION#flowable-async-job-executor-thread-13121#
[BuildCloudUndeployModelStep] Executing task "buildUndeployModelTask" of process "3ea96a68-57a0-11f1-b455-eeee0a8493c0"...#
#2026 05 24 18:41:59.175#Z#DEBUG#3ea96a42-57a0-11f1-b455-eeee0a8493c0.OPERATION#flowable-async-job-executor-thread-13121#
[BuildCloudUndeployModelStep] Building cloud undeployment model...#
#2026 05 24 18:41:59.175#Z#DEBUG#3ea96a42-57a0-11f1-b455-eeee0a8493c0.OPERATION#flowable-async-job-executor-thread-13121#
[BuildCloudUndeployModelStep] Detecting service keys to delete.#
#2026 05 24 18:41:59.176#Z#DEBUG#3ea96a42-57a0-11f1-b455-eeee0a8493c0.OPERATION#flowable-async-job-executor-thread-13121#
[BuildCloudUndeployModelStep] No deployed service keys detected!#
#2026 05 24 18:41:59.176#Z#DEBUG#3ea96a42-57a0-11f1-b455-eeee0a8493c0.OPERATION#flowable-async-job-executor-thread-13121#
[BuildCloudUndeployModelStep] Detected service keys to delete "[]"#
#2026 05 24 18:41:59.178#Z#DEBUG#3ea96a42-57a0-11f1-b455-eeee0a8493c0.OPERATION#flowable-async-job-executor-thread-13121#
Step "Build Undeploy Model" finished#
#2026 05 24 18:41:59.209#Z#DEBUG#3ea96a42-57a0-11f1-b455-eeee0a8493c0.OPERATION#flowable-async-job-executor-thread-13121#
[AddDomainsStep] Executing task "addDomainsTask" of process "3ea96a68-57a0-11f1-b455-eeee0a8493c0"...#
#2026 05 24 18:41:59.210#Z#DEBUG#3ea96a42-57a0-11f1-b455-eeee0a8493c0.OPERATION#flowable-async-job-executor-thread-13121#
[AddDomainsStep] Custom domains: []#
#2026 05 24 18:41:59.210#Z#DEBUG#3ea96a42-57a0-11f1-b455-eeee0a8493c0.OPERATION#flowable-async-job-executor-thread-13121#
Step "Add Domains" finished#
#2026 05 24 18:41:59.315#Z#DEBUG#3ea96a42-57a0-11f1-b455-eeee0a8493c0.OPERATION#flowable-async-job-executor-thread-13121#
[ExtractBatchedServicesWithResolvedDynamicParametersStep] Executing task "prepareModulesDeploymentTask" of process "3f3d6d0c-57a0-11f1-b455-eeee0a8493c0"...#
#2026 05 24 18:41:59.315#Z#DEBUG#3ea96a42-57a0-11f1-b455-eeee0a8493c0.OPERATION#flowable-async-job-executor-thread-13121#
[ExtractBatchedServicesWithResolvedDynamicParametersStep] Extracting services and resolving dynamic parameters from batch#
#2026 05 24 18:41:59.316#Z#DEBUG#3ea96a42-57a0-11f1-b455-eeee0a8493c0.OPERATION#flowable-async-job-executor-thread-13121#
[ExtractBatchedServicesWithResolvedDynamicParametersStep] Services to create: [ {
  "isOptional" : false,
  "isManaged" : true,
  "name" : "field-task-cap-db",
  "v3Metadata" : {
    "annotations" : {
      "mta_id" : "field-task-cap",
      "mta_version" : "1.0.0",
      "mta_resource" : "{\"name\":\"field-task-cap-db\"}"
    },
    "labels" : {
      "mta_id" : "7ee5f4dd5c7a15f3296a65998ebe47e6"
    }
  },
  "label" : "hana",
  "plan" : "hdi-shared",
  "credentials" : "********",
  "tags" : [ ],
  "type" : "managed",
  "resourceName" : "field-task-cap-db",
  "shouldSkipParametersUpdate" : false,
  "shouldSkipPlanUpdate" : false,
  "shouldSkipTagsUpdate" : false,
  "shouldSkipSyslogUrlUpdate" : false
} ]#
#2026 05 24 18:41:59.317#Z#DEBUG#3ea96a42-57a0-11f1-b455-eeee0a8493c0.OPERATION#flowable-async-job-executor-thread-13121#
Step "Extract Services with Resolved Dynamic parameters from batch" finished#
#2026 05 24 18:41:59.390#Z#DEBUG#3ea96a42-57a0-11f1-b455-eeee0a8493c0.OPERATION#flowable-async-job-executor-thread-13121#
[CheckServiceOperationStateStep] Executing task "CheckServiceOperationStateTask" of process "3f4bec35-57a0-11f1-b455-eeee0a8493c0"...#
#2026 05 24 18:41:59.391#Z#DEBUG#3ea96a42-57a0-11f1-b455-eeee0a8493c0.OPERATION#flowable-async-job-executor-thread-13121#
[CheckServiceOperationStateStep] Getting service instance "field-task-cap-db"...#
#2026 05 24 18:41:59.410#Z#DEBUG#3ea96a42-57a0-11f1-b455-eeee0a8493c0.OPERATION#flowable-async-job-executor-thread-13121#
Step "Check for service operations in Progress" finished#
#2026 05 24 18:41:59.436#Z#DEBUG#3ea96a42-57a0-11f1-b455-eeee0a8493c0.OPERATION#flowable-async-job-executor-thread-13121#
[DetermineServiceCreateUpdateServiceActionsStep] Executing task "DetermineServiceCreateUpdateActionsTask" of process "3f4bec35-57a0-11f1-b455-eeee0a8493c0"...#
#2026 05 24 18:41:59.437#Z#INFO#3ea96a42-57a0-11f1-b455-eeee0a8493c0.OPERATION#flowable-async-job-executor-thread-13121#
[DetermineServiceCreateUpdateServiceActionsStep] Processing service "field-task-cap-db"...#
#2026 05 24 18:41:59.441#Z#DEBUG#3ea96a42-57a0-11f1-b455-eeee0a8493c0.OPERATION#flowable-async-job-executor-thread-13121#
[DetermineServiceCreateUpdateServiceActionsStep] Getting service instance "field-task-cap-db"...#
#2026 05 24 18:41:59.472#Z#DEBUG#3ea96a42-57a0-11f1-b455-eeee0a8493c0.OPERATION#flowable-async-job-executor-thread-13121#
[DetermineServiceCreateUpdateServiceActionsStep] Service should be created#
#2026 05 24 18:41:59.474#Z#DEBUG#3ea96a42-57a0-11f1-b455-eeee0a8493c0.OPERATION#flowable-async-job-executor-thread-13121#
Step "Determine update actions" finished#
#2026 05 24 18:41:59.508#Z#DEBUG#3ea96a42-57a0-11f1-b455-eeee0a8493c0.OPERATION#flowable-async-job-executor-thread-13126#
[CreateServiceStep] Executing task "CreateServiceTask" of process "3f4bec35-57a0-11f1-b455-eeee0a8493c0"...#
#2026 05 24 18:41:59.510#Z#INFO#3ea96a42-57a0-11f1-b455-eeee0a8493c0.OPERATION#flowable-async-job-executor-thread-13126#
[CreateServiceStep] Creating service "field-task-cap-db" from MTA resource "field-task-cap-db"...#
#2026 05 24 18:41:59.515#Z#DEBUG#3ea96a42-57a0-11f1-b455-eeee0a8493c0.OPERATION#flowable-async-job-executor-thread-13126#
[CreateServiceStep] Creating service instance: {
  "isOptional" : false,
  "isManaged" : true,
  "name" : "field-task-cap-db",
  "v3Metadata" : {
    "annotations" : {
      "mta_id" : "field-task-cap",
      "mta_version" : "1.0.0",
      "mta_resource" : "{\"name\":\"field-task-cap-db\"}"
    },
    "labels" : {
      "mta_id" : "7ee5f4dd5c7a15f3296a65998ebe47e6"
    }
  },
  "label" : "hana",
  "plan" : "hdi-shared",
  "credentials" : "********",
  "tags" : [ ],
  "type" : "managed",
  "resourceName" : "field-task-cap-db",
  "shouldSkipParametersUpdate" : false,
  "shouldSkipPlanUpdate" : false,
  "shouldSkipTagsUpdate" : false,
  "shouldSkipSyslogUrlUpdate" : false
}#
#2026 05 24 18:41:59.818#Z#DEBUG#3ea96a42-57a0-11f1-b455-eeee0a8493c0.OPERATION#flowable-async-job-executor-thread-13126#
[CreateServiceStep] Service "field-task-cap-db" created#
#2026 05 24 18:41:59.818#Z#DEBUG#3ea96a42-57a0-11f1-b455-eeee0a8493c0.OPERATION#flowable-async-job-executor-thread-13126#
[CreateServiceStep] Triggered service operations: {
  "field-task-cap-db" : "CREATE"
}#
#2026 05 24 18:41:59.820#Z#DEBUG#3ea96a42-57a0-11f1-b455-eeee0a8493c0.OPERATION#flowable-async-job-executor-thread-13126#
Step "Create" finished#
#2026 05 24 18:42:10.770#Z#DEBUG#3ea96a42-57a0-11f1-b455-eeee0a8493c0.OPERATION#flowable-async-job-executor-thread-13130#
[CreateServiceStep] Executing task "CreateServiceTask" of process "3f4bec35-57a0-11f1-b455-eeee0a8493c0"...#
#2026 05 24 18:42:10.770#Z#DEBUG#3ea96a42-57a0-11f1-b455-eeee0a8493c0.OPERATION#flowable-async-job-executor-thread-13130#
[CreateServiceStep] Polling service operations...#
#2026 05 24 18:42:10.772#Z#DEBUG#3ea96a42-57a0-11f1-b455-eeee0a8493c0.OPERATION#flowable-async-job-executor-thread-13130#
[CreateServiceStep] Getting service instance "field-task-cap-db"...#
#2026 05 24 18:42:10.899#Z#DEBUG#3ea96a42-57a0-11f1-b455-eeee0a8493c0.OPERATION#flowable-async-job-executor-thread-13130#
[CreateServiceStep] Last operation for service "field-task-cap-db": {
  "type" : "CREATE",
  "state" : "SUCCEEDED"
}#
#2026 05 24 18:42:10.899#Z#DEBUG#3ea96a42-57a0-11f1-b455-eeee0a8493c0.OPERATION#flowable-async-job-executor-thread-13130#
[CreateServiceStep] Service "field-task-cap-db" created#
#2026 05 24 18:42:10.899#Z#INFO#3ea96a42-57a0-11f1-b455-eeee0a8493c0.OPERATION#flowable-async-job-executor-thread-13130#
[CreateServiceStep] 1 of 1 done#
#2026 05 24 18:42:10.903#Z#DEBUG#3ea96a42-57a0-11f1-b455-eeee0a8493c0.OPERATION#flowable-async-job-executor-thread-13130#
[CreateServiceStep] Remaining services to poll: [ ]#
#2026 05 24 18:42:10.904#Z#DEBUG#3ea96a42-57a0-11f1-b455-eeee0a8493c0.OPERATION#flowable-async-job-executor-thread-13130#
Step "Create" finished#
#2026 05 24 18:42:11.076#Z#DEBUG#3ea96a42-57a0-11f1-b455-eeee0a8493c0.OPERATION#flowable-async-job-executor-thread-13134#
[PrepareModulesDeploymentStep] Executing task "prepareModulesDeploymentTask" of process "46413b2f-57a0-11f1-b455-eeee0a8493c0"...#
#2026 05 24 18:42:11.077#Z#DEBUG#3ea96a42-57a0-11f1-b455-eeee0a8493c0.OPERATION#flowable-async-job-executor-thread-13134#
[PrepareModulesDeploymentStep] Preparing modules deployment...#
#2026 05 24 18:42:11.080#Z#DEBUG#3ea96a42-57a0-11f1-b455-eeee0a8493c0.OPERATION#flowable-async-job-executor-thread-13134#
Step "Prepare Modules Deployment" finished#
#2026 05 24 18:42:11.109#Z#DEBUG#3ea96a42-57a0-11f1-b455-eeee0a8493c0.OPERATION#flowable-async-job-executor-thread-13134#
[ComputeNextModulesStep] Executing task "computeNextModulesToDeployInParallel" of process "46413b2f-57a0-11f1-b455-eeee0a8493c0"...#
#2026 05 24 18:42:11.109#Z#DEBUG#3ea96a42-57a0-11f1-b455-eeee0a8493c0.OPERATION#flowable-async-job-executor-thread-13134#
[ComputeNextModulesStep] Computing modules for next parallel iteration...#
#2026 05 24 18:42:11.111#Z#DEBUG#3ea96a42-57a0-11f1-b455-eeee0a8493c0.OPERATION#flowable-async-job-executor-thread-13134#
[ComputeNextModulesStep] Completed modules detected: []#
#2026 05 24 18:42:11.111#Z#DEBUG#3ea96a42-57a0-11f1-b455-eeee0a8493c0.OPERATION#flowable-async-job-executor-thread-13134#
[ComputeNextModulesStep] All modules for deploy detected: [field-task-cap-srv, field-task-cap-db-deployer]#
#2026 05 24 18:42:11.111#Z#DEBUG#3ea96a42-57a0-11f1-b455-eeee0a8493c0.OPERATION#flowable-async-job-executor-thread-13134#
[ComputeNextModulesStep] Modules not for deploy detected: []#
#2026 05 24 18:42:11.111#Z#DEBUG#3ea96a42-57a0-11f1-b455-eeee0a8493c0.OPERATION#flowable-async-job-executor-thread-13134#
[ComputeNextModulesStep] Computed modules for next parallel iteration: [ {
  "majorSchemaVersion" : 3,
  "name" : "field-task-cap-srv",
  "type" : "javascript.nodejs",
  "path" : "field-task-cap-srv",
  "properties" : { },
  "parameters" : {
    "app-name" : "field-task-cap-srv",
    "buildpack" : "nodejs_buildpack",
    "default-app-name" : "field-task-cap-srv",
    "default-host" : "ca469c8atrial-dev-field-task-cap-srv",
    "default-instances" : 1,
    "default-live-app-name" : "field-task-cap-srv",
    "default-live-domain" : "cfapps.us10-001.hana.ondemand.com",
    "default-live-host" : "ca469c8atrial-dev-field-task-cap-srv",
    "default-live-uri" : "ca469c8atrial-dev-field-task-cap-srv.cfapps.us10-001.hana.ondemand.com",
    "default-live-url" : "https://ca469c8atrial-dev-field-task-cap-srv.cfapps.us10-001.hana.ondemand.com",
    "default-uri" : "ca469c8atrial-dev-field-task-cap-srv.cfapps.us10-001.hana.ondemand.com",
    "default-url" : "https://ca469c8atrial-dev-field-task-cap-srv.cfapps.us10-001.hana.ondemand.com",
    "dependency-type" : "soft",
    "domain" : "cfapps.us10-001.hana.ondemand.com",
    "generated-password" : "********",
    "generated-user" : "********",
    "host" : "ca469c8atrial-dev-field-task-cap-srv",
    "instances" : 1,
    "protocol" : "https"
  },
  "requiredDependencies" : [ {
    "majorSchemaVersion" : 3,
    "name" : "field-task-cap-db",
    "properties" : { },
    "parameters" : { },
    "propertiesMetadata" : {
      "metadata" : { }
    },
    "parametersMetadata" : {
      "metadata" : { }
    }
  } ],
  "providedDependencies" : [ {
    "majorSchemaVersion" : 3,
    "name" : "srv-api",
    "isPublic" : false,
    "properties" : {
      "srv-url" : "https://ca469c8atrial-dev-field-task-cap-srv.cfapps.us10-001.hana.ondemand.com"
    },
    "parameters" : { },
    "propertiesMetadata" : {
      "metadata" : { }
    },
    "parametersMetadata" : {
      "metadata" : { }
    }
  }, {
    "majorSchemaVersion" : 3,
    "name" : "field-task-cap-srv",
    "isPublic" : false,
    "properties" : { },
    "parameters" : { },
    "propertiesMetadata" : {
      "metadata" : { }
    },
    "parametersMetadata" : {
      "metadata" : { }
    }
  } ],
  "propertiesMetadata" : {
    "metadata" : { }
  },
  "parametersMetadata" : {
    "metadata" : { }
  },
  "deployedAfter" : [ ],
  "hooks" : [ ]
}, {
  "majorSchemaVersion" : 3,
  "name" : "field-task-cap-db-deployer",
  "type" : "com.sap.xs.hdi",
  "path" : "field-task-cap-db-deployer",
  "properties" : {
    "EXIT" : 1
  },
  "parameters" : {
    "app-name" : "field-task-cap-db-deployer",
    "buildpack" : "nodejs_buildpack",
    "default-app-name" : "field-task-cap-db-deployer",
    "default-host" : "ca469c8atrial-dev-field-task-cap-db-deployer",
    "default-instances" : 1,
    "default-live-app-name" : "field-task-cap-db-deployer",
    "default-live-domain" : "cfapps.us10-001.hana.ondemand.com",
    "default-live-host" : "ca469c8atrial-dev-field-task-cap-db-deployer",
    "default-live-uri" : "ca469c8atrial-dev-field-task-cap-db-deployer.cfapps.us10-001.hana.ondemand.com",
    "default-live-url" : "https://ca469c8atrial-dev-field-task-cap-db-deployer.cfapps.us10-001.hana.ondemand.com",
    "default-uri" : "ca469c8atrial-dev-field-task-cap-db-deployer.cfapps.us10-001.hana.ondemand.com",
    "default-url" : "https://ca469c8atrial-dev-field-task-cap-db-deployer.cfapps.us10-001.hana.ondemand.com",
    "dependency-type" : "hard",
    "domain" : "cfapps.us10-001.hana.ondemand.com",
    "generated-password" : "********",
    "generated-user" : "********",
    "host" : "ca469c8atrial-dev-field-task-cap-db-deployer",
    "instances" : 1,
    "memory" : "256M",
    "no-route" : true,
    "no-start" : true,
    "protocol" : "https",
    "tasks" : [ {
      "command" : "npm start",
      "memory" : "256M",
      "name" : "deploy"
    } ]
  },
  "requiredDependencies" : [ {
    "majorSchemaVersion" : 3,
    "name" : "field-task-cap-db",
    "properties" : { },
    "parameters" : { },
    "propertiesMetadata" : {
      "metadata" : { }
    },
    "parametersMetadata" : {
      "metadata" : { }
    }
  } ],
  "providedDependencies" : [ {
    "majorSchemaVersion" : 3,
    "name" : "field-task-cap-db-deployer",
    "isPublic" : false,
    "properties" : { },
    "parameters" : { },
    "propertiesMetadata" : {
      "metadata" : { }
    },
    "parametersMetadata" : {
      "metadata" : { }
    }
  } ],
  "propertiesMetadata" : {
    "metadata" : { }
  },
  "parametersMetadata" : {
    "metadata" : { }
  },
  "deployedAfter" : [ ],
  "hooks" : [ ]
} ]#
#2026 05 24 18:42:11.111#Z#DEBUG#3ea96a42-57a0-11f1-b455-eeee0a8493c0.OPERATION#flowable-async-job-executor-thread-13134#
Step "Compute Next Modules To Deploy" finished#
#2026 05 24 18:42:11.231#Z#DEBUG#3ea96a42-57a0-11f1-b455-eeee0a8493c0.OPERATION#flowable-async-job-executor-thread-13134#
[ProcessDescriptorStep] Executing task "reprocessDescriptorTask" of process "4655fc7a-57a0-11f1-b455-eeee0a8493c0"...#
#2026 05 24 18:42:11.232#Z#DEBUG#3ea96a42-57a0-11f1-b455-eeee0a8493c0.OPERATION#flowable-async-job-executor-thread-13134#
[ProcessDescriptorStep] Resolving properties and parameters in merged descriptor...#
#2026 05 24 18:42:11.234#Z#DEBUG#3ea96a42-57a0-11f1-b455-eeee0a8493c0.OPERATION#flowable-async-job-executor-thread-13134#
[ProcessDescriptorStep] Subscriptions: [ ]#
#2026 05 24 18:42:11.238#Z#DEBUG#3ea96a42-57a0-11f1-b455-eeee0a8493c0.OPERATION#flowable-async-job-executor-thread-13134#
[ProcessDescriptorStep] MTA modules: [field-task-cap-srv, field-task-cap-db-deployer]#
#2026 05 24 18:42:11.240#Z#DEBUG#3ea96a42-57a0-11f1-b455-eeee0a8493c0.OPERATION#flowable-async-job-executor-thread-13134#
[ProcessDescriptorStep] Resolved deployment descriptor: {
  "majorSchemaVersion" : 3,
  "schemaVersion" : "3.3.0",
  "id" : "field-task-cap",
  "version" : "1.0.0",
  "modules" : [ {
    "majorSchemaVersion" : 3,
    "name" : "field-task-cap-srv",
    "type" : "javascript.nodejs",
    "path" : "field-task-cap-srv",
    "properties" : { },
    "parameters" : {
      "default-url" : "https://ca469c8atrial-dev-field-task-cap-srv.cfapps.us10-001.hana.ondemand.com",
      "default-app-name" : "field-task-cap-srv",
      "generated-password" : "********",
      "default-live-url" : "https://ca469c8atrial-dev-field-task-cap-srv.cfapps.us10-001.hana.ondemand.com",
      "default-uri" : "ca469c8atrial-dev-field-task-cap-srv.cfapps.us10-001.hana.ondemand.com",
      "default-instances" : 1,
      "default-live-host" : "ca469c8atrial-dev-field-task-cap-srv",
      "instances" : 1,
      "buildpack" : "nodejs_buildpack",
      "default-host" : "ca469c8atrial-dev-field-task-cap-srv",
      "app-name" : "field-task-cap-srv",
      "default-live-uri" : "ca469c8atrial-dev-field-task-cap-srv.cfapps.us10-001.hana.ondemand.com",
      "protocol" : "https",
      "default-live-app-name" : "field-task-cap-srv",
      "default-live-domain" : "cfapps.us10-001.hana.ondemand.com",
      "domain" : "cfapps.us10-001.hana.ondemand.com",
      "host" : "ca469c8atrial-dev-field-task-cap-srv",
      "generated-user" : "********"
    },
    "requiredDependencies" : [ {
      "majorSchemaVersion" : 3,
      "name" : "field-task-cap-db",
      "properties" : { },
      "parameters" : { },
      "propertiesMetadata" : {
        "metadata" : { }
      },
      "parametersMetadata" : {
        "metadata" : { }
      }
    } ],
    "providedDependencies" : [ {
      "majorSchemaVersion" : 3,
      "name" : "srv-api",
      "isPublic" : false,
      "properties" : {
        "srv-url" : "https://ca469c8atrial-dev-field-task-cap-srv.cfapps.us10-001.hana.ondemand.com"
      },
      "parameters" : { },
      "propertiesMetadata" : {
        "metadata" : { }
      },
      "parametersMetadata" : {
        "metadata" : { }
      }
    }, {
      "majorSchemaVersion" : 3,
      "name" : "field-task-cap-srv",
      "isPublic" : false,
      "properties" : { },
      "parameters" : { },
      "propertiesMetadata" : {
        "metadata" : { }
      },
      "parametersMetadata" : {
        "metadata" : { }
      }
    } ],
    "propertiesMetadata" : {
      "metadata" : { }
    },
    "parametersMetadata" : {
      "metadata" : { }
    },
    "hooks" : [ ]
  }, {
    "majorSchemaVersion" : 3,
    "name" : "field-task-cap-db-deployer",
    "type" : "com.sap.xs.hdi",
    "path" : "field-task-cap-db-deployer",
    "properties" : {
      "EXIT" : 1
    },
    "parameters" : {
      "default-url" : "https://ca469c8atrial-dev-field-task-cap-db-deployer.cfapps.us10-001.hana.ondemand.com",
      "default-app-name" : "field-task-cap-db-deployer",
      "generated-password" : "********",
      "default-live-url" : "https://ca469c8atrial-dev-field-task-cap-db-deployer.cfapps.us10-001.hana.ondemand.com",
      "default-uri" : "ca469c8atrial-dev-field-task-cap-db-deployer.cfapps.us10-001.hana.ondemand.com",
      "memory" : "256M",
      "default-instances" : 1,
      "no-route" : true,
      "default-live-host" : "ca469c8atrial-dev-field-task-cap-db-deployer",
      "instances" : 1,
      "buildpack" : "nodejs_buildpack",
      "default-host" : "ca469c8atrial-dev-field-task-cap-db-deployer",
      "app-name" : "field-task-cap-db-deployer",
      "default-live-uri" : "ca469c8atrial-dev-field-task-cap-db-deployer.cfapps.us10-001.hana.ondemand.com",
      "protocol" : "https",
      "default-live-app-name" : "field-task-cap-db-deployer",
      "default-live-domain" : "cfapps.us10-001.hana.ondemand.com",
      "dependency-type" : "hard",
      "domain" : "cfapps.us10-001.hana.ondemand.com",
      "host" : "ca469c8atrial-dev-field-task-cap-db-deployer",
      "generated-user" : "********",
      "tasks" : [ {
        "command" : "npm start",
        "memory" : "256M",
        "name" : "deploy"
      } ],
      "no-start" : true
    },
    "requiredDependencies" : [ {
      "majorSchemaVersion" : 3,
      "name" : "field-task-cap-db",
      "properties" : { },
      "parameters" : { },
      "propertiesMetadata" : {
        "metadata" : { }
      },
      "parametersMetadata" : {
        "metadata" : { }
      }
    } ],
    "providedDependencies" : [ {
      "majorSchemaVersion" : 3,
      "name" : "field-task-cap-db-deployer",
      "isPublic" : false,
      "properties" : { },
      "parameters" : { },
      "propertiesMetadata" : {
        "metadata" : { }
      },
      "parametersMetadata" : {
        "metadata" : { }
      }
    } ],
    "propertiesMetadata" : {
      "metadata" : { }
    },
    "parametersMetadata" : {
      "metadata" : { }
    },
    "hooks" : [ ]
  } ],
  "resources" : [ {
    "majorSchemaVersion" : 3,
    "name" : "field-task-cap-db",
    "type" : "com.sap.xs.hdi-container",
    "properties" : { },
    "parameters" : {
      "generated-password" : "********",
      "service-name" : "field-task-cap-db",
      "service-plan" : "hdi-shared",
      "service" : "hana",
      "generated-user" : "********",
      "default-xsappname" : "field-task-cap-db",
      "type" : "managed-service",
      "default-service-name" : "field-task-cap-db",
      "default-container-name" : "CA469C8ATRIAL_DEV_FIELD_TASK_CAP_DB"
    },
    "isActive" : true,
    "isOptional" : false,
    "propertiesMetadata" : {
      "metadata" : { }
    },
    "parametersMetadata" : {
      "metadata" : { }
    },
    "requiredDependencies" : [ ],
    "processedAfter" : [ ]
  } ],
  "parameters" : {
    "mta-id" : "field-task-cap",
    "authorization-url" : "********",
    "org-guid" : "a0cee0f7-f2bc-42d8-a02f-0c584ac68d52",
    "org" : "ca469c8atrial",
    "deploy-target" : "ca469c8atrial dev",
    "enable-parallel-deployments" : true,
    "region-primary-domain" : "us10.hana.ondemand.com",
    "space" : "dev",
    "region-domain" : "us10-001.hana.ondemand.com",
    "xs-api-url" : "https://api.cf.us10-001.hana.ondemand.com",
    "deploy-url" : "deploy-service.cfapps.us10-001.hana.ondemand.com",
    "xs-type" : "CF",
    "default-domain" : "cfapps.us10-001.hana.ondemand.com",
    "mta-version" : "1.0.0",
    "xs-auth-url" : "********",
    "space-guid" : "46e1c057-a44f-4d17-9493-f13823b5dffd",
    "user" : "********",
    "controller-url" : "https://api.cf.us10-001.hana.ondemand.com",
    "timestamp" : "20260524184158"
  },
  "parametersMetadata" : {
    "metadata" : { }
  }
}#
#2026 05 24 18:42:11.240#Z#DEBUG#3ea96a42-57a0-11f1-b455-eeee0a8493c0.OPERATION#flowable-async-job-executor-thread-13134#
[ProcessDescriptorStep] Merged descriptor properties and parameters resolved#
#2026 05 24 18:42:11.240#Z#DEBUG#3ea96a42-57a0-11f1-b455-eeee0a8493c0.OPERATION#flowable-async-job-executor-thread-13134#
Step "Re-Process Descriptor Step" finished#
#2026 05 24 18:42:11.265#Z#DEBUG#3ea96a42-57a0-11f1-b455-eeee0a8493c0.OPERATION#flowable-async-job-executor-thread-13134#
[BuildApplicationDeployModelStep] Executing task "buildApplicationDeployModelTask" of process "4655fc7a-57a0-11f1-b455-eeee0a8493c0"...#
#2026 05 24 18:42:11.267#Z#DEBUG#3ea96a42-57a0-11f1-b455-eeee0a8493c0.OPERATION#flowable-async-job-executor-thread-13134#
[BuildApplicationDeployModelStep] Building cloud deployment model for application "field-task-cap-srv"...#
#2026 05 24 18:42:11.269#Z#DEBUG#3ea96a42-57a0-11f1-b455-eeee0a8493c0.OPERATION#flowable-async-job-executor-thread-13134#
[BuildApplicationDeployModelStep] No health-check-type is specified. Setting default type: port#
#2026 05 24 18:42:11.270#Z#INFO#3ea96a42-57a0-11f1-b455-eeee0a8493c0.OPERATION#flowable-async-job-executor-thread-13134#
[BuildApplicationDeployModelStep] Building configuration entries for org ca469c8atrial, space dev, spaceId 46e1c057-a44f-4d17-9493-f13823b5dffd and namespace null!#
#2026 05 24 18:42:11.271#Z#DEBUG#3ea96a42-57a0-11f1-b455-eeee0a8493c0.OPERATION#flowable-async-job-executor-thread-13134#
[BuildApplicationDeployModelStep] Configuration entries to publish: [ ]#
#2026 05 24 18:42:11.271#Z#DEBUG#3ea96a42-57a0-11f1-b455-eeee0a8493c0.OPERATION#flowable-async-job-executor-thread-13134#
[BuildApplicationDeployModelStep] Cloud deployment model for application built#
#2026 05 24 18:42:11.271#Z#DEBUG#3ea96a42-57a0-11f1-b455-eeee0a8493c0.OPERATION#flowable-async-job-executor-thread-13134#
Step "Build Application Deploy Model" finished#
#2026 05 24 18:42:11.303#Z#DEBUG#3ea96a42-57a0-11f1-b455-eeee0a8493c0.OPERATION#flowable-async-job-executor-thread-13134#
[CreateOrUpdateAppStep] Executing task "createAppTask" of process "4655fc7a-57a0-11f1-b455-eeee0a8493c0"...#
#2026 05 24 18:42:11.304#Z#DEBUG#3ea96a42-57a0-11f1-b455-eeee0a8493c0.OPERATION#flowable-async-job-executor-thread-13134#
[CreateOrUpdateAppStep] Getting application "field-task-cap-srv"...#
#2026 05 24 18:42:11.340#Z#INFO#3ea96a42-57a0-11f1-b455-eeee0a8493c0.OPERATION#flowable-async-job-executor-thread-13134#
[CreateOrUpdateAppStep] Creating application "field-task-cap-srv" from MTA module "field-task-cap-srv"...#
#2026 05 24 18:42:11.345#Z#DEBUG#3ea96a42-57a0-11f1-b455-eeee0a8493c0.OPERATION#flowable-async-job-executor-thread-13134#
[CreateOrUpdateAppStep] Creating application "field-task-cap-srv" with disk "null" memory "null", URIs "ca469c8atrial-dev-field-task-cap-srv.cfapps.us10-001.hana.ondemand.com" and staging: "{
  "buildpacks" : [ "nodejs_buildpack" ],
  "healthCheckType" : "port",
  "appFeatures" : { }
}"#
#2026 05 24 18:42:11.774#Z#DEBUG#3ea96a42-57a0-11f1-b455-eeee0a8493c0.OPERATION#flowable-async-job-executor-thread-13134#
[CreateOrUpdateAppStep] Application "field-task-cap-srv" created#
#2026 05 24 18:42:11.774#Z#DEBUG#3ea96a42-57a0-11f1-b455-eeee0a8493c0.OPERATION#flowable-async-job-executor-thread-13134#
Step "Create App" finished#
#2026 05 24 18:42:11.856#Z#DEBUG#3ea96a42-57a0-11f1-b455-eeee0a8493c0.OPERATION#flowable-async-job-executor-thread-13134#
[CheckServiceBindingOperationStep] Executing task "checkForServiceBindingOperationInProgress" of process "46b9c6bd-57a0-11f1-b455-eeee0a8493c0"...#
#2026 05 24 18:42:11.856#Z#DEBUG#3ea96a42-57a0-11f1-b455-eeee0a8493c0.OPERATION#flowable-async-job-executor-thread-13134#
[CheckServiceBindingOperationStep] Checking for service binding operation in progress between app "field-task-cap-srv" and service instance "field-task-cap-db"#
#2026 05 24 18:42:11.856#Z#DEBUG#3ea96a42-57a0-11f1-b455-eeee0a8493c0.OPERATION#flowable-async-job-executor-thread-13134#
[CheckServiceBindingOperationStep] Getting application guid "field-task-cap-srv"...#
#2026 05 24 18:42:11.901#Z#DEBUG#3ea96a42-57a0-11f1-b455-eeee0a8493c0.OPERATION#flowable-async-job-executor-thread-13134#
[CheckServiceBindingOperationStep] Getting GUID of required service instance "field-task-cap-db"...#
#2026 05 24 18:42:11.932#Z#DEBUG#3ea96a42-57a0-11f1-b455-eeee0a8493c0.OPERATION#flowable-async-job-executor-thread-13134#
[CheckServiceBindingOperationStep] Getting binding of service instance "1d73b4c8-0b46-4c3f-8def-7b98d8df3eea" with application "13d670fa-b3d9-45a2-a5fe-b1c4b2817661"...#
#2026 05 24 18:42:11.957#Z#DEBUG#3ea96a42-57a0-11f1-b455-eeee0a8493c0.OPERATION#flowable-async-job-executor-thread-13134#
Step "Check For Service Binding Operation In Progress" finished#
#2026 05 24 18:42:11.983#Z#DEBUG#3ea96a42-57a0-11f1-b455-eeee0a8493c0.OPERATION#flowable-async-job-executor-thread-13134#
[DetermineApplicationServiceBindingActionsStep] Executing task "determineApplicationServiceBindingActionsTask" of process "46b9c6bd-57a0-11f1-b455-eeee0a8493c0"...#
#2026 05 24 18:42:11.985#Z#DEBUG#3ea96a42-57a0-11f1-b455-eeee0a8493c0.OPERATION#flowable-async-job-executor-thread-13134#
[DetermineApplicationServiceBindingActionsStep] Determine bind/unbind operations of application "field-task-cap-srv" to service instance "field-task-cap-db"#
#2026 05 24 18:42:11.985#Z#DEBUG#3ea96a42-57a0-11f1-b455-eeee0a8493c0.OPERATION#flowable-async-job-executor-thread-13134#
[DetermineApplicationServiceBindingActionsStep] Getting application "field-task-cap-srv"...#
#2026 05 24 18:42:12.024#Z#DEBUG#3ea96a42-57a0-11f1-b455-eeee0a8493c0.OPERATION#flowable-async-job-executor-thread-13134#
[DetermineApplicationServiceBindingActionsStep] Binding parameters for application "field-task-cap-srv": { }#
#2026 05 24 18:42:12.045#Z#DEBUG#3ea96a42-57a0-11f1-b455-eeee0a8493c0.OPERATION#flowable-async-job-executor-thread-13134#
[DetermineApplicationServiceBindingActionsStep] Calculated binding operations between application "field-task-cap-srv" and service instance "field-task-cap-db": unbind - false bind - true#
#2026 05 24 18:42:12.045#Z#DEBUG#3ea96a42-57a0-11f1-b455-eeee0a8493c0.OPERATION#flowable-async-job-executor-thread-13134#
Step "Determine Application Service Binding Actions" finished#
#2026 05 24 18:42:12.073#Z#DEBUG#3ea96a42-57a0-11f1-b455-eeee0a8493c0.OPERATION#flowable-async-job-executor-thread-13134#
[BindServiceToApplicationStep] Executing task "bindServiceToApplicationTask" of process "46b9c6bd-57a0-11f1-b455-eeee0a8493c0"...#
#2026 05 24 18:42:12.074#Z#INFO#3ea96a42-57a0-11f1-b455-eeee0a8493c0.OPERATION#flowable-async-job-executor-thread-13134#
[BindServiceToApplicationStep] Binding service instance "field-task-cap-db" to application "field-task-cap-srv"...#
#2026 05 24 18:42:12.079#Z#DEBUG#3ea96a42-57a0-11f1-b455-eeee0a8493c0.OPERATION#flowable-async-job-executor-thread-13134#
[BindServiceToApplicationStep] Binding service instance "field-task-cap-db" to application "field-task-cap-srv" with parameters: { }#
#2026 05 24 18:42:12.208#Z#DEBUG#3ea96a42-57a0-11f1-b455-eeee0a8493c0.OPERATION#flowable-async-job-executor-thread-13134#
Step "Bind Service to Application" finished#
#2026 05 24 18:42:12.276#Z#DEBUG#3ea96a42-57a0-11f1-b455-eeee0a8493c0.OPERATION#flowable-async-job-executor-thread-5746#
[ProcessDescriptorStep] Executing task "reprocessDescriptorTask" of process "46f1040d-57a0-11f1-a69c-eeee0a90f024"...#
#2026 05 24 18:42:12.278#Z#DEBUG#3ea96a42-57a0-11f1-b455-eeee0a8493c0.OPERATION#flowable-async-job-executor-thread-5746#
[ProcessDescriptorStep] Resolving properties and parameters in merged descriptor...#
#2026 05 24 18:42:12.283#Z#DEBUG#3ea96a42-57a0-11f1-b455-eeee0a8493c0.OPERATION#flowable-async-job-executor-thread-5746#
[ProcessDescriptorStep] Subscriptions: [ ]#
#2026 05 24 18:42:12.292#Z#DEBUG#3ea96a42-57a0-11f1-b455-eeee0a8493c0.OPERATION#flowable-async-job-executor-thread-5746#
[ProcessDescriptorStep] MTA modules: [field-task-cap-srv, field-task-cap-db-deployer]#
#2026 05 24 18:42:12.296#Z#DEBUG#3ea96a42-57a0-11f1-b455-eeee0a8493c0.OPERATION#flowable-async-job-executor-thread-5746#
[ProcessDescriptorStep] Resolved deployment descriptor: {
  "majorSchemaVersion" : 3,
  "schemaVersion" : "3.3.0",
  "id" : "field-task-cap",
  "version" : "1.0.0",
  "modules" : [ {
    "majorSchemaVersion" : 3,
    "name" : "field-task-cap-srv",
    "type" : "javascript.nodejs",
    "path" : "field-task-cap-srv",
    "properties" : { },
    "parameters" : {
      "default-url" : "https://ca469c8atrial-dev-field-task-cap-srv.cfapps.us10-001.hana.ondemand.com",
      "default-app-name" : "field-task-cap-srv",
      "generated-password" : "********",
      "default-live-url" : "https://ca469c8atrial-dev-field-task-cap-srv.cfapps.us10-001.hana.ondemand.com",
      "default-uri" : "ca469c8atrial-dev-field-task-cap-srv.cfapps.us10-001.hana.ondemand.com",
      "default-instances" : 1,
      "default-live-host" : "ca469c8atrial-dev-field-task-cap-srv",
      "instances" : 1,
      "buildpack" : "nodejs_buildpack",
      "default-host" : "ca469c8atrial-dev-field-task-cap-srv",
      "app-name" : "field-task-cap-srv",
      "default-live-uri" : "ca469c8atrial-dev-field-task-cap-srv.cfapps.us10-001.hana.ondemand.com",
      "protocol" : "https",
      "default-live-app-name" : "field-task-cap-srv",
      "default-live-domain" : "cfapps.us10-001.hana.ondemand.com",
      "domain" : "cfapps.us10-001.hana.ondemand.com",
      "host" : "ca469c8atrial-dev-field-task-cap-srv",
      "generated-user" : "********"
    },
    "requiredDependencies" : [ {
      "majorSchemaVersion" : 3,
      "name" : "field-task-cap-db",
      "properties" : { },
      "parameters" : { },
      "propertiesMetadata" : {
        "metadata" : { }
      },
      "parametersMetadata" : {
        "metadata" : { }
      }
    } ],
    "providedDependencies" : [ {
      "majorSchemaVersion" : 3,
      "name" : "srv-api",
      "isPublic" : false,
      "properties" : {
        "srv-url" : "https://ca469c8atrial-dev-field-task-cap-srv.cfapps.us10-001.hana.ondemand.com"
      },
      "parameters" : { },
      "propertiesMetadata" : {
        "metadata" : { }
      },
      "parametersMetadata" : {
        "metadata" : { }
      }
    }, {
      "majorSchemaVersion" : 3,
      "name" : "field-task-cap-srv",
      "isPublic" : false,
      "properties" : { },
      "parameters" : { },
      "propertiesMetadata" : {
        "metadata" : { }
      },
      "parametersMetadata" : {
        "metadata" : { }
      }
    } ],
    "propertiesMetadata" : {
      "metadata" : { }
    },
    "parametersMetadata" : {
      "metadata" : { }
    },
    "hooks" : [ ]
  }, {
    "majorSchemaVersion" : 3,
    "name" : "field-task-cap-db-deployer",
    "type" : "com.sap.xs.hdi",
    "path" : "field-task-cap-db-deployer",
    "properties" : {
      "EXIT" : 1
    },
    "parameters" : {
      "default-url" : "https://ca469c8atrial-dev-field-task-cap-db-deployer.cfapps.us10-001.hana.ondemand.com",
      "default-app-name" : "field-task-cap-db-deployer",
      "generated-password" : "********",
      "default-live-url" : "https://ca469c8atrial-dev-field-task-cap-db-deployer.cfapps.us10-001.hana.ondemand.com",
      "default-uri" : "ca469c8atrial-dev-field-task-cap-db-deployer.cfapps.us10-001.hana.ondemand.com",
      "memory" : "256M",
      "default-instances" : 1,
      "no-route" : true,
      "default-live-host" : "ca469c8atrial-dev-field-task-cap-db-deployer",
      "instances" : 1,
      "buildpack" : "nodejs_buildpack",
      "default-host" : "ca469c8atrial-dev-field-task-cap-db-deployer",
      "app-name" : "field-task-cap-db-deployer",
      "default-live-uri" : "ca469c8atrial-dev-field-task-cap-db-deployer.cfapps.us10-001.hana.ondemand.com",
      "protocol" : "https",
      "default-live-app-name" : "field-task-cap-db-deployer",
      "default-live-domain" : "cfapps.us10-001.hana.ondemand.com",
      "dependency-type" : "hard",
      "domain" : "cfapps.us10-001.hana.ondemand.com",
      "host" : "ca469c8atrial-dev-field-task-cap-db-deployer",
      "generated-user" : "********",
      "tasks" : [ {
        "command" : "npm start",
        "memory" : "256M",
        "name" : "deploy"
      } ],
      "no-start" : true
    },
    "requiredDependencies" : [ {
      "majorSchemaVersion" : 3,
      "name" : "field-task-cap-db",
      "properties" : { },
      "parameters" : { },
      "propertiesMetadata" : {
        "metadata" : { }
      },
      "parametersMetadata" : {
        "metadata" : { }
      }
    } ],
    "providedDependencies" : [ {
      "majorSchemaVersion" : 3,
      "name" : "field-task-cap-db-deployer",
      "isPublic" : false,
      "properties" : { },
      "parameters" : { },
      "propertiesMetadata" : {
        "metadata" : { }
      },
      "parametersMetadata" : {
        "metadata" : { }
      }
    } ],
    "propertiesMetadata" : {
      "metadata" : { }
    },
    "parametersMetadata" : {
      "metadata" : { }
    },
    "hooks" : [ ]
  } ],
  "resources" : [ {
    "majorSchemaVersion" : 3,
    "name" : "field-task-cap-db",
    "type" : "com.sap.xs.hdi-container",
    "properties" : { },
    "parameters" : {
      "generated-password" : "********",
      "service-name" : "field-task-cap-db",
      "service-plan" : "hdi-shared",
      "service" : "hana",
      "generated-user" : "********",
      "default-xsappname" : "field-task-cap-db",
      "type" : "managed-service",
      "default-service-name" : "field-task-cap-db",
      "default-container-name" : "CA469C8ATRIAL_DEV_FIELD_TASK_CAP_DB"
    },
    "isActive" : true,
    "isOptional" : false,
    "propertiesMetadata" : {
      "metadata" : { }
    },
    "parametersMetadata" : {
      "metadata" : { }
    },
    "requiredDependencies" : [ ],
    "processedAfter" : [ ]
  } ],
  "parameters" : {
    "mta-id" : "field-task-cap",
    "authorization-url" : "********",
    "org-guid" : "a0cee0f7-f2bc-42d8-a02f-0c584ac68d52",
    "org" : "ca469c8atrial",
    "deploy-target" : "ca469c8atrial dev",
    "enable-parallel-deployments" : true,
    "region-primary-domain" : "us10.hana.ondemand.com",
    "space" : "dev",
    "region-domain" : "us10-001.hana.ondemand.com",
    "xs-api-url" : "https://api.cf.us10-001.hana.ondemand.com",
    "deploy-url" : "deploy-service.cfapps.us10-001.hana.ondemand.com",
    "xs-type" : "CF",
    "default-domain" : "cfapps.us10-001.hana.ondemand.com",
    "mta-version" : "1.0.0",
    "xs-auth-url" : "********",
    "space-guid" : "46e1c057-a44f-4d17-9493-f13823b5dffd",
    "user" : "********",
    "controller-url" : "https://api.cf.us10-001.hana.ondemand.com",
    "timestamp" : "20260524184158"
  },
  "parametersMetadata" : {
    "metadata" : { }
  }
}#
#2026 05 24 18:42:12.296#Z#DEBUG#3ea96a42-57a0-11f1-b455-eeee0a8493c0.OPERATION#flowable-async-job-executor-thread-5746#
[ProcessDescriptorStep] Merged descriptor properties and parameters resolved#
#2026 05 24 18:42:12.296#Z#DEBUG#3ea96a42-57a0-11f1-b455-eeee0a8493c0.OPERATION#flowable-async-job-executor-thread-5746#
Step "Re-Process Descriptor Step" finished#
#2026 05 24 18:42:12.341#Z#DEBUG#3ea96a42-57a0-11f1-b455-eeee0a8493c0.OPERATION#flowable-async-job-executor-thread-5747#
[BuildApplicationDeployModelStep] Executing task "buildApplicationDeployModelTask" of process "46f1040d-57a0-11f1-a69c-eeee0a90f024"...#
#2026 05 24 18:42:12.345#Z#DEBUG#3ea96a42-57a0-11f1-b455-eeee0a8493c0.OPERATION#flowable-async-job-executor-thread-5747#
[BuildApplicationDeployModelStep] Building cloud deployment model for application "field-task-cap-db-deployer"...#
#2026 05 24 18:42:12.431#Z#DEBUG#3ea96a42-57a0-11f1-b455-eeee0a8493c0.OPERATION#flowable-async-job-executor-thread-5747#
[BuildApplicationDeployModelStep] No health-check-type is specified. Setting default type: port#
#2026 05 24 18:42:12.431#Z#INFO#3ea96a42-57a0-11f1-b455-eeee0a8493c0.OPERATION#flowable-async-job-executor-thread-5747#
[BuildApplicationDeployModelStep] Building configuration entries for org ca469c8atrial, space dev, spaceId 46e1c057-a44f-4d17-9493-f13823b5dffd and namespace null!#
#2026 05 24 18:42:12.433#Z#DEBUG#3ea96a42-57a0-11f1-b455-eeee0a8493c0.OPERATION#flowable-async-job-executor-thread-5747#
[BuildApplicationDeployModelStep] Configuration entries to publish: [ ]#
#2026 05 24 18:42:12.433#Z#DEBUG#3ea96a42-57a0-11f1-b455-eeee0a8493c0.OPERATION#flowable-async-job-executor-thread-5747#
[BuildApplicationDeployModelStep] Cloud deployment model for application built#
#2026 05 24 18:42:12.433#Z#DEBUG#3ea96a42-57a0-11f1-b455-eeee0a8493c0.OPERATION#flowable-async-job-executor-thread-5747#
Step "Build Application Deploy Model" finished#
#2026 05 24 18:42:12.490#Z#DEBUG#3ea96a42-57a0-11f1-b455-eeee0a8493c0.OPERATION#flowable-async-job-executor-thread-5748#
[CreateOrUpdateAppStep] Executing task "createAppTask" of process "46f1040d-57a0-11f1-a69c-eeee0a90f024"...#
#2026 05 24 18:42:12.492#Z#DEBUG#3ea96a42-57a0-11f1-b455-eeee0a8493c0.OPERATION#flowable-async-job-executor-thread-5748#
[CreateOrUpdateAppStep] Getting application "field-task-cap-db-deployer"...#
#2026 05 24 18:42:12.546#Z#INFO#3ea96a42-57a0-11f1-b455-eeee0a8493c0.OPERATION#flowable-async-job-executor-thread-5748#
[CreateOrUpdateAppStep] Creating application "field-task-cap-db-deployer" from MTA module "field-task-cap-db-deployer"...#
#2026 05 24 18:42:12.556#Z#DEBUG#3ea96a42-57a0-11f1-b455-eeee0a8493c0.OPERATION#flowable-async-job-executor-thread-5748#
[CreateOrUpdateAppStep] Creating application "field-task-cap-db-deployer" with disk "null" memory "256", URIs "" and staging: "{
  "buildpacks" : [ "nodejs_buildpack" ],
  "healthCheckType" : "port",
  "appFeatures" : { }
}"#
#2026 05 24 18:42:12.821#Z#DEBUG#3ea96a42-57a0-11f1-b455-eeee0a8493c0.OPERATION#flowable-async-job-executor-thread-5748#
[CreateOrUpdateAppStep] Application "field-task-cap-db-deployer" created#
#2026 05 24 18:42:12.821#Z#DEBUG#3ea96a42-57a0-11f1-b455-eeee0a8493c0.OPERATION#flowable-async-job-executor-thread-5748#
Step "Create App" finished#
#2026 05 24 18:42:12.949#Z#DEBUG#3ea96a42-57a0-11f1-b455-eeee0a8493c0.OPERATION#flowable-async-job-executor-thread-5750#
[CheckServiceBindingOperationStep] Executing task "checkForServiceBindingOperationInProgress" of process "475e923b-57a0-11f1-a69c-eeee0a90f024"...#
#2026 05 24 18:42:12.950#Z#DEBUG#3ea96a42-57a0-11f1-b455-eeee0a8493c0.OPERATION#flowable-async-job-executor-thread-5750#
[CheckServiceBindingOperationStep] Checking for service binding operation in progress between app "field-task-cap-db-deployer" and service instance "field-task-cap-db"#
#2026 05 24 18:42:12.951#Z#DEBUG#3ea96a42-57a0-11f1-b455-eeee0a8493c0.OPERATION#flowable-async-job-executor-thread-5750#
[CheckServiceBindingOperationStep] Getting application guid "field-task-cap-db-deployer"...#
#2026 05 24 18:42:12.995#Z#DEBUG#3ea96a42-57a0-11f1-b455-eeee0a8493c0.OPERATION#flowable-async-job-executor-thread-5750#
[CheckServiceBindingOperationStep] Getting GUID of required service instance "field-task-cap-db"...#
#2026 05 24 18:42:13.028#Z#DEBUG#3ea96a42-57a0-11f1-b455-eeee0a8493c0.OPERATION#flowable-async-job-executor-thread-5750#
[CheckServiceBindingOperationStep] Getting binding of service instance "1d73b4c8-0b46-4c3f-8def-7b98d8df3eea" with application "840ecb38-ed1b-4303-b079-0ce6533f7037"...#
#2026 05 24 18:42:13.058#Z#DEBUG#3ea96a42-57a0-11f1-b455-eeee0a8493c0.OPERATION#flowable-async-job-executor-thread-5750#
Step "Check For Service Binding Operation In Progress" finished#
#2026 05 24 18:42:13.101#Z#DEBUG#3ea96a42-57a0-11f1-b455-eeee0a8493c0.OPERATION#flowable-async-job-executor-thread-5751#
[DetermineApplicationServiceBindingActionsStep] Executing task "determineApplicationServiceBindingActionsTask" of process "475e923b-57a0-11f1-a69c-eeee0a90f024"...#
#2026 05 24 18:42:13.103#Z#DEBUG#3ea96a42-57a0-11f1-b455-eeee0a8493c0.OPERATION#flowable-async-job-executor-thread-5751#
[DetermineApplicationServiceBindingActionsStep] Determine bind/unbind operations of application "field-task-cap-db-deployer" to service instance "field-task-cap-db"#
#2026 05 24 18:42:13.103#Z#DEBUG#3ea96a42-57a0-11f1-b455-eeee0a8493c0.OPERATION#flowable-async-job-executor-thread-5751#
[DetermineApplicationServiceBindingActionsStep] Getting application "field-task-cap-db-deployer"...#
#2026 05 24 18:42:13.151#Z#DEBUG#3ea96a42-57a0-11f1-b455-eeee0a8493c0.OPERATION#flowable-async-job-executor-thread-5751#
[DetermineApplicationServiceBindingActionsStep] Binding parameters for application "field-task-cap-db-deployer": { }#
#2026 05 24 18:42:13.174#Z#DEBUG#3ea96a42-57a0-11f1-b455-eeee0a8493c0.OPERATION#flowable-async-job-executor-thread-5751#
[DetermineApplicationServiceBindingActionsStep] Calculated binding operations between application "field-task-cap-db-deployer" and service instance "field-task-cap-db": unbind - false bind - true#
#2026 05 24 18:42:13.174#Z#DEBUG#3ea96a42-57a0-11f1-b455-eeee0a8493c0.OPERATION#flowable-async-job-executor-thread-5751#
Step "Determine Application Service Binding Actions" finished#
#2026 05 24 18:42:13.233#Z#DEBUG#3ea96a42-57a0-11f1-b455-eeee0a8493c0.OPERATION#flowable-async-job-executor-thread-5752#
[BindServiceToApplicationStep] Executing task "bindServiceToApplicationTask" of process "475e923b-57a0-11f1-a69c-eeee0a90f024"...#
#2026 05 24 18:42:13.236#Z#INFO#3ea96a42-57a0-11f1-b455-eeee0a8493c0.OPERATION#flowable-async-job-executor-thread-5752#
[BindServiceToApplicationStep] Binding service instance "field-task-cap-db" to application "field-task-cap-db-deployer"...#
#2026 05 24 18:42:13.247#Z#DEBUG#3ea96a42-57a0-11f1-b455-eeee0a8493c0.OPERATION#flowable-async-job-executor-thread-5752#
[BindServiceToApplicationStep] Binding service instance "field-task-cap-db" to application "field-task-cap-db-deployer" with parameters: { }#
#2026 05 24 18:42:13.368#Z#DEBUG#3ea96a42-57a0-11f1-b455-eeee0a8493c0.OPERATION#flowable-async-job-executor-thread-5752#
Step "Bind Service to Application" finished#
#2026 05 24 18:42:20.780#Z#DEBUG#3ea96a42-57a0-11f1-b455-eeee0a8493c0.OPERATION#flowable-async-job-executor-thread-13138#
[BindServiceToApplicationStep] Executing task "bindServiceToApplicationTask" of process "475e923b-57a0-11f1-a69c-eeee0a90f024"...#
#2026 05 24 18:42:20.781#Z#DEBUG#3ea96a42-57a0-11f1-b455-eeee0a8493c0.OPERATION#flowable-async-job-executor-thread-13138#
[BindServiceToApplicationStep] Getting async job "66535235-c7b9-4cce-9421-27a22024c072"#
#2026 05 24 18:42:20.792#Z#DEBUG#3ea96a42-57a0-11f1-b455-eeee0a8493c0.OPERATION#flowable-async-job-executor-thread-13140#
[BindServiceToApplicationStep] Executing task "bindServiceToApplicationTask" of process "46b9c6bd-57a0-11f1-b455-eeee0a8493c0"...#
#2026 05 24 18:42:20.794#Z#DEBUG#3ea96a42-57a0-11f1-b455-eeee0a8493c0.OPERATION#flowable-async-job-executor-thread-13140#
[BindServiceToApplicationStep] Getting async job "1a422692-6995-4ae4-a593-07afd1f4ec82"#
#2026 05 24 18:42:20.824#Z#DEBUG#3ea96a42-57a0-11f1-b455-eeee0a8493c0.OPERATION#flowable-async-job-executor-thread-13138#
[BindServiceToApplicationStep] Getting service instance "field-task-cap-db"...#
#2026 05 24 18:42:20.833#Z#DEBUG#3ea96a42-57a0-11f1-b455-eeee0a8493c0.OPERATION#flowable-async-job-executor-thread-13140#
[BindServiceToApplicationStep] Getting service instance "field-task-cap-db"...#
#2026 05 24 18:42:20.961#Z#DEBUG#3ea96a42-57a0-11f1-b455-eeee0a8493c0.OPERATION#flowable-async-job-executor-thread-13140#
[BindServiceToApplicationStep] Async service binding operation with id "1a422692-6995-4ae4-a593-07afd1f4ec82" finished#
#2026 05 24 18:42:20.962#Z#DEBUG#3ea96a42-57a0-11f1-b455-eeee0a8493c0.OPERATION#flowable-async-job-executor-thread-13140#
Step "Bind Service to Application" finished#
#2026 05 24 18:42:20.968#Z#DEBUG#3ea96a42-57a0-11f1-b455-eeee0a8493c0.OPERATION#flowable-async-job-executor-thread-13138#
[BindServiceToApplicationStep] Async service binding operation with id "66535235-c7b9-4cce-9421-27a22024c072" finished#
#2026 05 24 18:42:20.969#Z#DEBUG#3ea96a42-57a0-11f1-b455-eeee0a8493c0.OPERATION#flowable-async-job-executor-thread-13138#
Step "Bind Service to Application" finished#
#2026 05 24 18:42:21.063#Z#DEBUG#3ea96a42-57a0-11f1-b455-eeee0a8493c0.OPERATION#flowable-async-job-executor-thread-13142#
[DetermineVcapServicesPropertiesChangedStep] Executing task "determineVcapServicesPropertiesChangedTask" of process "4c36a769-57a0-11f1-b455-eeee0a8493c0"...#
#2026 05 24 18:42:21.065#Z#DEBUG#3ea96a42-57a0-11f1-b455-eeee0a8493c0.OPERATION#flowable-async-job-executor-thread-13142#
[DetermineVcapServicesPropertiesChangedStep] VCAP_SERVICES properties for application "field-task-cap-db-deployer" changed: true#
#2026 05 24 18:42:21.065#Z#DEBUG#3ea96a42-57a0-11f1-b455-eeee0a8493c0.OPERATION#flowable-async-job-executor-thread-13142#
Step "Determine vcap services properties changed" finished#
#2026 05 24 18:42:21.065#Z#DEBUG#3ea96a42-57a0-11f1-b455-eeee0a8493c0.OPERATION#flowable-async-job-executor-thread-13141#
[DetermineVcapServicesPropertiesChangedStep] Executing task "determineVcapServicesPropertiesChangedTask" of process "4c36ce7d-57a0-11f1-b455-eeee0a8493c0"...#
#2026 05 24 18:42:21.067#Z#DEBUG#3ea96a42-57a0-11f1-b455-eeee0a8493c0.OPERATION#flowable-async-job-executor-thread-13141#
[DetermineVcapServicesPropertiesChangedStep] VCAP_SERVICES properties for application "field-task-cap-srv" changed: true#
#2026 05 24 18:42:21.067#Z#DEBUG#3ea96a42-57a0-11f1-b455-eeee0a8493c0.OPERATION#flowable-async-job-executor-thread-13141#
Step "Determine vcap services properties changed" finished#
#2026 05 24 18:42:21.090#Z#DEBUG#3ea96a42-57a0-11f1-b455-eeee0a8493c0.OPERATION#flowable-async-job-executor-thread-13141#
[UploadAppStep] Executing task "uploadAppTask" of process "4c36ce7d-57a0-11f1-b455-eeee0a8493c0"...#
#2026 05 24 18:42:21.090#Z#DEBUG#3ea96a42-57a0-11f1-b455-eeee0a8493c0.OPERATION#flowable-async-job-executor-thread-13141#
[UploadAppStep] Application upload timeout is default one: 3,600 seconds#
#2026 05 24 18:42:21.091#Z#INFO#3ea96a42-57a0-11f1-b455-eeee0a8493c0.OPERATION#flowable-async-job-executor-thread-13141#
[UploadAppStep] Uploading application "field-task-cap-srv"...#
#2026 05 24 18:42:21.093#Z#DEBUG#3ea96a42-57a0-11f1-b455-eeee0a8493c0.OPERATION#flowable-async-job-executor-thread-13142#
[UploadAppStep] Executing task "uploadAppTask" of process "4c36a769-57a0-11f1-b455-eeee0a8493c0"...#
#2026 05 24 18:42:21.093#Z#DEBUG#3ea96a42-57a0-11f1-b455-eeee0a8493c0.OPERATION#flowable-async-job-executor-thread-13142#
[UploadAppStep] Application upload timeout is default one: 3,600 seconds#
#2026 05 24 18:42:21.094#Z#INFO#3ea96a42-57a0-11f1-b455-eeee0a8493c0.OPERATION#flowable-async-job-executor-thread-13142#
[UploadAppStep] Uploading application "field-task-cap-db-deployer"...#
#2026 05 24 18:42:21.095#Z#DEBUG#3ea96a42-57a0-11f1-b455-eeee0a8493c0.OPERATION#flowable-async-job-executor-thread-13141#
[UploadAppStep] Getting application "field-task-cap-srv"...#
#2026 05 24 18:42:21.099#Z#DEBUG#3ea96a42-57a0-11f1-b455-eeee0a8493c0.OPERATION#flowable-async-job-executor-thread-13142#
[UploadAppStep] Getting application "field-task-cap-db-deployer"...#
#2026 05 24 18:42:21.141#Z#DEBUG#3ea96a42-57a0-11f1-b455-eeee0a8493c0.OPERATION#flowable-async-job-executor-thread-13142#
[UploadAppStep] Getting environment of application "840ecb38-ed1b-4303-b079-0ce6533f7037"...#
#2026 05 24 18:42:21.143#Z#DEBUG#3ea96a42-57a0-11f1-b455-eeee0a8493c0.OPERATION#flowable-async-job-executor-thread-13141#
[UploadAppStep] Getting environment of application "13d670fa-b3d9-45a2-a5fe-b1c4b2817661"...#
#2026 05 24 18:42:21.179#Z#INFO#3ea96a42-57a0-11f1-b455-eeee0a8493c0.OPERATION#flowable-async-job-executor-thread-13142#
[UploadAppStep] Calculating application digest: "field-task-cap-db-deployer"#
#2026 05 24 18:42:21.179#Z#INFO#3ea96a42-57a0-11f1-b455-eeee0a8493c0.OPERATION#flowable-async-job-executor-thread-13141#
[UploadAppStep] Calculating application digest: "field-task-cap-srv"#
#2026 05 24 18:42:21.281#Z#DEBUG#3ea96a42-57a0-11f1-b455-eeee0a8493c0.OPERATION#flowable-async-job-executor-thread-13142#
Step "Upload App" finished#
#2026 05 24 18:42:21.300#Z#DEBUG#3ea96a42-57a0-11f1-b455-eeee0a8493c0.OPERATION#flowable-async-job-executor-thread-13141#
Step "Upload App" finished#
#2026 05 24 18:42:30.799#Z#DEBUG#3ea96a42-57a0-11f1-b455-eeee0a8493c0.OPERATION#flowable-async-job-executor-thread-13147#
[UploadAppStep] Executing task "uploadAppTask" of process "4c36a769-57a0-11f1-b455-eeee0a8493c0"...#
#2026 05 24 18:42:30.799#Z#DEBUG#3ea96a42-57a0-11f1-b455-eeee0a8493c0.OPERATION#flowable-async-job-executor-thread-13147#
[UploadAppStep] Application upload timeout is default one: 3,600 seconds#
#2026 05 24 18:42:30.801#Z#DEBUG#3ea96a42-57a0-11f1-b455-eeee0a8493c0.OPERATION#pool-21-thread-4#
[UploadAppStep] Upload of application: field-task-cap-db-deployer started on instance: 2#
#2026 05 24 18:42:30.801#Z#DEBUG#3ea96a42-57a0-11f1-b455-eeee0a8493c0.OPERATION#pool-21-thread-4#
[UploadAppStep] Uploading file "field-task-cap-db-deployer/data.zip" for application "field-task-cap-db-deployer"#
#2026 05 24 18:42:30.806#Z#DEBUG#3ea96a42-57a0-11f1-b455-eeee0a8493c0.OPERATION#flowable-async-job-executor-thread-13148#
[UploadAppStep] Executing task "uploadAppTask" of process "4c36ce7d-57a0-11f1-b455-eeee0a8493c0"...#
#2026 05 24 18:42:30.806#Z#DEBUG#3ea96a42-57a0-11f1-b455-eeee0a8493c0.OPERATION#flowable-async-job-executor-thread-13148#
[UploadAppStep] Application upload timeout is default one: 3,600 seconds#
#2026 05 24 18:42:30.808#Z#DEBUG#3ea96a42-57a0-11f1-b455-eeee0a8493c0.OPERATION#pool-21-thread-5#
[UploadAppStep] Upload of application: field-task-cap-srv started on instance: 2#
#2026 05 24 18:42:30.808#Z#DEBUG#3ea96a42-57a0-11f1-b455-eeee0a8493c0.OPERATION#pool-21-thread-5#
[UploadAppStep] Uploading file "field-task-cap-srv/data.zip" for application "field-task-cap-srv"#
#2026 05 24 18:42:30.856#Z#INFO#3ea96a42-57a0-11f1-b455-eeee0a8493c0.OPERATION#pool-21-thread-4#
[UploadAppStep] Time elapsed for app binary download: 54 in millis#
#2026 05 24 18:42:30.856#Z#INFO#3ea96a42-57a0-11f1-b455-eeee0a8493c0.OPERATION#pool-21-thread-4#
[UploadAppStep] Size of app field-task-cap-db-deployer is 2,420,036 bytes#
#2026 05 24 18:42:30.856#Z#DEBUG#3ea96a42-57a0-11f1-b455-eeee0a8493c0.OPERATION#pool-21-thread-4#
[UploadAppStep] Asynchronously uploading binaries for application "field-task-cap-db-deployer"...#
#2026 05 24 18:42:30.901#Z#INFO#3ea96a42-57a0-11f1-b455-eeee0a8493c0.OPERATION#pool-21-thread-5#
[UploadAppStep] Time elapsed for app binary download: 92 in millis#
#2026 05 24 18:42:30.901#Z#INFO#3ea96a42-57a0-11f1-b455-eeee0a8493c0.OPERATION#pool-21-thread-5#
[UploadAppStep] Size of app field-task-cap-srv is 3,585,234 bytes#
#2026 05 24 18:42:30.901#Z#DEBUG#3ea96a42-57a0-11f1-b455-eeee0a8493c0.OPERATION#pool-21-thread-5#
[UploadAppStep] Asynchronously uploading binaries for application "field-task-cap-srv"...#
#2026 05 24 18:42:31.088#Z#INFO#3ea96a42-57a0-11f1-b455-eeee0a8493c0.OPERATION#pool-21-thread-4#
[UploadAppStep] Started async upload of application "field-task-cap-db-deployer"#
#2026 05 24 18:42:31.093#Z#INFO#3ea96a42-57a0-11f1-b455-eeee0a8493c0.OPERATION#flowable-async-job-executor-thread-13147#
[UploadAppStep] Time elapsed for upload: 293 in millis#
#2026 05 24 18:42:31.093#Z#DEBUG#3ea96a42-57a0-11f1-b455-eeee0a8493c0.OPERATION#flowable-async-job-executor-thread-13147#
[UploadAppStep] Getting application "field-task-cap-db-deployer"...#
#2026 05 24 18:42:31.110#Z#DEBUG#3ea96a42-57a0-11f1-b455-eeee0a8493c0.OPERATION#App upload monitor: 758b4bf5-5ee1-4b0b-bc65-47fac6214581#
[UploadAppStep] Upload status: PROCESSING_UPLOAD#
#2026 05 24 18:42:31.122#Z#INFO#3ea96a42-57a0-11f1-b455-eeee0a8493c0.OPERATION#pool-21-thread-5#
[UploadAppStep] Started async upload of application "field-task-cap-srv"#
#2026 05 24 18:42:31.126#Z#INFO#3ea96a42-57a0-11f1-b455-eeee0a8493c0.OPERATION#flowable-async-job-executor-thread-13148#
[UploadAppStep] Time elapsed for upload: 319 in millis#
#2026 05 24 18:42:31.126#Z#DEBUG#3ea96a42-57a0-11f1-b455-eeee0a8493c0.OPERATION#flowable-async-job-executor-thread-13148#
[UploadAppStep] Getting application "field-task-cap-srv"...#
#2026 05 24 18:42:31.136#Z#DEBUG#3ea96a42-57a0-11f1-b455-eeee0a8493c0.OPERATION#flowable-async-job-executor-thread-13147#
[UploadAppStep] Getting environment of application "840ecb38-ed1b-4303-b079-0ce6533f7037"...#
#2026 05 24 18:42:31.152#Z#DEBUG#3ea96a42-57a0-11f1-b455-eeee0a8493c0.OPERATION#App upload monitor: 162f3f0e-a7c9-49e0-96ac-d0ebcc11627e#
[UploadAppStep] Upload status: PROCESSING_UPLOAD#
#2026 05 24 18:42:31.168#Z#DEBUG#3ea96a42-57a0-11f1-b455-eeee0a8493c0.OPERATION#flowable-async-job-executor-thread-13148#
[UploadAppStep] Getting environment of application "13d670fa-b3d9-45a2-a5fe-b1c4b2817661"...#
#2026 05 24 18:42:31.169#Z#DEBUG#3ea96a42-57a0-11f1-b455-eeee0a8493c0.OPERATION#flowable-async-job-executor-thread-13147#
[UploadAppStep] Updating environment of application "field-task-cap-db-deployer"#
#2026 05 24 18:42:31.212#Z#DEBUG#3ea96a42-57a0-11f1-b455-eeee0a8493c0.OPERATION#flowable-async-job-executor-thread-13148#
[UploadAppStep] Updating environment of application "field-task-cap-srv"#
#2026 05 24 18:42:31.263#Z#DEBUG#3ea96a42-57a0-11f1-b455-eeee0a8493c0.OPERATION#flowable-async-job-executor-thread-13147#
Step "Upload App" finished#
#2026 05 24 18:42:31.322#Z#DEBUG#3ea96a42-57a0-11f1-b455-eeee0a8493c0.OPERATION#flowable-async-job-executor-thread-13148#
Step "Upload App" finished#
#2026 05 24 18:42:36.157#Z#DEBUG#3ea96a42-57a0-11f1-b455-eeee0a8493c0.OPERATION#App upload monitor: 758b4bf5-5ee1-4b0b-bc65-47fac6214581#
[UploadAppStep] Upload status: READY#
#2026 05 24 18:42:36.180#Z#DEBUG#3ea96a42-57a0-11f1-b455-eeee0a8493c0.OPERATION#App upload monitor: 162f3f0e-a7c9-49e0-96ac-d0ebcc11627e#
[UploadAppStep] Upload status: PROCESSING_UPLOAD#
#2026 05 24 18:42:40.819#Z#DEBUG#3ea96a42-57a0-11f1-b455-eeee0a8493c0.OPERATION#flowable-async-job-executor-thread-13153#
[UploadAppStep] Executing task "uploadAppTask" of process "4c36a769-57a0-11f1-b455-eeee0a8493c0"...#
#2026 05 24 18:42:40.820#Z#DEBUG#3ea96a42-57a0-11f1-b455-eeee0a8493c0.OPERATION#flowable-async-job-executor-thread-13153#
[UploadAppStep] Application upload timeout is default one: 3,600 seconds#
#2026 05 24 18:42:40.820#Z#DEBUG#3ea96a42-57a0-11f1-b455-eeee0a8493c0.OPERATION#flowable-async-job-executor-thread-13153#
[UploadAppStep] Checking upload status of application "field-task-cap-db-deployer"...#
#2026 05 24 18:42:40.821#Z#DEBUG#3ea96a42-57a0-11f1-b455-eeee0a8493c0.OPERATION#flowable-async-job-executor-thread-13153#
[UploadAppStep] Getting package "758b4bf5-5ee1-4b0b-bc65-47fac6214581"...#
#2026 05 24 18:42:40.826#Z#DEBUG#3ea96a42-57a0-11f1-b455-eeee0a8493c0.OPERATION#flowable-async-job-executor-thread-13154#
[UploadAppStep] Executing task "uploadAppTask" of process "4c36ce7d-57a0-11f1-b455-eeee0a8493c0"...#
#2026 05 24 18:42:40.827#Z#DEBUG#3ea96a42-57a0-11f1-b455-eeee0a8493c0.OPERATION#flowable-async-job-executor-thread-13154#
[UploadAppStep] Application upload timeout is default one: 3,600 seconds#
#2026 05 24 18:42:40.827#Z#DEBUG#3ea96a42-57a0-11f1-b455-eeee0a8493c0.OPERATION#flowable-async-job-executor-thread-13154#
[UploadAppStep] Checking upload status of application "field-task-cap-srv"...#
#2026 05 24 18:42:40.827#Z#DEBUG#3ea96a42-57a0-11f1-b455-eeee0a8493c0.OPERATION#flowable-async-job-executor-thread-13154#
[UploadAppStep] Getting package "162f3f0e-a7c9-49e0-96ac-d0ebcc11627e"...#
#2026 05 24 18:42:40.848#Z#DEBUG#3ea96a42-57a0-11f1-b455-eeee0a8493c0.OPERATION#flowable-async-job-executor-thread-13153#
[UploadAppStep] Application "field-task-cap-db-deployer" uploaded#
#2026 05 24 18:42:40.849#Z#DEBUG#3ea96a42-57a0-11f1-b455-eeee0a8493c0.OPERATION#flowable-async-job-executor-thread-13153#
Step "Upload App" finished#
#2026 05 24 18:42:40.867#Z#DEBUG#3ea96a42-57a0-11f1-b455-eeee0a8493c0.OPERATION#flowable-async-job-executor-thread-13154#
[UploadAppStep] Application "field-task-cap-srv" uploaded#
#2026 05 24 18:42:40.868#Z#DEBUG#3ea96a42-57a0-11f1-b455-eeee0a8493c0.OPERATION#flowable-async-job-executor-thread-13154#
Step "Upload App" finished#
#2026 05 24 18:42:40.880#Z#DEBUG#3ea96a42-57a0-11f1-b455-eeee0a8493c0.OPERATION#flowable-async-job-executor-thread-13155#
[ScaleAppStep] Executing task "scaleAppTask" of process "4c36a769-57a0-11f1-b455-eeee0a8493c0"...#
#2026 05 24 18:42:40.881#Z#DEBUG#3ea96a42-57a0-11f1-b455-eeee0a8493c0.OPERATION#flowable-async-job-executor-thread-13155#
[ScaleAppStep] Scaling application "field-task-cap-db-deployer"...#
#2026 05 24 18:42:40.881#Z#DEBUG#3ea96a42-57a0-11f1-b455-eeee0a8493c0.OPERATION#flowable-async-job-executor-thread-13155#
[ScaleAppStep] Application "field-task-cap-db-deployer" scaled#
#2026 05 24 18:42:40.881#Z#DEBUG#3ea96a42-57a0-11f1-b455-eeee0a8493c0.OPERATION#flowable-async-job-executor-thread-13155#
Step "Scale App" finished#
#2026 05 24 18:42:40.898#Z#DEBUG#3ea96a42-57a0-11f1-b455-eeee0a8493c0.OPERATION#flowable-async-job-executor-thread-13156#
[ScaleAppStep] Executing task "scaleAppTask" of process "4c36ce7d-57a0-11f1-b455-eeee0a8493c0"...#
#2026 05 24 18:42:40.900#Z#DEBUG#3ea96a42-57a0-11f1-b455-eeee0a8493c0.OPERATION#flowable-async-job-executor-thread-13156#
[ScaleAppStep] Scaling application "field-task-cap-srv"...#
#2026 05 24 18:42:40.900#Z#DEBUG#3ea96a42-57a0-11f1-b455-eeee0a8493c0.OPERATION#flowable-async-job-executor-thread-13156#
[ScaleAppStep] Application "field-task-cap-srv" scaled#
#2026 05 24 18:42:40.900#Z#DEBUG#3ea96a42-57a0-11f1-b455-eeee0a8493c0.OPERATION#flowable-async-job-executor-thread-13156#
Step "Scale App" finished#
#2026 05 24 18:42:40.903#Z#DEBUG#3ea96a42-57a0-11f1-b455-eeee0a8493c0.OPERATION#flowable-async-job-executor-thread-13155#
[DetermineDesiredStateAchievingActionsStep] Executing task "determineDesiredStateAchievingActionsTask" of process "4c36a769-57a0-11f1-b455-eeee0a8493c0"...#
#2026 05 24 18:42:40.905#Z#DEBUG#3ea96a42-57a0-11f1-b455-eeee0a8493c0.OPERATION#flowable-async-job-executor-thread-13155#
[DetermineDesiredStateAchievingActionsStep] Getting application "field-task-cap-db-deployer"...#
#2026 05 24 18:42:40.922#Z#DEBUG#3ea96a42-57a0-11f1-b455-eeee0a8493c0.OPERATION#flowable-async-job-executor-thread-13156#
[DetermineDesiredStateAchievingActionsStep] Executing task "determineDesiredStateAchievingActionsTask" of process "4c36ce7d-57a0-11f1-b455-eeee0a8493c0"...#
#2026 05 24 18:42:40.923#Z#DEBUG#3ea96a42-57a0-11f1-b455-eeee0a8493c0.OPERATION#flowable-async-job-executor-thread-13156#
[DetermineDesiredStateAchievingActionsStep] Getting application "field-task-cap-srv"...#
#2026 05 24 18:42:40.946#Z#DEBUG#3ea96a42-57a0-11f1-b455-eeee0a8493c0.OPERATION#flowable-async-job-executor-thread-13155#
[DetermineDesiredStateAchievingActionsStep] Getting instances for application "field-task-cap-db-deployer"...#
#2026 05 24 18:42:40.946#Z#DEBUG#3ea96a42-57a0-11f1-b455-eeee0a8493c0.OPERATION#flowable-async-job-executor-thread-13155#
[DetermineDesiredStateAchievingActionsStep] Getting environment of application "840ecb38-ed1b-4303-b079-0ce6533f7037"...#
#2026 05 24 18:42:40.959#Z#DEBUG#3ea96a42-57a0-11f1-b455-eeee0a8493c0.OPERATION#flowable-async-job-executor-thread-13156#
[DetermineDesiredStateAchievingActionsStep] Getting instances for application "field-task-cap-srv"...#
#2026 05 24 18:42:40.959#Z#DEBUG#3ea96a42-57a0-11f1-b455-eeee0a8493c0.OPERATION#flowable-async-job-executor-thread-13156#
[DetermineDesiredStateAchievingActionsStep] Getting environment of application "13d670fa-b3d9-45a2-a5fe-b1c4b2817661"...#
#2026 05 24 18:42:40.981#Z#DEBUG#3ea96a42-57a0-11f1-b455-eeee0a8493c0.OPERATION#flowable-async-job-executor-thread-13155#
[DetermineDesiredStateAchievingActionsStep] Current state of application field-task-cap-db-deployer: STOPPED#
#2026 05 24 18:42:40.981#Z#DEBUG#3ea96a42-57a0-11f1-b455-eeee0a8493c0.OPERATION#flowable-async-job-executor-thread-13155#
[DetermineDesiredStateAchievingActionsStep] Desired state of application field-task-cap-db-deployer: STOPPED#
#2026 05 24 18:42:40.981#Z#DEBUG#3ea96a42-57a0-11f1-b455-eeee0a8493c0.OPERATION#flowable-async-job-executor-thread-13155#
[DetermineDesiredStateAchievingActionsStep] Actions that should be executed on application field-task-cap-db-deployer: [STAGE]#
#2026 05 24 18:42:40.981#Z#DEBUG#3ea96a42-57a0-11f1-b455-eeee0a8493c0.OPERATION#flowable-async-job-executor-thread-13155#
Step "Determine Desired State Achieving Actions" finished#
#2026 05 24 18:42:40.996#Z#DEBUG#3ea96a42-57a0-11f1-b455-eeee0a8493c0.OPERATION#flowable-async-job-executor-thread-13156#
[DetermineDesiredStateAchievingActionsStep] Current state of application field-task-cap-srv: STOPPED#
#2026 05 24 18:42:40.996#Z#DEBUG#3ea96a42-57a0-11f1-b455-eeee0a8493c0.OPERATION#flowable-async-job-executor-thread-13156#
[DetermineDesiredStateAchievingActionsStep] Desired state of application field-task-cap-srv: STARTED#
#2026 05 24 18:42:40.997#Z#DEBUG#3ea96a42-57a0-11f1-b455-eeee0a8493c0.OPERATION#flowable-async-job-executor-thread-13156#
[DetermineDesiredStateAchievingActionsStep] Actions that should be executed on application field-task-cap-srv: [STAGE, START]#
#2026 05 24 18:42:40.997#Z#DEBUG#3ea96a42-57a0-11f1-b455-eeee0a8493c0.OPERATION#flowable-async-job-executor-thread-13156#
Step "Determine Desired State Achieving Actions" finished#
#2026 05 24 18:42:41.211#Z#DEBUG#3ea96a42-57a0-11f1-b455-eeee0a8493c0.OPERATION#App upload monitor: 162f3f0e-a7c9-49e0-96ac-d0ebcc11627e#
[UploadAppStep] Upload status: READY#
#2026 05 24 18:42:41.009#Z#DEBUG#3ea96a42-57a0-11f1-b455-eeee0a8493c0.OPERATION#flowable-async-job-executor-thread-13155#
[StageAppStep] Executing task "stageAppTask" of process "4c36a769-57a0-11f1-b455-eeee0a8493c0"...#
#2026 05 24 18:42:41.010#Z#DEBUG#3ea96a42-57a0-11f1-b455-eeee0a8493c0.OPERATION#flowable-async-job-executor-thread-13155#
[StageAppStep] Application stage timeout is default one: 3,600 seconds#
#2026 05 24 18:42:41.011#Z#INFO#3ea96a42-57a0-11f1-b455-eeee0a8493c0.OPERATION#flowable-async-job-executor-thread-13155#
[StageAppStep] Staging application "field-task-cap-db-deployer"...#
#2026 05 24 18:42:41.015#Z#DEBUG#3ea96a42-57a0-11f1-b455-eeee0a8493c0.OPERATION#flowable-async-job-executor-thread-13155#
[StageAppStep] Creating build for package "758b4bf5-5ee1-4b0b-bc65-47fac6214581"...#
#2026 05 24 18:42:41.025#Z#DEBUG#3ea96a42-57a0-11f1-b455-eeee0a8493c0.OPERATION#flowable-async-job-executor-thread-13156#
[StageAppStep] Executing task "stageAppTask" of process "4c36ce7d-57a0-11f1-b455-eeee0a8493c0"...#
#2026 05 24 18:42:41.025#Z#DEBUG#3ea96a42-57a0-11f1-b455-eeee0a8493c0.OPERATION#flowable-async-job-executor-thread-13156#
[StageAppStep] Application stage timeout is default one: 3,600 seconds#
#2026 05 24 18:42:41.027#Z#INFO#3ea96a42-57a0-11f1-b455-eeee0a8493c0.OPERATION#flowable-async-job-executor-thread-13156#
[StageAppStep] Staging application "field-task-cap-srv"...#
#2026 05 24 18:42:41.031#Z#DEBUG#3ea96a42-57a0-11f1-b455-eeee0a8493c0.OPERATION#flowable-async-job-executor-thread-13156#
[StageAppStep] Creating build for package "162f3f0e-a7c9-49e0-96ac-d0ebcc11627e"...#
#2026 05 24 18:42:41.387#Z#DEBUG#3ea96a42-57a0-11f1-b455-eeee0a8493c0.OPERATION#flowable-async-job-executor-thread-13155#
Step "Stage App" finished#
#2026 05 24 18:42:41.560#Z#DEBUG#3ea96a42-57a0-11f1-b455-eeee0a8493c0.OPERATION#flowable-async-job-executor-thread-13156#
Step "Stage App" finished#
#2026 05 24 18:42:50.850#Z#DEBUG#3ea96a42-57a0-11f1-b455-eeee0a8493c0.OPERATION#flowable-async-job-executor-thread-13161#
[StageAppStep] Executing task "stageAppTask" of process "4c36ce7d-57a0-11f1-b455-eeee0a8493c0"...#
#2026 05 24 18:42:50.850#Z#DEBUG#3ea96a42-57a0-11f1-b455-eeee0a8493c0.OPERATION#flowable-async-job-executor-thread-13161#
[StageAppStep] Application stage timeout is default one: 3,600 seconds#
#2026 05 24 18:42:50.851#Z#DEBUG#3ea96a42-57a0-11f1-b455-eeee0a8493c0.OPERATION#flowable-async-job-executor-thread-13161#
[StageAppStep] Checking status of application "field-task-cap-srv"...#
#2026 05 24 18:42:50.851#Z#DEBUG#3ea96a42-57a0-11f1-b455-eeee0a8493c0.OPERATION#flowable-async-job-executor-thread-13161#
[StageAppStep] Getting build "76f2cb57-aa60-42f0-b398-286d9b956af9"...#
#2026 05 24 18:42:50.851#Z#DEBUG#3ea96a42-57a0-11f1-b455-eeee0a8493c0.OPERATION#flowable-async-job-executor-thread-13162#
[StageAppStep] Executing task "stageAppTask" of process "4c36a769-57a0-11f1-b455-eeee0a8493c0"...#
#2026 05 24 18:42:50.852#Z#DEBUG#3ea96a42-57a0-11f1-b455-eeee0a8493c0.OPERATION#flowable-async-job-executor-thread-13162#
[StageAppStep] Application stage timeout is default one: 3,600 seconds#
#2026 05 24 18:42:50.853#Z#DEBUG#3ea96a42-57a0-11f1-b455-eeee0a8493c0.OPERATION#flowable-async-job-executor-thread-13162#
[StageAppStep] Checking status of application "field-task-cap-db-deployer"...#
#2026 05 24 18:42:50.853#Z#DEBUG#3ea96a42-57a0-11f1-b455-eeee0a8493c0.OPERATION#flowable-async-job-executor-thread-13162#
[StageAppStep] Getting build "1b0ef58a-56ae-469e-acc9-cd3b880c08d1"...#
#2026 05 24 18:42:50.882#Z#DEBUG#3ea96a42-57a0-11f1-b455-eeee0a8493c0.OPERATION#flowable-async-job-executor-thread-13161#
[StageAppStep] Staging status of application "field-task-cap-srv": PENDING#
#2026 05 24 18:42:50.885#Z#DEBUG#3ea96a42-57a0-11f1-b455-eeee0a8493c0.OPERATION#flowable-async-job-executor-thread-13161#
[StageAppStep] Getting application guid "field-task-cap-srv"...#
#2026 05 24 18:42:50.885#Z#DEBUG#3ea96a42-57a0-11f1-b455-eeee0a8493c0.OPERATION#flowable-async-job-executor-thread-13162#
[StageAppStep] Staging status of application "field-task-cap-db-deployer": PENDING#
#2026 05 24 18:42:50.890#Z#DEBUG#3ea96a42-57a0-11f1-b455-eeee0a8493c0.OPERATION#flowable-async-job-executor-thread-13162#
[StageAppStep] Getting application guid "field-task-cap-db-deployer"...#
#2026 05 24 18:42:50.983#Z#DEBUG#3ea96a42-57a0-11f1-b455-eeee0a8493c0.OPERATION#flowable-async-job-executor-thread-13161#
Step "Stage App" finished#
#2026 05 24 18:42:50.984#Z#DEBUG#3ea96a42-57a0-11f1-b455-eeee0a8493c0.OPERATION#flowable-async-job-executor-thread-13162#
Step "Stage App" finished#
#2026 05 24 18:43:00.854#Z#DEBUG#3ea96a42-57a0-11f1-b455-eeee0a8493c0.OPERATION#flowable-async-job-executor-thread-13166#
[StageAppStep] Executing task "stageAppTask" of process "4c36ce7d-57a0-11f1-b455-eeee0a8493c0"...#
#2026 05 24 18:43:00.855#Z#DEBUG#3ea96a42-57a0-11f1-b455-eeee0a8493c0.OPERATION#flowable-async-job-executor-thread-13166#
[StageAppStep] Application stage timeout is default one: 3,600 seconds#
#2026 05 24 18:43:00.856#Z#DEBUG#3ea96a42-57a0-11f1-b455-eeee0a8493c0.OPERATION#flowable-async-job-executor-thread-13166#
[StageAppStep] Checking status of application "field-task-cap-srv"...#
#2026 05 24 18:43:00.856#Z#DEBUG#3ea96a42-57a0-11f1-b455-eeee0a8493c0.OPERATION#flowable-async-job-executor-thread-13166#
[StageAppStep] Getting build "76f2cb57-aa60-42f0-b398-286d9b956af9"...#
#2026 05 24 18:43:00.863#Z#DEBUG#3ea96a42-57a0-11f1-b455-eeee0a8493c0.OPERATION#flowable-async-job-executor-thread-13168#
[StageAppStep] Executing task "stageAppTask" of process "4c36a769-57a0-11f1-b455-eeee0a8493c0"...#
#2026 05 24 18:43:00.864#Z#DEBUG#3ea96a42-57a0-11f1-b455-eeee0a8493c0.OPERATION#flowable-async-job-executor-thread-13168#
[StageAppStep] Application stage timeout is default one: 3,600 seconds#
#2026 05 24 18:43:00.864#Z#DEBUG#3ea96a42-57a0-11f1-b455-eeee0a8493c0.OPERATION#flowable-async-job-executor-thread-13168#
[StageAppStep] Checking status of application "field-task-cap-db-deployer"...#
#2026 05 24 18:43:00.864#Z#DEBUG#3ea96a42-57a0-11f1-b455-eeee0a8493c0.OPERATION#flowable-async-job-executor-thread-13168#
[StageAppStep] Getting build "1b0ef58a-56ae-469e-acc9-cd3b880c08d1"...#
#2026 05 24 18:43:00.889#Z#DEBUG#3ea96a42-57a0-11f1-b455-eeee0a8493c0.OPERATION#flowable-async-job-executor-thread-13166#
[StageAppStep] Staging status of application "field-task-cap-srv": PENDING#
#2026 05 24 18:43:00.891#Z#DEBUG#3ea96a42-57a0-11f1-b455-eeee0a8493c0.OPERATION#flowable-async-job-executor-thread-13166#
[StageAppStep] Getting application guid "field-task-cap-srv"...#
#2026 05 24 18:43:00.910#Z#DEBUG#3ea96a42-57a0-11f1-b455-eeee0a8493c0.OPERATION#flowable-async-job-executor-thread-13168#
[StageAppStep] Staging status of application "field-task-cap-db-deployer": PENDING#
#2026 05 24 18:43:00.912#Z#DEBUG#3ea96a42-57a0-11f1-b455-eeee0a8493c0.OPERATION#flowable-async-job-executor-thread-13168#
[StageAppStep] Getting application guid "field-task-cap-db-deployer"...#
#2026 05 24 18:43:01.000#Z#DEBUG#3ea96a42-57a0-11f1-b455-eeee0a8493c0.OPERATION#flowable-async-job-executor-thread-13166#
Step "Stage App" finished#
#2026 05 24 18:43:01.002#Z#DEBUG#3ea96a42-57a0-11f1-b455-eeee0a8493c0.OPERATION#flowable-async-job-executor-thread-13168#
Step "Stage App" finished#
#2026 05 24 18:43:10.902#Z#DEBUG#3ea96a42-57a0-11f1-b455-eeee0a8493c0.OPERATION#flowable-async-job-executor-thread-4951#
[StageAppStep] Executing task "stageAppTask" of process "4c36a769-57a0-11f1-b455-eeee0a8493c0"...#
#2026 05 24 18:43:10.904#Z#DEBUG#3ea96a42-57a0-11f1-b455-eeee0a8493c0.OPERATION#flowable-async-job-executor-thread-4951#
[StageAppStep] Application stage timeout is default one: 3,600 seconds#
#2026 05 24 18:43:10.905#Z#DEBUG#3ea96a42-57a0-11f1-b455-eeee0a8493c0.OPERATION#flowable-async-job-executor-thread-4951#
[StageAppStep] Checking status of application "field-task-cap-db-deployer"...#
#2026 05 24 18:43:10.905#Z#DEBUG#3ea96a42-57a0-11f1-b455-eeee0a8493c0.OPERATION#flowable-async-job-executor-thread-4951#
[StageAppStep] Getting build "1b0ef58a-56ae-469e-acc9-cd3b880c08d1"...#
#2026 05 24 18:43:10.939#Z#DEBUG#3ea96a42-57a0-11f1-b455-eeee0a8493c0.OPERATION#flowable-async-job-executor-thread-4951#
[StageAppStep] Staging status of application "field-task-cap-db-deployer": STAGED#
#2026 05 24 18:43:10.942#Z#DEBUG#3ea96a42-57a0-11f1-b455-eeee0a8493c0.OPERATION#flowable-async-job-executor-thread-4951#
[StageAppStep] Getting application guid "field-task-cap-db-deployer"...#
#2026 05 24 18:43:11.020#Z#DEBUG#3ea96a42-57a0-11f1-b455-eeee0a8493c0.OPERATION#flowable-async-job-executor-thread-4951#
[StageAppStep] Getting build "1b0ef58a-56ae-469e-acc9-cd3b880c08d1"...#
#2026 05 24 18:43:11.058#Z#DEBUG#3ea96a42-57a0-11f1-b455-eeee0a8493c0.OPERATION#flowable-async-job-executor-thread-4951#
[StageAppStep] Binding droplet "f6b52328-9d64-44fe-95dc-b241d2fbebe3" to application "840ecb38-ed1b-4303-b079-0ce6533f7037"...#
#2026 05 24 18:43:11.104#Z#INFO#3ea96a42-57a0-11f1-b455-eeee0a8493c0.OPERATION#flowable-async-job-executor-thread-4951#
[StageAppStep] Application "field-task-cap-db-deployer" staged#
#2026 05 24 18:43:11.112#Z#DEBUG#3ea96a42-57a0-11f1-b455-eeee0a8493c0.OPERATION#flowable-async-job-executor-thread-4951#
Step "Stage App" finished#
#2026 05 24 18:43:10.904#Z#DEBUG#3ea96a42-57a0-11f1-b455-eeee0a8493c0.OPERATION#flowable-async-job-executor-thread-5754#
[StageAppStep] Executing task "stageAppTask" of process "4c36ce7d-57a0-11f1-b455-eeee0a8493c0"...#
#2026 05 24 18:43:10.905#Z#DEBUG#3ea96a42-57a0-11f1-b455-eeee0a8493c0.OPERATION#flowable-async-job-executor-thread-5754#
[StageAppStep] Application stage timeout is default one: 3,600 seconds#
#2026 05 24 18:43:10.907#Z#DEBUG#3ea96a42-57a0-11f1-b455-eeee0a8493c0.OPERATION#flowable-async-job-executor-thread-5754#
[StageAppStep] Checking status of application "field-task-cap-srv"...#
#2026 05 24 18:43:10.907#Z#DEBUG#3ea96a42-57a0-11f1-b455-eeee0a8493c0.OPERATION#flowable-async-job-executor-thread-5754#
[StageAppStep] Getting build "76f2cb57-aa60-42f0-b398-286d9b956af9"...#
#2026 05 24 18:43:10.945#Z#DEBUG#3ea96a42-57a0-11f1-b455-eeee0a8493c0.OPERATION#flowable-async-job-executor-thread-5754#
[StageAppStep] Staging status of application "field-task-cap-srv": STAGED#
#2026 05 24 18:43:10.949#Z#DEBUG#3ea96a42-57a0-11f1-b455-eeee0a8493c0.OPERATION#flowable-async-job-executor-thread-5754#
[StageAppStep] Getting application guid "field-task-cap-srv"...#
#2026 05 24 18:43:11.044#Z#DEBUG#3ea96a42-57a0-11f1-b455-eeee0a8493c0.OPERATION#flowable-async-job-executor-thread-5754#
[StageAppStep] Getting build "76f2cb57-aa60-42f0-b398-286d9b956af9"...#
#2026 05 24 18:43:11.075#Z#DEBUG#3ea96a42-57a0-11f1-b455-eeee0a8493c0.OPERATION#flowable-async-job-executor-thread-5754#
[StageAppStep] Binding droplet "f00f8417-5f19-425c-9b29-ef4b1da44fae" to application "13d670fa-b3d9-45a2-a5fe-b1c4b2817661"...#
#2026 05 24 18:43:11.132#Z#INFO#3ea96a42-57a0-11f1-b455-eeee0a8493c0.OPERATION#flowable-async-job-executor-thread-5754#
[StageAppStep] Application "field-task-cap-srv" staged#
#2026 05 24 18:43:11.141#Z#DEBUG#3ea96a42-57a0-11f1-b455-eeee0a8493c0.OPERATION#flowable-async-job-executor-thread-5754#
Step "Stage App" finished#
#2026 05 24 18:43:11.206#Z#DEBUG#3ea96a42-57a0-11f1-b455-eeee0a8493c0.OPERATION#flowable-async-job-executor-thread-4953#
[PrepareToExecuteTasksStep] Executing task "prepareToExecuteTasksTask" of process "6a18f42e-57a0-11f1-9726-eeee0a873c2c"...#
#2026 05 24 18:43:11.208#Z#DEBUG#3ea96a42-57a0-11f1-b455-eeee0a8493c0.OPERATION#flowable-async-job-executor-thread-4953#
Step "Prepare To Execute Tasks" finished#
#2026 05 24 18:43:11.195#Z#DEBUG#3ea96a42-57a0-11f1-b455-eeee0a8493c0.OPERATION#flowable-async-job-executor-thread-5755#
[RestartAppStep] Executing task "startAppTask" of process "4c36ce7d-57a0-11f1-b455-eeee0a8493c0"...#
#2026 05 24 18:43:11.199#Z#DEBUG#3ea96a42-57a0-11f1-b455-eeee0a8493c0.OPERATION#flowable-async-job-executor-thread-5755#
[RestartAppStep] Application start timeout is default one: 3,600 seconds#
#2026 05 24 18:43:11.201#Z#DEBUG#3ea96a42-57a0-11f1-b455-eeee0a8493c0.OPERATION#flowable-async-job-executor-thread-5755#
[RestartAppStep] Getting application "field-task-cap-srv"...#
#2026 05 24 18:43:11.245#Z#INFO#3ea96a42-57a0-11f1-b455-eeee0a8493c0.OPERATION#flowable-async-job-executor-thread-5755#
[RestartAppStep] Starting application "field-task-cap-srv"...#
#2026 05 24 18:43:11.252#Z#DEBUG#3ea96a42-57a0-11f1-b455-eeee0a8493c0.OPERATION#flowable-async-job-executor-thread-5755#
[RestartAppStep] Starting application "field-task-cap-srv"...#
#2026 05 24 18:43:11.505#Z#DEBUG#3ea96a42-57a0-11f1-b455-eeee0a8493c0.OPERATION#flowable-async-job-executor-thread-5755#
Step "Start App" finished#
#2026 05 24 18:43:11.244#Z#DEBUG#3ea96a42-57a0-11f1-b455-eeee0a8493c0.OPERATION#flowable-async-job-executor-thread-4954#
[ExecuteTaskStep] Executing task "executeTaskTask" of process "6a18f42e-57a0-11f1-9726-eeee0a873c2c"...#
#2026 05 24 18:43:11.245#Z#DEBUG#3ea96a42-57a0-11f1-b455-eeee0a8493c0.OPERATION#flowable-async-job-executor-thread-4954#
[ExecuteTaskStep] Application task execution timeout is default one: 43,200 seconds#
#2026 05 24 18:43:11.247#Z#INFO#3ea96a42-57a0-11f1-b455-eeee0a8493c0.OPERATION#flowable-async-job-executor-thread-4954#
[ExecuteTaskStep] Executing task "deploy" on application "field-task-cap-db-deployer"...#
#2026 05 24 18:43:11.254#Z#DEBUG#3ea96a42-57a0-11f1-b455-eeee0a8493c0.OPERATION#flowable-async-job-executor-thread-4954#
[ExecuteTaskStep] Running task on application "field-task-cap-db-deployer": {
  "name" : "deploy",
  "command" : "npm start",
  "limits" : {
    "memory" : 256
  }
}#
#2026 05 24 18:43:11.751#Z#DEBUG#3ea96a42-57a0-11f1-b455-eeee0a8493c0.OPERATION#flowable-async-job-executor-thread-4954#
Step "Execute Task" finished#
#2026 05 24 18:43:20.899#Z#DEBUG#3ea96a42-57a0-11f1-b455-eeee0a8493c0.OPERATION#flowable-async-job-executor-thread-13173#
[RestartAppStep] Executing task "startAppTask" of process "6a4f1f24-57a0-11f1-a69c-eeee0a90f024"...#
#2026 05 24 18:43:20.901#Z#DEBUG#3ea96a42-57a0-11f1-b455-eeee0a8493c0.OPERATION#flowable-async-job-executor-thread-13173#
[RestartAppStep] Application start timeout is default one: 3,600 seconds#
#2026 05 24 18:43:20.902#Z#DEBUG#3ea96a42-57a0-11f1-b455-eeee0a8493c0.OPERATION#flowable-async-job-executor-thread-13173#
[RestartAppStep] Checking status of application "field-task-cap-srv"...#
#2026 05 24 18:43:20.902#Z#DEBUG#3ea96a42-57a0-11f1-b455-eeee0a8493c0.OPERATION#flowable-async-job-executor-thread-13173#
[RestartAppStep] Getting application "field-task-cap-srv"...#
#2026 05 24 18:43:20.943#Z#DEBUG#3ea96a42-57a0-11f1-b455-eeee0a8493c0.OPERATION#flowable-async-job-executor-thread-13173#
[RestartAppStep] Getting instances for application "field-task-cap-srv"...#
#2026 05 24 18:43:20.985#Z#DEBUG#3ea96a42-57a0-11f1-b455-eeee0a8493c0.OPERATION#flowable-async-job-executor-thread-13173#
[RestartAppStep] Application "field-task-cap-srv": 0 of 1 instances running (1 starting)#
#2026 05 24 18:43:21.018#Z#DEBUG#3ea96a42-57a0-11f1-b455-eeee0a8493c0.OPERATION#flowable-async-job-executor-thread-13173#
Step "Start App" finished#
#2026 05 24 18:43:20.910#Z#DEBUG#3ea96a42-57a0-11f1-b455-eeee0a8493c0.OPERATION#flowable-async-job-executor-thread-13174#
[ExecuteTaskStep] Executing task "executeTaskTask" of process "6a18f42e-57a0-11f1-9726-eeee0a873c2c"...#
#2026 05 24 18:43:20.911#Z#DEBUG#3ea96a42-57a0-11f1-b455-eeee0a8493c0.OPERATION#flowable-async-job-executor-thread-13174#
[ExecuteTaskStep] Application task execution timeout is default one: 43,200 seconds#
#2026 05 24 18:43:20.912#Z#DEBUG#3ea96a42-57a0-11f1-b455-eeee0a8493c0.OPERATION#flowable-async-job-executor-thread-13174#
[ExecuteTaskStep] Getting task "d5664347-3f81-4c70-955d-e26e48640d04"...#
#2026 05 24 18:43:20.943#Z#DEBUG#3ea96a42-57a0-11f1-b455-eeee0a8493c0.OPERATION#flowable-async-job-executor-thread-13174#
[ExecuteTaskStep] Task execution status: running#
#2026 05 24 18:43:20.946#Z#DEBUG#3ea96a42-57a0-11f1-b455-eeee0a8493c0.OPERATION#flowable-async-job-executor-thread-13174#
[ExecuteTaskStep] Getting application guid "field-task-cap-db-deployer"...#
#2026 05 24 18:43:21.049#Z#DEBUG#3ea96a42-57a0-11f1-b455-eeee0a8493c0.OPERATION#flowable-async-job-executor-thread-13174#
Step "Execute Task" finished#
#2026 05 24 18:43:30.917#Z#DEBUG#3ea96a42-57a0-11f1-b455-eeee0a8493c0.OPERATION#flowable-async-job-executor-thread-13177#
[RestartAppStep] Executing task "startAppTask" of process "6ff9c655-57a0-11f1-b455-eeee0a8493c0"...#
#2026 05 24 18:43:30.918#Z#DEBUG#3ea96a42-57a0-11f1-b455-eeee0a8493c0.OPERATION#flowable-async-job-executor-thread-13177#
[RestartAppStep] Application start timeout is default one: 3,600 seconds#
#2026 05 24 18:43:30.919#Z#DEBUG#3ea96a42-57a0-11f1-b455-eeee0a8493c0.OPERATION#flowable-async-job-executor-thread-13177#
[RestartAppStep] Checking status of application "field-task-cap-srv"...#
#2026 05 24 18:43:30.919#Z#DEBUG#3ea96a42-57a0-11f1-b455-eeee0a8493c0.OPERATION#flowable-async-job-executor-thread-13177#
[RestartAppStep] Getting instances for application "field-task-cap-srv"...#
#2026 05 24 18:43:30.979#Z#DEBUG#3ea96a42-57a0-11f1-b455-eeee0a8493c0.OPERATION#flowable-async-job-executor-thread-13177#
[RestartAppStep] Application "field-task-cap-srv": 0 of 1 instances running (1 starting)#
#2026 05 24 18:43:31.014#Z#DEBUG#3ea96a42-57a0-11f1-b455-eeee0a8493c0.OPERATION#flowable-async-job-executor-thread-13177#
Step "Start App" finished#
#2026 05 24 18:43:30.923#Z#DEBUG#3ea96a42-57a0-11f1-b455-eeee0a8493c0.OPERATION#flowable-async-job-executor-thread-13178#
[ExecuteTaskStep] Executing task "executeTaskTask" of process "6a18f42e-57a0-11f1-9726-eeee0a873c2c"...#
#2026 05 24 18:43:30.924#Z#DEBUG#3ea96a42-57a0-11f1-b455-eeee0a8493c0.OPERATION#flowable-async-job-executor-thread-13178#
[ExecuteTaskStep] Application task execution timeout is default one: 43,200 seconds#
#2026 05 24 18:43:30.925#Z#DEBUG#3ea96a42-57a0-11f1-b455-eeee0a8493c0.OPERATION#flowable-async-job-executor-thread-13178#
[ExecuteTaskStep] Getting task "d5664347-3f81-4c70-955d-e26e48640d04"...#
#2026 05 24 18:43:30.957#Z#DEBUG#3ea96a42-57a0-11f1-b455-eeee0a8493c0.OPERATION#flowable-async-job-executor-thread-13178#
[ExecuteTaskStep] Task execution status: succeeded#
#2026 05 24 18:43:30.959#Z#DEBUG#3ea96a42-57a0-11f1-b455-eeee0a8493c0.OPERATION#flowable-async-job-executor-thread-13178#
[ExecuteTaskStep] Getting application guid "field-task-cap-db-deployer"...#
#2026 05 24 18:43:31.060#Z#DEBUG#3ea96a42-57a0-11f1-b455-eeee0a8493c0.OPERATION#flowable-async-job-executor-thread-13178#
Step "Execute Task" finished#
#2026 05 24 18:43:31.088#Z#DEBUG#3ea96a42-57a0-11f1-b455-eeee0a8493c0.OPERATION#flowable-async-job-executor-thread-13179#
[IncrementIndexStep] Executing task "incrementTaskIndexTask" of process "6a18f42e-57a0-11f1-9726-eeee0a873c2c"...#
#2026 05 24 18:43:31.089#Z#DEBUG#3ea96a42-57a0-11f1-b455-eeee0a8493c0.OPERATION#flowable-async-job-executor-thread-13179#
Step "Increment Task Index" finished#
#2026 05 24 18:43:31.144#Z#DEBUG#3ea96a42-57a0-11f1-b455-eeee0a8493c0.OPERATION#flowable-async-job-executor-thread-13180#
[PublishConfigurationEntriesStep] Executing task "publishProvidedDependenciesTask" of process "4c36a769-57a0-11f1-b455-eeee0a8493c0"...#
#2026 05 24 18:43:31.144#Z#DEBUG#3ea96a42-57a0-11f1-b455-eeee0a8493c0.OPERATION#flowable-async-job-executor-thread-13180#
[PublishConfigurationEntriesStep] Publishing public provided dependencies for application "field-task-cap-db-deployer"...#
#2026 05 24 18:43:31.145#Z#DEBUG#3ea96a42-57a0-11f1-b455-eeee0a8493c0.OPERATION#flowable-async-job-executor-thread-13180#
[PublishConfigurationEntriesStep] No public provided dependencies for publishing#
#2026 05 24 18:43:31.145#Z#DEBUG#3ea96a42-57a0-11f1-b455-eeee0a8493c0.OPERATION#flowable-async-job-executor-thread-13180#
Step "Publish Provided Dependencies" finished#
#2026 05 24 18:43:31.172#Z#DEBUG#3ea96a42-57a0-11f1-b455-eeee0a8493c0.OPERATION#flowable-async-job-executor-thread-13181#
[CreateOrUpdateServiceBrokerStep] Executing task "createOrUpdateServiceBrokerTask" of process "4c36a769-57a0-11f1-b455-eeee0a8493c0"...#
#2026 05 24 18:43:31.173#Z#DEBUG#3ea96a42-57a0-11f1-b455-eeee0a8493c0.OPERATION#flowable-async-job-executor-thread-13181#
[CreateOrUpdateServiceBrokerStep] Creating service brokers...#
#2026 05 24 18:43:31.174#Z#DEBUG#3ea96a42-57a0-11f1-b455-eeee0a8493c0.OPERATION#flowable-async-job-executor-thread-13181#
Step "Create Or Update Service Broker " finished#
#2026 05 24 18:43:40.936#Z#DEBUG#3ea96a42-57a0-11f1-b455-eeee0a8493c0.OPERATION#flowable-async-job-executor-thread-13185#
[RestartAppStep] Executing task "startAppTask" of process "75ef0b2e-57a0-11f1-b455-eeee0a8493c0"...#
#2026 05 24 18:43:40.938#Z#DEBUG#3ea96a42-57a0-11f1-b455-eeee0a8493c0.OPERATION#flowable-async-job-executor-thread-13185#
[RestartAppStep] Application start timeout is default one: 3,600 seconds#
#2026 05 24 18:43:40.939#Z#DEBUG#3ea96a42-57a0-11f1-b455-eeee0a8493c0.OPERATION#flowable-async-job-executor-thread-13185#
[RestartAppStep] Checking status of application "field-task-cap-srv"...#
#2026 05 24 18:43:40.939#Z#DEBUG#3ea96a42-57a0-11f1-b455-eeee0a8493c0.OPERATION#flowable-async-job-executor-thread-13185#
[RestartAppStep] Getting instances for application "field-task-cap-srv"...#
#2026 05 24 18:43:40.996#Z#DEBUG#3ea96a42-57a0-11f1-b455-eeee0a8493c0.OPERATION#flowable-async-job-executor-thread-13185#
[RestartAppStep] Application "field-task-cap-srv": 0 of 1 instances running (1 starting)#
#2026 05 24 18:43:41.075#Z#DEBUG#3ea96a42-57a0-11f1-b455-eeee0a8493c0.OPERATION#flowable-async-job-executor-thread-13185#
Step "Start App" finished#
#2026 05 24 18:43:50.951#Z#DEBUG#3ea96a42-57a0-11f1-b455-eeee0a8493c0.OPERATION#flowable-async-job-executor-thread-13189#
[RestartAppStep] Executing task "startAppTask" of process "7bee3b2f-57a0-11f1-b455-eeee0a8493c0"...#
#2026 05 24 18:43:50.952#Z#DEBUG#3ea96a42-57a0-11f1-b455-eeee0a8493c0.OPERATION#flowable-async-job-executor-thread-13189#
[RestartAppStep] Application start timeout is default one: 3,600 seconds#
#2026 05 24 18:43:50.953#Z#DEBUG#3ea96a42-57a0-11f1-b455-eeee0a8493c0.OPERATION#flowable-async-job-executor-thread-13189#
[RestartAppStep] Checking status of application "field-task-cap-srv"...#
#2026 05 24 18:43:50.954#Z#DEBUG#3ea96a42-57a0-11f1-b455-eeee0a8493c0.OPERATION#flowable-async-job-executor-thread-13189#
[RestartAppStep] Getting instances for application "field-task-cap-srv"...#
#2026 05 24 18:43:51.014#Z#DEBUG#3ea96a42-57a0-11f1-b455-eeee0a8493c0.OPERATION#flowable-async-job-executor-thread-13189#
[RestartAppStep] Application "field-task-cap-srv": 0 of 1 instances running (1 starting)#
#2026 05 24 18:43:51.078#Z#DEBUG#3ea96a42-57a0-11f1-b455-eeee0a8493c0.OPERATION#flowable-async-job-executor-thread-13189#
Step "Start App" finished#
#2026 05 24 18:44:00.964#Z#DEBUG#3ea96a42-57a0-11f1-b455-eeee0a8493c0.OPERATION#flowable-async-job-executor-thread-13196#
[RestartAppStep] Executing task "startAppTask" of process "81e490ae-57a0-11f1-b455-eeee0a8493c0"...#
#2026 05 24 18:44:00.966#Z#DEBUG#3ea96a42-57a0-11f1-b455-eeee0a8493c0.OPERATION#flowable-async-job-executor-thread-13196#
[RestartAppStep] Application start timeout is default one: 3,600 seconds#
#2026 05 24 18:44:00.967#Z#DEBUG#3ea96a42-57a0-11f1-b455-eeee0a8493c0.OPERATION#flowable-async-job-executor-thread-13196#
[RestartAppStep] Checking status of application "field-task-cap-srv"...#
#2026 05 24 18:44:00.968#Z#DEBUG#3ea96a42-57a0-11f1-b455-eeee0a8493c0.OPERATION#flowable-async-job-executor-thread-13196#
[RestartAppStep] Getting instances for application "field-task-cap-srv"...#
#2026 05 24 18:44:01.020#Z#DEBUG#3ea96a42-57a0-11f1-b455-eeee0a8493c0.OPERATION#flowable-async-job-executor-thread-13196#
[RestartAppStep] Application "field-task-cap-srv": 0 of 1 instances running (1 crashed)#
#2026 05 24 18:44:01.084#Z#ERROR#3ea96a42-57a0-11f1-b455-eeee0a8493c0.OPERATION#flowable-async-job-executor-thread-13196#
[RestartAppStep] Error starting application "field-task-cap-srv": Some instances have crashed. Check the application logs of your application for details.#
#2026 05 24 18:44:01.089#Z#INFO#3ea96a42-57a0-11f1-b455-eeee0a8493c0.OPERATION#flowable-async-job-executor-thread-13196#
[RestartAppStep] Download the MTA operation logs for more details.#
#2026 05 24 18:44:01.093#Z#DEBUG#3ea96a42-57a0-11f1-b455-eeee0a8493c0.OPERATION#flowable-async-job-executor-thread-13196#
Step "Start App" finished#
#2026 05 24 18:44:01.709#Z#DEBUG#3ea96a42-57a0-11f1-b455-eeee0a8493c0.OPERATION#flowable-async-job-executor-thread-5759#
[RestartAppStep] Executing task "startAppTask" of process "81e490ae-57a0-11f1-b455-eeee0a8493c0"...#
#2026 05 24 18:44:01.715#Z#DEBUG#3ea96a42-57a0-11f1-b455-eeee0a8493c0.OPERATION#flowable-async-job-executor-thread-5759#
[RestartAppStep] Application start timeout is default one: 3,600 seconds#
#2026 05 24 18:44:01.725#Z#DEBUG#3ea96a42-57a0-11f1-b455-eeee0a8493c0.OPERATION#flowable-async-job-executor-thread-5759#
[RestartAppStep] Getting application "field-task-cap-srv"...#
#2026 05 24 18:44:01.768#Z#INFO#3ea96a42-57a0-11f1-b455-eeee0a8493c0.OPERATION#flowable-async-job-executor-thread-5759#
[RestartAppStep] Stopping application "field-task-cap-srv"...#
#2026 05 24 18:44:01.777#Z#DEBUG#3ea96a42-57a0-11f1-b455-eeee0a8493c0.OPERATION#flowable-async-job-executor-thread-5759#
[RestartAppStep] Stopping application "field-task-cap-srv"...#
#2026 05 24 18:44:01.918#Z#INFO#3ea96a42-57a0-11f1-b455-eeee0a8493c0.OPERATION#flowable-async-job-executor-thread-5759#
[RestartAppStep] Starting application "field-task-cap-srv"...#
#2026 05 24 18:44:01.925#Z#DEBUG#3ea96a42-57a0-11f1-b455-eeee0a8493c0.OPERATION#flowable-async-job-executor-thread-5759#
[RestartAppStep] Starting application "field-task-cap-srv"...#
#2026 05 24 18:44:02.143#Z#DEBUG#3ea96a42-57a0-11f1-b455-eeee0a8493c0.OPERATION#flowable-async-job-executor-thread-5759#
Step "Start App" finished#
#2026 05 24 18:44:10.974#Z#DEBUG#3ea96a42-57a0-11f1-b455-eeee0a8493c0.OPERATION#flowable-async-job-executor-thread-13205#
[RestartAppStep] Executing task "startAppTask" of process "887d41e6-57a0-11f1-a69c-eeee0a90f024"...#
#2026 05 24 18:44:10.975#Z#DEBUG#3ea96a42-57a0-11f1-b455-eeee0a8493c0.OPERATION#flowable-async-job-executor-thread-13205#
[RestartAppStep] Application start timeout is default one: 3,600 seconds#
#2026 05 24 18:44:11.033#Z#DEBUG#3ea96a42-57a0-11f1-b455-eeee0a8493c0.OPERATION#flowable-async-job-executor-thread-13205#
[RestartAppStep] Checking status of application "field-task-cap-srv"...#
#2026 05 24 18:44:11.033#Z#DEBUG#3ea96a42-57a0-11f1-b455-eeee0a8493c0.OPERATION#flowable-async-job-executor-thread-13205#
[RestartAppStep] Getting instances for application "field-task-cap-srv"...#
#2026 05 24 18:44:11.086#Z#DEBUG#3ea96a42-57a0-11f1-b455-eeee0a8493c0.OPERATION#flowable-async-job-executor-thread-13205#
[RestartAppStep] Application "field-task-cap-srv": 0 of 1 instances running (1 starting)#
#2026 05 24 18:44:11.140#Z#DEBUG#3ea96a42-57a0-11f1-b455-eeee0a8493c0.OPERATION#flowable-async-job-executor-thread-13205#
Step "Start App" finished#
#2026 05 24 18:44:20.991#Z#DEBUG#3ea96a42-57a0-11f1-b455-eeee0a8493c0.OPERATION#flowable-async-job-executor-thread-13211#
[RestartAppStep] Executing task "startAppTask" of process "8dd9a1a0-57a0-11f1-b455-eeee0a8493c0"...#
#2026 05 24 18:44:20.992#Z#DEBUG#3ea96a42-57a0-11f1-b455-eeee0a8493c0.OPERATION#flowable-async-job-executor-thread-13211#
[RestartAppStep] Application start timeout is default one: 3,600 seconds#
#2026 05 24 18:44:20.993#Z#DEBUG#3ea96a42-57a0-11f1-b455-eeee0a8493c0.OPERATION#flowable-async-job-executor-thread-13211#
[RestartAppStep] Checking status of application "field-task-cap-srv"...#
#2026 05 24 18:44:20.994#Z#DEBUG#3ea96a42-57a0-11f1-b455-eeee0a8493c0.OPERATION#flowable-async-job-executor-thread-13211#
[RestartAppStep] Getting instances for application "field-task-cap-srv"...#
#2026 05 24 18:44:21.044#Z#DEBUG#3ea96a42-57a0-11f1-b455-eeee0a8493c0.OPERATION#flowable-async-job-executor-thread-13211#
[RestartAppStep] Application "field-task-cap-srv": 0 of 1 instances running (1 starting)#
#2026 05 24 18:44:21.100#Z#DEBUG#3ea96a42-57a0-11f1-b455-eeee0a8493c0.OPERATION#flowable-async-job-executor-thread-13211#
Step "Start App" finished#
#2026 05 24 18:44:31.001#Z#DEBUG#3ea96a42-57a0-11f1-b455-eeee0a8493c0.OPERATION#flowable-async-job-executor-thread-13218#
[RestartAppStep] Executing task "startAppTask" of process "93c94121-57a0-11f1-b455-eeee0a8493c0"...#
#2026 05 24 18:44:31.003#Z#DEBUG#3ea96a42-57a0-11f1-b455-eeee0a8493c0.OPERATION#flowable-async-job-executor-thread-13218#
[RestartAppStep] Application start timeout is default one: 3,600 seconds#
#2026 05 24 18:44:31.003#Z#DEBUG#3ea96a42-57a0-11f1-b455-eeee0a8493c0.OPERATION#flowable-async-job-executor-thread-13218#
[RestartAppStep] Checking status of application "field-task-cap-srv"...#
#2026 05 24 18:44:31.004#Z#DEBUG#3ea96a42-57a0-11f1-b455-eeee0a8493c0.OPERATION#flowable-async-job-executor-thread-13218#
[RestartAppStep] Getting instances for application "field-task-cap-srv"...#
#2026 05 24 18:44:31.064#Z#DEBUG#3ea96a42-57a0-11f1-b455-eeee0a8493c0.OPERATION#flowable-async-job-executor-thread-13218#
[RestartAppStep] Application "field-task-cap-srv": 0 of 1 instances running (1 starting)#
#2026 05 24 18:44:31.101#Z#DEBUG#3ea96a42-57a0-11f1-b455-eeee0a8493c0.OPERATION#flowable-async-job-executor-thread-13218#
Step "Start App" finished#
#2026 05 24 18:44:41.010#Z#DEBUG#3ea96a42-57a0-11f1-b455-eeee0a8493c0.OPERATION#flowable-async-job-executor-thread-13225#
[RestartAppStep] Executing task "startAppTask" of process "99bf702a-57a0-11f1-b455-eeee0a8493c0"...#
#2026 05 24 18:44:41.012#Z#DEBUG#3ea96a42-57a0-11f1-b455-eeee0a8493c0.OPERATION#flowable-async-job-executor-thread-13225#
[RestartAppStep] Application start timeout is default one: 3,600 seconds#
#2026 05 24 18:44:41.012#Z#DEBUG#3ea96a42-57a0-11f1-b455-eeee0a8493c0.OPERATION#flowable-async-job-executor-thread-13225#
[RestartAppStep] Checking status of application "field-task-cap-srv"...#
#2026 05 24 18:44:41.013#Z#DEBUG#3ea96a42-57a0-11f1-b455-eeee0a8493c0.OPERATION#flowable-async-job-executor-thread-13225#
[RestartAppStep] Getting instances for application "field-task-cap-srv"...#
#2026 05 24 18:44:41.072#Z#DEBUG#3ea96a42-57a0-11f1-b455-eeee0a8493c0.OPERATION#flowable-async-job-executor-thread-13225#
[RestartAppStep] Application "field-task-cap-srv": 0 of 1 instances running (1 starting)#
#2026 05 24 18:44:41.135#Z#DEBUG#3ea96a42-57a0-11f1-b455-eeee0a8493c0.OPERATION#flowable-async-job-executor-thread-13225#
Step "Start App" finished#
#2026 05 24 18:44:51.016#Z#DEBUG#3ea96a42-57a0-11f1-b455-eeee0a8493c0.OPERATION#flowable-async-job-executor-thread-13227#
[RestartAppStep] Executing task "startAppTask" of process "9fba8199-57a0-11f1-b455-eeee0a8493c0"...#
#2026 05 24 18:44:51.018#Z#DEBUG#3ea96a42-57a0-11f1-b455-eeee0a8493c0.OPERATION#flowable-async-job-executor-thread-13227#
[RestartAppStep] Application start timeout is default one: 3,600 seconds#
#2026 05 24 18:44:51.018#Z#DEBUG#3ea96a42-57a0-11f1-b455-eeee0a8493c0.OPERATION#flowable-async-job-executor-thread-13227#
[RestartAppStep] Checking status of application "field-task-cap-srv"...#
#2026 05 24 18:44:51.019#Z#DEBUG#3ea96a42-57a0-11f1-b455-eeee0a8493c0.OPERATION#flowable-async-job-executor-thread-13227#
[RestartAppStep] Getting instances for application "field-task-cap-srv"...#
#2026 05 24 18:44:51.057#Z#DEBUG#3ea96a42-57a0-11f1-b455-eeee0a8493c0.OPERATION#flowable-async-job-executor-thread-13227#
[RestartAppStep] Application "field-task-cap-srv": 0 of 1 instances running (1 crashed)#
#2026 05 24 18:44:51.111#Z#ERROR#3ea96a42-57a0-11f1-b455-eeee0a8493c0.OPERATION#flowable-async-job-executor-thread-13227#
[RestartAppStep] Error starting application "field-task-cap-srv": Some instances have crashed. Check the application logs of your application for details.#
#2026 05 24 18:44:51.115#Z#INFO#3ea96a42-57a0-11f1-b455-eeee0a8493c0.OPERATION#flowable-async-job-executor-thread-13227#
[RestartAppStep] Download the MTA operation logs for more details.#
#2026 05 24 18:44:51.118#Z#DEBUG#3ea96a42-57a0-11f1-b455-eeee0a8493c0.OPERATION#flowable-async-job-executor-thread-13227#
Step "Start App" finished#
#2026 05 24 18:44:52.312#Z#DEBUG#3ea96a42-57a0-11f1-b455-eeee0a8493c0.OPERATION#flowable-async-job-executor-thread-5765#
[RestartAppStep] Executing task "startAppTask" of process "9fba8199-57a0-11f1-b455-eeee0a8493c0"...#
#2026 05 24 18:44:52.316#Z#DEBUG#3ea96a42-57a0-11f1-b455-eeee0a8493c0.OPERATION#flowable-async-job-executor-thread-5765#
[RestartAppStep] Application start timeout is default one: 3,600 seconds#
#2026 05 24 18:44:52.326#Z#DEBUG#3ea96a42-57a0-11f1-b455-eeee0a8493c0.OPERATION#flowable-async-job-executor-thread-5765#
[RestartAppStep] Getting application "field-task-cap-srv"...#
#2026 05 24 18:44:52.375#Z#INFO#3ea96a42-57a0-11f1-b455-eeee0a8493c0.OPERATION#flowable-async-job-executor-thread-5765#
[RestartAppStep] Stopping application "field-task-cap-srv"...#
#2026 05 24 18:44:52.383#Z#DEBUG#3ea96a42-57a0-11f1-b455-eeee0a8493c0.OPERATION#flowable-async-job-executor-thread-5765#
[RestartAppStep] Stopping application "field-task-cap-srv"...#
#2026 05 24 18:44:52.532#Z#INFO#3ea96a42-57a0-11f1-b455-eeee0a8493c0.OPERATION#flowable-async-job-executor-thread-5765#
[RestartAppStep] Starting application "field-task-cap-srv"...#
#2026 05 24 18:44:52.539#Z#DEBUG#3ea96a42-57a0-11f1-b455-eeee0a8493c0.OPERATION#flowable-async-job-executor-thread-5765#
[RestartAppStep] Starting application "field-task-cap-srv"...#
#2026 05 24 18:44:52.780#Z#DEBUG#3ea96a42-57a0-11f1-b455-eeee0a8493c0.OPERATION#flowable-async-job-executor-thread-5765#
Step "Start App" finished#
#2026 05 24 18:45:01.024#Z#DEBUG#3ea96a42-57a0-11f1-b455-eeee0a8493c0.OPERATION#flowable-async-job-executor-thread-13229#
[RestartAppStep] Executing task "startAppTask" of process "a6ac012a-57a0-11f1-a69c-eeee0a90f024"...#
#2026 05 24 18:45:01.026#Z#DEBUG#3ea96a42-57a0-11f1-b455-eeee0a8493c0.OPERATION#flowable-async-job-executor-thread-13229#
[RestartAppStep] Application start timeout is default one: 3,600 seconds#
#2026 05 24 18:45:01.098#Z#DEBUG#3ea96a42-57a0-11f1-b455-eeee0a8493c0.OPERATION#flowable-async-job-executor-thread-13229#
[RestartAppStep] Checking status of application "field-task-cap-srv"...#
#2026 05 24 18:45:01.099#Z#DEBUG#3ea96a42-57a0-11f1-b455-eeee0a8493c0.OPERATION#flowable-async-job-executor-thread-13229#
[RestartAppStep] Getting instances for application "field-task-cap-srv"...#
#2026 05 24 18:45:01.176#Z#DEBUG#3ea96a42-57a0-11f1-b455-eeee0a8493c0.OPERATION#flowable-async-job-executor-thread-13229#
[RestartAppStep] Application "field-task-cap-srv": 0 of 1 instances running (1 starting)#
#2026 05 24 18:45:01.213#Z#DEBUG#3ea96a42-57a0-11f1-b455-eeee0a8493c0.OPERATION#flowable-async-job-executor-thread-13229#
Step "Start App" finished#
#2026 05 24 18:45:11.031#Z#DEBUG#3ea96a42-57a0-11f1-b455-eeee0a8493c0.OPERATION#flowable-async-job-executor-thread-13231#
[RestartAppStep] Executing task "startAppTask" of process "abb278ab-57a0-11f1-b455-eeee0a8493c0"...#
#2026 05 24 18:45:11.033#Z#DEBUG#3ea96a42-57a0-11f1-b455-eeee0a8493c0.OPERATION#flowable-async-job-executor-thread-13231#
[RestartAppStep] Application start timeout is default one: 3,600 seconds#
#2026 05 24 18:45:11.034#Z#DEBUG#3ea96a42-57a0-11f1-b455-eeee0a8493c0.OPERATION#flowable-async-job-executor-thread-13231#
[RestartAppStep] Checking status of application "field-task-cap-srv"...#
#2026 05 24 18:45:11.034#Z#DEBUG#3ea96a42-57a0-11f1-b455-eeee0a8493c0.OPERATION#flowable-async-job-executor-thread-13231#
[RestartAppStep] Getting instances for application "field-task-cap-srv"...#
#2026 05 24 18:45:11.070#Z#DEBUG#3ea96a42-57a0-11f1-b455-eeee0a8493c0.OPERATION#flowable-async-job-executor-thread-13231#
[RestartAppStep] Application "field-task-cap-srv": 0 of 1 instances running (1 starting)#
#2026 05 24 18:45:11.125#Z#DEBUG#3ea96a42-57a0-11f1-b455-eeee0a8493c0.OPERATION#flowable-async-job-executor-thread-13231#
Step "Start App" finished#
#2026 05 24 18:45:21.039#Z#DEBUG#3ea96a42-57a0-11f1-b455-eeee0a8493c0.OPERATION#flowable-async-job-executor-thread-13233#
[RestartAppStep] Executing task "startAppTask" of process "b19a9e18-57a0-11f1-b455-eeee0a8493c0"...#
#2026 05 24 18:45:21.041#Z#DEBUG#3ea96a42-57a0-11f1-b455-eeee0a8493c0.OPERATION#flowable-async-job-executor-thread-13233#
[RestartAppStep] Application start timeout is default one: 3,600 seconds#
#2026 05 24 18:45:21.042#Z#DEBUG#3ea96a42-57a0-11f1-b455-eeee0a8493c0.OPERATION#flowable-async-job-executor-thread-13233#
[RestartAppStep] Checking status of application "field-task-cap-srv"...#
#2026 05 24 18:45:21.042#Z#DEBUG#3ea96a42-57a0-11f1-b455-eeee0a8493c0.OPERATION#flowable-async-job-executor-thread-13233#
[RestartAppStep] Getting instances for application "field-task-cap-srv"...#
#2026 05 24 18:45:21.095#Z#DEBUG#3ea96a42-57a0-11f1-b455-eeee0a8493c0.OPERATION#flowable-async-job-executor-thread-13233#
[RestartAppStep] Application "field-task-cap-srv": 0 of 1 instances running (1 starting)#
#2026 05 24 18:45:21.134#Z#DEBUG#3ea96a42-57a0-11f1-b455-eeee0a8493c0.OPERATION#flowable-async-job-executor-thread-13233#
Step "Start App" finished#
#2026 05 24 18:45:31.047#Z#DEBUG#3ea96a42-57a0-11f1-b455-eeee0a8493c0.OPERATION#flowable-async-job-executor-thread-13235#
[RestartAppStep] Executing task "startAppTask" of process "b79205c5-57a0-11f1-b455-eeee0a8493c0"...#
#2026 05 24 18:45:31.049#Z#DEBUG#3ea96a42-57a0-11f1-b455-eeee0a8493c0.OPERATION#flowable-async-job-executor-thread-13235#
[RestartAppStep] Application start timeout is default one: 3,600 seconds#
#2026 05 24 18:45:31.049#Z#DEBUG#3ea96a42-57a0-11f1-b455-eeee0a8493c0.OPERATION#flowable-async-job-executor-thread-13235#
[RestartAppStep] Checking status of application "field-task-cap-srv"...#
#2026 05 24 18:45:31.050#Z#DEBUG#3ea96a42-57a0-11f1-b455-eeee0a8493c0.OPERATION#flowable-async-job-executor-thread-13235#
[RestartAppStep] Getting instances for application "field-task-cap-srv"...#
#2026 05 24 18:45:31.091#Z#DEBUG#3ea96a42-57a0-11f1-b455-eeee0a8493c0.OPERATION#flowable-async-job-executor-thread-13235#
[RestartAppStep] Application "field-task-cap-srv": 0 of 1 instances running (1 starting)#
#2026 05 24 18:45:31.154#Z#DEBUG#3ea96a42-57a0-11f1-b455-eeee0a8493c0.OPERATION#flowable-async-job-executor-thread-13235#
Step "Start App" finished#
#2026 05 24 18:45:41.057#Z#DEBUG#3ea96a42-57a0-11f1-b455-eeee0a8493c0.OPERATION#flowable-async-job-executor-thread-13237#
[RestartAppStep] Executing task "startAppTask" of process "bd8af412-57a0-11f1-b455-eeee0a8493c0"...#
#2026 05 24 18:45:41.059#Z#DEBUG#3ea96a42-57a0-11f1-b455-eeee0a8493c0.OPERATION#flowable-async-job-executor-thread-13237#
[RestartAppStep] Application start timeout is default one: 3,600 seconds#
#2026 05 24 18:45:41.059#Z#DEBUG#3ea96a42-57a0-11f1-b455-eeee0a8493c0.OPERATION#flowable-async-job-executor-thread-13237#
[RestartAppStep] Checking status of application "field-task-cap-srv"...#
#2026 05 24 18:45:41.060#Z#DEBUG#3ea96a42-57a0-11f1-b455-eeee0a8493c0.OPERATION#flowable-async-job-executor-thread-13237#
[RestartAppStep] Getting instances for application "field-task-cap-srv"...#
#2026 05 24 18:45:41.101#Z#DEBUG#3ea96a42-57a0-11f1-b455-eeee0a8493c0.OPERATION#flowable-async-job-executor-thread-13237#
[RestartAppStep] Application "field-task-cap-srv": 0 of 1 instances running (1 crashed)#
#2026 05 24 18:45:41.142#Z#ERROR#3ea96a42-57a0-11f1-b455-eeee0a8493c0.OPERATION#flowable-async-job-executor-thread-13237#
[RestartAppStep] Error starting application "field-task-cap-srv": Some instances have crashed. Check the application logs of your application for details.#
#2026 05 24 18:45:41.146#Z#INFO#3ea96a42-57a0-11f1-b455-eeee0a8493c0.OPERATION#flowable-async-job-executor-thread-13237#
[RestartAppStep] Download the MTA operation logs for more details.#
#2026 05 24 18:45:41.150#Z#DEBUG#3ea96a42-57a0-11f1-b455-eeee0a8493c0.OPERATION#flowable-async-job-executor-thread-13237#
Step "Start App" finished#
#2026 05 24 18:45:42.903#Z#DEBUG#3ea96a42-57a0-11f1-b455-eeee0a8493c0.OPERATION#flowable-async-job-executor-thread-13238#
[RestartAppStep] Executing task "startAppTask" of process "bd8af412-57a0-11f1-b455-eeee0a8493c0"...#
#2026 05 24 18:45:42.905#Z#DEBUG#3ea96a42-57a0-11f1-b455-eeee0a8493c0.OPERATION#flowable-async-job-executor-thread-13238#
[RestartAppStep] Application start timeout is default one: 3,600 seconds#
#2026 05 24 18:45:42.975#Z#DEBUG#3ea96a42-57a0-11f1-b455-eeee0a8493c0.OPERATION#flowable-async-job-executor-thread-13238#
[RestartAppStep] Getting application "field-task-cap-srv"...#
#2026 05 24 18:45:43.032#Z#INFO#3ea96a42-57a0-11f1-b455-eeee0a8493c0.OPERATION#flowable-async-job-executor-thread-13238#
[RestartAppStep] Stopping application "field-task-cap-srv"...#
#2026 05 24 18:45:43.037#Z#DEBUG#3ea96a42-57a0-11f1-b455-eeee0a8493c0.OPERATION#flowable-async-job-executor-thread-13238#
[RestartAppStep] Stopping application "field-task-cap-srv"...#
#2026 05 24 18:45:43.188#Z#INFO#3ea96a42-57a0-11f1-b455-eeee0a8493c0.OPERATION#flowable-async-job-executor-thread-13238#
[RestartAppStep] Starting application "field-task-cap-srv"...#
#2026 05 24 18:45:43.193#Z#DEBUG#3ea96a42-57a0-11f1-b455-eeee0a8493c0.OPERATION#flowable-async-job-executor-thread-13238#
[RestartAppStep] Starting application "field-task-cap-srv"...#
#2026 05 24 18:45:43.439#Z#DEBUG#3ea96a42-57a0-11f1-b455-eeee0a8493c0.OPERATION#flowable-async-job-executor-thread-13238#
Step "Start App" finished#
#2026 05 24 18:45:51.072#Z#DEBUG#3ea96a42-57a0-11f1-b455-eeee0a8493c0.OPERATION#flowable-async-job-executor-thread-13240#
[RestartAppStep] Executing task "startAppTask" of process "c4dd30d2-57a0-11f1-b455-eeee0a8493c0"...#
#2026 05 24 18:45:51.073#Z#DEBUG#3ea96a42-57a0-11f1-b455-eeee0a8493c0.OPERATION#flowable-async-job-executor-thread-13240#
[RestartAppStep] Application start timeout is default one: 3,600 seconds#
#2026 05 24 18:45:51.074#Z#DEBUG#3ea96a42-57a0-11f1-b455-eeee0a8493c0.OPERATION#flowable-async-job-executor-thread-13240#
[RestartAppStep] Checking status of application "field-task-cap-srv"...#
#2026 05 24 18:45:51.075#Z#DEBUG#3ea96a42-57a0-11f1-b455-eeee0a8493c0.OPERATION#flowable-async-job-executor-thread-13240#
[RestartAppStep] Getting instances for application "field-task-cap-srv"...#
#2026 05 24 18:45:51.133#Z#DEBUG#3ea96a42-57a0-11f1-b455-eeee0a8493c0.OPERATION#flowable-async-job-executor-thread-13240#
[RestartAppStep] Application "field-task-cap-srv": 0 of 1 instances running (1 starting)#
#2026 05 24 18:45:51.165#Z#DEBUG#3ea96a42-57a0-11f1-b455-eeee0a8493c0.OPERATION#flowable-async-job-executor-thread-13240#
Step "Start App" finished#
#2026 05 24 18:46:01.077#Z#DEBUG#3ea96a42-57a0-11f1-b455-eeee0a8493c0.OPERATION#flowable-async-job-executor-thread-13242#
[RestartAppStep] Executing task "startAppTask" of process "c97815bf-57a0-11f1-b455-eeee0a8493c0"...#
#2026 05 24 18:46:01.079#Z#DEBUG#3ea96a42-57a0-11f1-b455-eeee0a8493c0.OPERATION#flowable-async-job-executor-thread-13242#
[RestartAppStep] Application start timeout is default one: 3,600 seconds#
#2026 05 24 18:46:01.080#Z#DEBUG#3ea96a42-57a0-11f1-b455-eeee0a8493c0.OPERATION#flowable-async-job-executor-thread-13242#
[RestartAppStep] Checking status of application "field-task-cap-srv"...#
#2026 05 24 18:46:01.081#Z#DEBUG#3ea96a42-57a0-11f1-b455-eeee0a8493c0.OPERATION#flowable-async-job-executor-thread-13242#
[RestartAppStep] Getting instances for application "field-task-cap-srv"...#
#2026 05 24 18:46:01.128#Z#DEBUG#3ea96a42-57a0-11f1-b455-eeee0a8493c0.OPERATION#flowable-async-job-executor-thread-13242#
[RestartAppStep] Application "field-task-cap-srv": 0 of 1 instances running (1 starting)#
#2026 05 24 18:46:01.167#Z#DEBUG#3ea96a42-57a0-11f1-b455-eeee0a8493c0.OPERATION#flowable-async-job-executor-thread-13242#
Step "Start App" finished#
#2026 05 24 18:46:11.091#Z#DEBUG#3ea96a42-57a0-11f1-b455-eeee0a8493c0.OPERATION#flowable-async-job-executor-thread-13253#
[RestartAppStep] Executing task "startAppTask" of process "cf6e6bfc-57a0-11f1-b455-eeee0a8493c0"...#
#2026 05 24 18:46:11.093#Z#DEBUG#3ea96a42-57a0-11f1-b455-eeee0a8493c0.OPERATION#flowable-async-job-executor-thread-13253#
[RestartAppStep] Application start timeout is default one: 3,600 seconds#
#2026 05 24 18:46:11.093#Z#DEBUG#3ea96a42-57a0-11f1-b455-eeee0a8493c0.OPERATION#flowable-async-job-executor-thread-13253#
[RestartAppStep] Checking status of application "field-task-cap-srv"...#
#2026 05 24 18:46:11.094#Z#DEBUG#3ea96a42-57a0-11f1-b455-eeee0a8493c0.OPERATION#flowable-async-job-executor-thread-13253#
[RestartAppStep] Getting instances for application "field-task-cap-srv"...#
#2026 05 24 18:46:11.144#Z#DEBUG#3ea96a42-57a0-11f1-b455-eeee0a8493c0.OPERATION#flowable-async-job-executor-thread-13253#
[RestartAppStep] Application "field-task-cap-srv": 0 of 1 instances running (1 starting)#
#2026 05 24 18:46:11.205#Z#DEBUG#3ea96a42-57a0-11f1-b455-eeee0a8493c0.OPERATION#flowable-async-job-executor-thread-13253#
Step "Start App" finished#
#2026 05 24 18:46:21.110#Z#DEBUG#3ea96a42-57a0-11f1-b455-eeee0a8493c0.OPERATION#flowable-async-job-executor-thread-13259#
[RestartAppStep] Executing task "startAppTask" of process "d56a4018-57a0-11f1-b455-eeee0a8493c0"...#
#2026 05 24 18:46:21.111#Z#DEBUG#3ea96a42-57a0-11f1-b455-eeee0a8493c0.OPERATION#flowable-async-job-executor-thread-13259#
[RestartAppStep] Application start timeout is default one: 3,600 seconds#
#2026 05 24 18:46:21.112#Z#DEBUG#3ea96a42-57a0-11f1-b455-eeee0a8493c0.OPERATION#flowable-async-job-executor-thread-13259#
[RestartAppStep] Checking status of application "field-task-cap-srv"...#
#2026 05 24 18:46:21.113#Z#DEBUG#3ea96a42-57a0-11f1-b455-eeee0a8493c0.OPERATION#flowable-async-job-executor-thread-13259#
[RestartAppStep] Getting instances for application "field-task-cap-srv"...#
#2026 05 24 18:46:21.150#Z#DEBUG#3ea96a42-57a0-11f1-b455-eeee0a8493c0.OPERATION#flowable-async-job-executor-thread-13259#
[RestartAppStep] Application "field-task-cap-srv": 0 of 1 instances running (1 starting)#
#2026 05 24 18:46:21.216#Z#DEBUG#3ea96a42-57a0-11f1-b455-eeee0a8493c0.OPERATION#flowable-async-job-executor-thread-13259#
Step "Start App" finished#
#2026 05 24 18:46:31.143#Z#DEBUG#3ea96a42-57a0-11f1-b455-eeee0a8493c0.OPERATION#flowable-async-job-executor-thread-13268#
[RestartAppStep] Executing task "startAppTask" of process "db61ce4d-57a0-11f1-b455-eeee0a8493c0"...#
#2026 05 24 18:46:31.144#Z#DEBUG#3ea96a42-57a0-11f1-b455-eeee0a8493c0.OPERATION#flowable-async-job-executor-thread-13268#
[RestartAppStep] Application start timeout is default one: 3,600 seconds#
#2026 05 24 18:46:31.145#Z#DEBUG#3ea96a42-57a0-11f1-b455-eeee0a8493c0.OPERATION#flowable-async-job-executor-thread-13268#
[RestartAppStep] Checking status of application "field-task-cap-srv"...#
#2026 05 24 18:46:31.146#Z#DEBUG#3ea96a42-57a0-11f1-b455-eeee0a8493c0.OPERATION#flowable-async-job-executor-thread-13268#
[RestartAppStep] Getting instances for application "field-task-cap-srv"...#
#2026 05 24 18:46:31.187#Z#DEBUG#3ea96a42-57a0-11f1-b455-eeee0a8493c0.OPERATION#flowable-async-job-executor-thread-13268#
[RestartAppStep] Application "field-task-cap-srv": 0 of 1 instances running (1 crashed)#
#2026 05 24 18:46:31.251#Z#ERROR#3ea96a42-57a0-11f1-b455-eeee0a8493c0.OPERATION#flowable-async-job-executor-thread-13268#
[RestartAppStep] Error starting application "field-task-cap-srv": Some instances have crashed. Check the application logs of your application for details.#
#2026 05 24 18:46:31.257#Z#INFO#3ea96a42-57a0-11f1-b455-eeee0a8493c0.OPERATION#flowable-async-job-executor-thread-13268#
[RestartAppStep] Download the MTA operation logs for more details.#
#2026 05 24 18:46:31.266#Z#DEBUG#3ea96a42-57a0-11f1-b455-eeee0a8493c0.OPERATION#flowable-async-job-executor-thread-13268#
Step "Start App" finished#
